DFC_FACILITY,,,,,,,,,,,,,,,,,,,,,,,,,,,,,,,,,,,,,,,,,,,,,,,,,,,,,,,,,,,,,,,,,,,,,,,,,,,,,,,,,,,,,,,,,,,,,,,,,,,,,,,,,,,,,,,,,,,,,,,,,,,,,,,,,,,,,,,,,,,,,
CMS Certification Number (CCN),Network,Facility Name,Five Star Date,Five Star,Five Star Data Availability Code,Address Line 1,Address Line 2,City/Town,State,ZIP Code,County/Parish,Telephone Number,Profit or Non-Profit,Chain Owned,Chain Organization,Late Shift,# of Dialysis Stations,Offers in-center hemodialysis,Offers peritoneal dialysis,Offers home hemodialysis training,Certification Date,Claims Date,EQRS Date,SMR Date,Patient Survival Category Text,Patient Survival data availability code,Number of Patients included in survival summary,Mortality Rate (Facility),Mortality Rate: Upper Confidence Limit (97.5%),Mortality Rate: Lower Confidence Limit (2.5%),SHR Date,Patient hospitalization category text,Patient Hospitalization data availability Code,Number of patients included in hospitalization summary,Hospitalization Rate (Facility),Hospitalization Rate: Upper Confidence Limit (97.5%),Hospitalization Rate: Lower Confidence Limit (2.5%),SRR Date,Patient Hospital Readmission Category,Patient Hospital Readmission data availability Code,Number of hospitalizations included in hospital readmission summary,Readmission Rate (Facility),Readmission Rate: Upper Confidence Limit (97.5%),Readmission Rate: Lower Confidence Limit (2.5%),STrR Date,Patient Transfusion category text,Patient Transfusion data availability Code,Number of patients included in the transfusion summary,Transfusion Rate (Facility),Transfusion Rate: Upper Confidence Limit (97.5%),Transfusion Rate: Lower Confidence Limit (2.5%),FYSWR Date,FYSWR category text,Patient transplant waitlist data availability code,Number of patients in this facility for FYSWR,First Year Standardized Kidney Transplant Waitlist Ratio,95% C.I. (upper limit) for FYSWR,95% C.I. (lower limit) for FYSWR,PPPW category text,Patient prevalent transplant waitlist data availability code,Number of patients for PPPW,Percentage of Prevalent Patients Waitlisted for Kidney Transplant,95% C.I. (upper limit) for PPPW,95% C.I. (lower limit) for PPPW,SEDR Date,SEDR category text,Emergency Department Encounter data availability Code,Number of patients included in SEDR summary,Standardized ED visits ratio (Facility),SEDR: Upper Confidence Limit (97.5%),SEDR: Lower Confidence Limit (2.5%),ED30 Date,ED30 Category text,Emergency Department Encounter Ratio Occurring within 30 Days of Hospital Discharge data availability Code,Number of hospitalizations included in ED30 summary,Standardized ED visits within 30 days of hospital discharge ratio (Facility),ED30: Upper Confidence Limit (97.5%),ED30: Lower Confidence Limit (2.5%),YEARS Modality Switch BASED UPON,SMoSR: Classification Category (FACILITY),Modality Switch Data Availability Code,SMoSR: Number of Eligible patients (FACILITY),SMoSR: Standardized Modality Switch Ratio (FACILITY),SMoSR: Upper Confidence Limit (FACILITY),SMoSR: Lower Confidence Limit (FACILITY),SIR Date,Patient Infection category text,Patient Infection Data Availability Code,Standard Infection Ratio,SIR: Upper Confidence Limit (97.5%),SIR: Lower Confidence Limit (2.5%),Fistula Category Text,Fistula data availability code,Number of Patients included in fistula summary,Fistula Rate (Facility),Fistula Rate: Upper Confidence Limit (97.5%),Fistula Rate: Lower Confidence Limit (2.5%),HCP Vaccination Data Collection Dates,HCP Vaccination Data Availability Code,Healthcare worker COVID-19 vaccination adherence percentage,Adult HD Kt/V data availability code,Number of adult HD patients with KT/V data,Number of adult HD patient-months with Kt/V data,Percent of Adult HD patients with Kt/V >= 1.2,Adult PD Kt/V data availability code,Number of adult PD patients with KT/V data,Number of adult PD patient-months with Kt/V data,Percentage of Adult PD PTS with Kt/V >= 1.7,Pediatric HD Kt/V Data Availability Code,Number of pediatric HD patients with Kt/V data,Number of pediatric HD patient-months with KT/V data,Percentage of Pediatric HD patients with Kt/V >= 1.2,Pediatric PD Kt/V Data Availability Code,Number of pediatric PD patients with Kt/V data,Number of pediatric PD patient-months with KT/V data,Percentage of pediatric PD patients with Kt/V>=1.8,Percentage of Medicare patients with Hgb<10 g/dL,HGB<10 data availability code,Percentage of Medicare patients with Hgb>12 g/dL,Hgb > 12 data availability code,Number of Dialysis Patients with Hgb data,Hypercalcemia Data Availability Code,Number of patients in hypercalcemia summary,Number of patient-months in hypercalcemia summary,Percentage of Adult patients with hypercalcemia (serum calcium greater than 10.2 mg/dL),Serum phosphorus Data Availability Code,Number of patients in Serum phosphorus summary,Number of patient-months in Serum phosphorus summary,Percentage of Adult patients with serum phosphorus less than 3.5 mg/dL,Percentage of Adult patients with serum phosphorus between 3.5-4.5 mg/dL,Percentage of Adult patients with serum phosphorus between 4.6-5.5 mg/dL,Percentage of Adult patients with serum phosphorus between 5.6-7.0 mg/dL,Percentage of Adult patients with serum phosphorus greater than 7.0 mg/dL,Long term catheter Data Availability Code,Number of patients in long term catheter summary,Number of patient months in long term catheter summary,Percentage of Adult patients with long term catheter in use,nPCR Data Availability Code,Number of patients in nPCR summary,Number of patient-months in nPCR summary,Percentage of pediatric HD patients with nPCR
52305,17,SANTA CLARA VALLEY RENAL CARE CENTER,01Jan2021-31Dec2024,4,1,2220 MOORPARK AVENUE,,SAN JOSE,CA,95128,Santa Clara,(408) 885-5730,Non-profit,No,Independent,Yes,25,Yes,Yes,No,8/22/77,01Oct2024-30Sep2025,01Oct2024-30Sep2025,01Jan2021-31Dec2024,As Expected,1,476,20.6,32.1,13.7,01Jan2024-31Dec2024,As Expected,1,108,106.6,177.1,69.4,01Jan2024-31Dec2024,As Expected,1,71,19.9,32.8,10.5,01Jan2024-31Dec2024,As Expected,1,75,18.4,49,8.8,01Jan2021-31Dec2023,As Expected,1,116,1.2,1.88,0.72,Better than Expected,1,227,31.4,42.9,21.8,01Jan2024-31Dec2024,As Expected,1,87,0.88,1.58,0.57,01Jan2023-31Dec2024,As Expected,1,110,0.55,1.23,0.18,01Jan2021-31Dec2023,As Expected,1,112,0.65,1.2,0.31,01Jan2024-31Dec2024,As Expected,1,0.78,1.35,0.41,As Expected,1,187,70.8,85,53.6,01Jul2025-30Sep2025,1,2,1,158,1585,98,1,73,734,95,259,0,,,259,0,,,5,1,5,1,75,1,247,2576,0,1,256,2663,4,23,31,31,11,1,187,1872,15,259,0,,
52311,18,St. Joseph Hospital Renal Center,01Jan2021-31Dec2024,4,1,Sr. Elizabeth Bldg. 1100 W. Stewart Drive,,Orange,CA,92868,Orange,(714) 771-8037,Non-profit,No,Independent,Yes,39,Yes,Yes,Yes,8/15/77,01Oct2024-30Sep2025,01Oct2024-30Sep2025,01Jan2021-31Dec2024,As Expected,1,462,22.9,34.6,15.7,01Jan2024-31Dec2024,Better than Expected,1,105,78.7,146.4,46.6,01Jan2024-31Dec2024,As Expected,1,48,11.3,28.7,2.9,01Jan2024-31Dec2024,As Expected,1,50,24.7,69.8,11.3,01Jan2021-31Dec2023,As Expected,1,68,1.1,1.93,0.57,As Expected,1,113,25.9,42.7,14.1,01Jan2024-31Dec2024,As Expected,1,51,1.07,2.11,0.64,01Jan2023-31Dec2024,As Expected,1,45,0.69,1.93,0.11,01Jan2021-31Dec2023,As Expected,1,95,0.61,1.32,0.22,01Jan2024-31Dec2024,Better than Expected,1,0.33,0.8,0.11,As Expected,1,143,58.8,77.6,35.9,01Jul2025-30Sep2025,201,,1,122,1092,84,201,0,,,199,6,25,,199,4,21,,2,1,12,1,42,1,137,1369,0,1,143,1417,9,24,27,28,12,1,143,1419,12,199,7,34,
52321,18,Childrens Hospital of Los Angeles,01Jan2021-31Dec2024,,260,"Division of Nephrology (Dialysis) 4650 Sunset Blvd., Box 40",,Los Angeles,CA,90027,Los Angeles,(323) 361-2560,Non-profit,No,Independent,No,10,Yes,Yes,Yes,7/28/77,01Oct2024-30Sep2025,01Oct2024-30Sep2025,01Jan2021-31Dec2024,Not Available,199,46,,,,01Jan2024-31Dec2024,As Expected,1,13,90.4,280.6,33.5,01Jan2024-31Dec2024,Not Available,199,8,,,,01Jan2024-31Dec2024,Not Available,199,3,,,,01Jan2021-31Dec2023,As Expected,1,66,0.8,1.26,0.47,As Expected,1,67,16.3,34.3,6.7,01Jan2024-31Dec2024,Not Available,199,2,,,,01Jan2023-31Dec2024,Not Available,199,0,,,,01Jan2021-31Dec2023,Not Available,199,1,,,,01Jan2024-31Dec2024,Not Available,201,,,,Not Available,199,2,,,,01Jul2025-30Sep2025,1,61,199,2,2,,199,3,17,,1,39,367,52,1,18,146,48,,199,,199,6,199,3,14,,199,4,14,,,,,,199,2,2,,1,41,384,60
52323,18,Kaiser Foundation Hospital Medical Ctr.- Sunset,01Jan2021-31Dec2024,3,1,"Dialysis Unit 4700 Sunset Blvd., 2nd Floor",,Los Angeles,CA,90027,Los Angeles,(323) 783-5580,Non-profit,Yes,Kaiser Permanente,Yes,30,Yes,Yes,Yes,7/25/77,01Oct2024-30Sep2025,01Oct2024-30Sep2025,01Jan2021-31Dec2024,As Expected,1,714,17.7,26.1,12.5,01Jan2024-31Dec2024,As Expected,1,163,114.6,173.2,80.9,01Jan2024-31Dec2024,As Expected,1,115,32.1,45.6,20.6,01Jan2024-31Dec2024,Not Available,199,10,,,,01Jan2021-31Dec2023,As Expected,1,69,0.87,1.9,0.32,Better than Expected,1,157,30.2,44.7,18.7,01Jan2024-31Dec2024,Not Available,199,10,,,,01Jan2023-31Dec2024,As Expected,1,22,2.07,4.92,0.48,01Jan2021-31Dec2023,Worse than Expected,1,60,0.15,0.84,0,01Jan2024-31Dec2024,As Expected,1,0.75,1.56,0.3,As Expected,1,134,68.3,86.8,45.9,01Jul2025-30Sep2025,1,28,1,108,1015,98,1,84,808,85,259,0,,,259,0,,,,201,,201,0,1,213,2020,1,1,218,2072,8,23,31,26,13,1,134,1254,19,259,0,,
52334,18,Arrowhead Regional Medical Center,01Jan2021-31Dec2024,4,1,400 N. Pepper Avenue,,Colton,CA,92324,San Bernardino,(909) 580-3911,Non-profit,No,Independent,No,24,Yes,No,No,4/28/06,01Oct2024-30Sep2025,01Oct2024-30Sep2025,01Jan2021-31Dec2024,As Expected,1,260,15.3,26.5,9.1,01Jan2024-31Dec2024,As Expected,1,57,143.9,245.9,89.6,01Jan2024-31Dec2024,As Expected,1,59,28.4,42.5,16.6,01Jan2024-31Dec2024,As Expected,1,36,33.3,93.8,15.2,01Jan2021-31Dec2023,As Expected,1,50,1.13,2.33,0.45,As Expected,1,104,23.4,41,11.8,01Jan2024-31Dec2024,As Expected,1,43,0.68,1.63,0.36,01Jan2023-31Dec2024,As Expected,1,55,1.13,2.23,0.44,01Jan2021-31Dec2023,As Expected,1,55,0.73,1.7,0.24,01Jan2024-31Dec2024,As Expected,1,0.95,1.8,0.44,As Expected,1,112,73,89.4,53.1,01Jul2025-30Sep2025,201,,1,103,1054,99,257,0,,,259,0,,,259,0,,,9,1,0,1,34,1,106,1082,0,1,112,1129,7,34,38,14,8,1,112,1119,16,259,0,,
52380,18,Kaiser Foundation Hospital Medical Ctr.- Fontana,01Jan2021-31Dec2024,1,1,"Peritoneal Dialysis Unit, 9985 Sierra Avenue MOB-3",,Fontana,CA,92335,San Bernardino,(909) 427-4253,Non-profit,Yes,Kaiser Permanente,No,5,No,Yes,No,7/24/91,01Oct2024-30Sep2025,01Oct2024-30Sep2025,01Jan2021-31Dec2024,Worse than Expected,1,387,34.7,55.5,22.4,01Jan2024-31Dec2024,As Expected,1,117,145.8,243.8,94.5,01Jan2024-31Dec2024,As Expected,1,73,47,72.3,28.9,01Jan2024-31Dec2024,Not Available,199,19,,,,01Jan2021-31Dec2023,As Expected,1,78,0.61,1.26,0.25,As Expected,1,176,25.6,38.3,15.9,01Jan2024-31Dec2024,As Expected,1,20,1.71,3.75,0.79,01Jan2023-31Dec2024,As Expected,1,22,1.26,4.34,0.14,01Jan2021-31Dec2023,Not Available,201,0,,,,01Jan2024-31Dec2024,Not Available,201,,,,Not Available,256,0,,,,01Jul2025-30Sep2025,1,25,256,0,,,1,182,1729,72,259,0,,,259,0,,,,201,,201,0,1,182,1729,1,1,189,1794,4,20,32,31,13,256,0,,,259,0,,
52381,18,Kaiser Foundation Hospital Medical Ctr.- Woodland Hills,01Jan2021-31Dec2024,4,1,"5601 De Soto Avenue, Area 247 Peritoneal Dialysis",,Woodland Hills,CA,91365,Los Angeles,(818) 719-3610,Non-profit,Yes,Kaiser Permanente,No,3,No,Yes,No,10/2/91,01Oct2024-30Sep2025,01Oct2024-30Sep2025,01Jan2021-31Dec2024,As Expected,1,257,16,28.3,9.2,01Jan2024-31Dec2024,As Expected,1,65,85.8,177.6,45,01Jan2024-31Dec2024,As Expected,1,29,32,57,14.7,01Jan2024-31Dec2024,Not Available,199,3,,,,01Jan2021-31Dec2023,As Expected,1,26,0.83,3.01,0.1,Better than Expected,1,53,43.7,67.8,22.3,01Jan2024-31Dec2024,Not Available,199,3,,,,01Jan2023-31Dec2024,Not Available,199,3,,,,01Jan2021-31Dec2023,Not Available,201,0,,,,01Jan2024-31Dec2024,Not Available,201,,,,Not Available,256,0,,,,01Jul2025-30Sep2025,201,,256,0,,,1,74,704,52,259,0,,,259,0,,,,201,,201,0,1,74,704,0,1,77,723,6,19,33,31,10,256,0,,,259,0,,
52382,18,Kaiser Foundation Hospital Medical Ctr.- Riverside,01Jan2021-31Dec2024,4,1,"Peritoneal Dialysis Unit, 10800 Magnolia Avenue, Module 1X",,Riverside,CA,92505,Riverside,(951) 353-4887,Non-profit,Yes,Kaiser Permanente,No,4,No,Yes,No,11/25/92,01Oct2024-30Sep2025,01Oct2024-30Sep2025,01Jan2021-31Dec2024,As Expected,1,330,25.9,41,16.9,01Jan2024-31Dec2024,As Expected,1,85,84.2,167.5,45.8,01Jan2024-31Dec2024,As Expected,1,29,36.8,65,15.5,01Jan2024-31Dec2024,Not Available,199,1,,,,01Jan2021-31Dec2023,As Expected,1,34,2.3,4.74,0.93,Better than Expected,1,109,35.8,53.3,21.4,01Jan2024-31Dec2024,Not Available,199,1,,,,01Jan2023-31Dec2024,As Expected,1,11,0,3.68,0,01Jan2021-31Dec2023,Not Available,201,0,,,,01Jan2024-31Dec2024,Not Available,201,,,,Not Available,256,0,,,,01Jul2025-30Sep2025,1,79,256,0,,,1,120,1136,85,259,0,,,259,0,,,,201,,201,0,1,120,1136,1,1,124,1114,6,21,30,26,17,256,0,,,259,0,,
52384,18,Kaiser Foundation Hospital Medical Ctr.- West Los Angeles,01Jan2021-31Dec2024,3,1,"Dialysis Unit 6041 Cadillac Avenue, Suite 442",,Los Angeles,CA,90034,Los Angeles,(323) 857-3245,Non-profit,Yes,Kaiser Permanente,No,5,No,Yes,No,4/26/93,01Oct2024-30Sep2025,01Oct2024-30Sep2025,01Jan2021-31Dec2024,As Expected,1,226,29.4,47.2,18.2,01Jan2024-31Dec2024,As Expected,1,53,65.8,159,30.6,01Jan2024-31Dec2024,As Expected,1,21,26.3,60.5,6.2,01Jan2024-31Dec2024,Not Available,199,8,,,,01Jan2021-31Dec2023,As Expected,1,33,0.66,1.93,0.14,Better than Expected,1,77,34,55.2,17.8,01Jan2024-31Dec2024,Not Available,199,8,,,,01Jan2023-31Dec2024,Not Available,199,6,,,,01Jan2021-31Dec2023,Not Available,201,0,,,,01Jan2024-31Dec2024,Not Available,201,,,,Not Available,256,0,,,,01Jul2025-30Sep2025,201,,256,0,,,1,93,821,57,259,0,,,259,0,,,,201,,201,0,1,93,821,4,1,93,636,3,22,34,26,14,256,0,,,259,0,,
52389,18,Kaiser Foundation Hospital Medical Ctr.- Downey,01Jan2021-31Dec2024,5,1,"CAPD Department-Basement, 9333 E. Imperial Hwy",,Downey,CA,90242,Los Angeles,(562) 657-9170,Non-profit,Yes,Kaiser Permanente,No,6,No,Yes,No,12/1/94,01Oct2024-30Sep2025,01Oct2024-30Sep2025,01Jan2021-31Dec2024,As Expected,1,418,25.1,42.6,15.1,01Jan2024-31Dec2024,As Expected,1,96,102.5,187.5,61.6,01Jan2024-31Dec2024,As Expected,1,47,20.5,43.9,6.8,01Jan2024-31Dec2024,Not Available,199,11,,,,01Jan2021-31Dec2023,Better than Expected,1,79,1.88,3.01,1.1,Better than Expected,1,164,44.3,58.6,30.9,01Jan2024-31Dec2024,Not Available,199,12,,,,01Jan2023-31Dec2024,Not Available,199,10,,,,01Jan2021-31Dec2023,Not Available,201,0,,,,01Jan2024-31Dec2024,Not Available,201,,,,Not Available,256,0,,,,01Jul2025-30Sep2025,201,,256,0,,,1,174,1613,61,259,0,,,259,0,,,,201,,201,0,1,174,1613,1,1,185,1629,3,16,30,32,20,256,0,,,259,0,,
52390,17,LUCILE PACKARD STANFORD PEDIATRIC DIALYSIS,01Jan2021-31Dec2024,1,1,725 WELCH ROAD PEDIATRIC DIALYSIS  RM 1229,,PALO ALTO,CA,94304,Santa Clara,(650) 724-1000,Non-profit,No,Independent,No,6,Yes,Yes,No,4/13/95,01Oct2024-30Sep2025,01Oct2024-30Sep2025,01Jan2021-31Dec2024,As Expected,1,123,38.5,62.6,22.2,01Jan2024-31Dec2024,As Expected,1,43,151.2,284.9,86.8,01Jan2024-31Dec2024,As Expected,1,30,27.2,45.6,13.3,01Jan2024-31Dec2024,Not Available,199,14,,,,01Jan2021-31Dec2023,As Expected,1,47,1.36,2.44,0.68,As Expected,1,41,30.3,54.7,13.5,01Jan2024-31Dec2024,Not Available,199,17,,,,01Jan2023-31Dec2024,As Expected,1,16,0,2.27,0,01Jan2021-31Dec2023,As Expected,1,46,0,1.21,0,01Jan2024-31Dec2024,Not Available,201,,,,Not Available,199,4,,,,01Jul2025-30Sep2025,201,,199,3,20,,199,1,11,,199,9,47,,1,14,140,66,,201,,201,0,199,4,29,,199,5,20,,,,,,199,4,21,,1,23,137,53
52392,17,KAISER PERMANENTE - SANTA CLARA,01Jan2021-31Dec2024,5,1,710 LAWRENCE EXPRESSWAY #460,,SANTA CLARA,CA,95051,Santa Clara,(408) 436-4300,Non-profit,Yes,Kaiser Permanente,No,5,No,Yes,No,6/20/96,01Oct2024-30Sep2025,01Oct2024-30Sep2025,01Jan2021-31Dec2024,As Expected,1,57,27.8,57.1,11.5,01Jan2024-31Dec2024,As Expected,1,17,98.1,275.9,39.6,01Jan2024-31Dec2024,Not Available,199,10,,,,01Jan2024-31Dec2024,Not Available,199,6,,,,01Jan2021-31Dec2023,Not Available,199,11,,,,Better than Expected,1,33,49.6,74.6,24.8,01Jan2024-31Dec2024,Not Available,199,6,,,,01Jan2023-31Dec2024,Not Available,199,6,,,,01Jan2021-31Dec2023,Not Available,201,0,,,,01Jan2024-31Dec2024,Not Available,201,,,,Not Available,256,0,,,,01Jul2025-30Sep2025,199,,256,0,,,1,34,350,99,259,0,,,259,0,,,,199,,199,2,1,34,350,0,1,36,370,3,28,38,25,6,256,0,,,259,0,,
52394,18,Kaiser Foundation Hospital Medical Ctr.- Anaheim,01Jan2021-31Dec2024,4,1,"Peritoneal Dialysis Unit, 3460 E. La Palma Avenue",,Anaheim,CA,92806,Orange,(714) 644-2312,Non-profit,Yes,Kaiser Permanente,No,5,No,Yes,No,11/30/99,01Oct2024-30Sep2025,01Oct2024-30Sep2025,01Jan2021-31Dec2024,As Expected,1,298,18.1,31.7,10.6,01Jan2024-31Dec2024,As Expected,1,74,115.4,223.6,64.2,01Jan2024-31Dec2024,As Expected,1,33,17.3,40.9,4.6,01Jan2024-31Dec2024,Not Available,199,5,,,,01Jan2021-31Dec2023,Better than Expected,1,58,2.24,3.69,1.25,Better than Expected,1,116,45.1,61.8,29.4,01Jan2024-31Dec2024,Not Available,199,6,,,,01Jan2023-31Dec2024,As Expected,1,13,0,4.16,0,01Jan2021-31Dec2023,Not Available,201,0,,,,01Jan2024-31Dec2024,Not Available,201,,,,Not Available,256,0,,,,01Jul2025-30Sep2025,201,,256,0,,,1,122,1080,66,259,0,,,259,0,,,,201,,201,0,1,122,1080,8,1,122,867,2,18,29,38,12,256,0,,,259,0,,
52395,18,Childrens Hospital of San Diego,01Jan2021-31Dec2024,,260,"3020 Childrens Way, MC 5115",,San Diego,CA,92123,San Diego,(858) 966-8882,Non-profit,No,Independent,No,5,Yes,Yes,No,4/16/06,01Oct2024-30Sep2025,01Oct2024-30Sep2025,01Jan2021-31Dec2024,Not Available,199,13,,,,01Jan2024-31Dec2024,Not Available,199,3,,,,01Jan2024-31Dec2024,Not Available,199,6,,,,01Jan2024-31Dec2024,Not Available,199,1,,,,01Jan2021-31Dec2023,As Expected,1,11,0.8,2.05,0.22,As Expected,1,30,23.8,52.4,8.1,01Jan2024-31Dec2024,Not Available,199,1,,,,01Jan2023-31Dec2024,Not Available,199,3,,,,01Jan2021-31Dec2023,Not Available,199,2,,,,01Jan2024-31Dec2024,Not Available,199,,,,Not Available,199,7,,,,01Jul2025-30Sep2025,201,,199,5,38,,199,1,9,,199,7,54,,1,14,80,90,,201,,201,0,199,6,48,,199,7,53,,,,,,199,7,44,,1,11,81,99
52398,17,KAISER HOSPITAL ESRD PD UNIT,01Jan2021-31Dec2024,5,1,27303 SLEEPY HOLLOW,,HAYWARD,CA,94545,Alameda,(510) 784-2079,Non-profit,Yes,Kaiser Permanente,No,10,No,Yes,No,3/18/05,01Oct2024-30Sep2025,01Oct2024-30Sep2025,01Jan2021-31Dec2024,As Expected,1,490,17.6,29.7,10.7,01Jan2024-31Dec2024,As Expected,1,121,120.4,207.9,76,01Jan2024-31Dec2024,As Expected,1,59,34.4,60.4,15.8,01Jan2024-31Dec2024,Not Available,199,11,,,,01Jan2021-31Dec2023,Better than Expected,1,81,2.44,3.91,1.42,Better than Expected,1,164,55.2,68.8,40.8,01Jan2024-31Dec2024,Not Available,199,12,,,,01Jan2023-31Dec2024,As Expected,1,11,1.18,5.57,0.02,01Jan2021-31Dec2023,Not Available,201,0,,,,01Jan2024-31Dec2024,Not Available,201,,,,Not Available,256,0,,,,01Jul2025-30Sep2025,1,34,256,0,,,1,176,1599,87,259,0,,,259,0,,,,199,,199,4,1,176,1599,0,1,192,1697,3,21,34,30,11,256,0,,,259,0,,
52399,18,Kaiser Foundation Hospital Medical Ctr.- Baldwin Park,01Jan2021-31Dec2024,3,1,Peritoneal Dialysis Unit 1813 N Hacienda Blvd.,,LA PUENTE,CA,91744,Los Angeles,(626) 931-3580,Non-profit,Yes,Kaiser Permanente,No,6,No,Yes,No,2/7/06,01Oct2024-30Sep2025,01Oct2024-30Sep2025,01Jan2021-31Dec2024,As Expected,1,345,31.5,51.9,19.7,01Jan2024-31Dec2024,As Expected,1,74,80,179,39.2,01Jan2024-31Dec2024,As Expected,1,26,27,62.4,7.2,01Jan2024-31Dec2024,Not Available,199,4,,,,01Jan2021-31Dec2023,As Expected,1,44,0.76,2.21,0.16,Better than Expected,1,112,39,56.4,24,01Jan2024-31Dec2024,Not Available,199,4,,,,01Jan2023-31Dec2024,Not Available,199,4,,,,01Jan2021-31Dec2023,Not Available,201,0,,,,01Jan2024-31Dec2024,Not Available,201,,,,Not Available,256,0,,,,01Jul2025-30Sep2025,201,,256,0,,,1,127,1242,49,259,0,,,259,0,,,,201,,201,0,1,127,1242,14,1,127,1008,6,23,33,25,14,256,0,,,259,0,,
52403,17,KAISER PERMANENTE MARTINEZ,01Jan2021-31Dec2024,4,1,"200 MUIR ROAD, HACIENDA BUILDING, SECOND FLOOR",,MARTINEZ,CA,94553,Contra Costa,(925) 372-1445,Non-profit,Yes,Kaiser Permanente,No,0,No,Yes,No,2/16/10,01Oct2024-30Sep2025,01Oct2024-30Sep2025,01Jan2021-31Dec2024,As Expected,1,500,28.2,43.5,18.9,01Jan2024-31Dec2024,As Expected,1,131,147.9,237.6,99.1,01Jan2024-31Dec2024,As Expected,1,76,39.7,56.9,24.4,01Jan2024-31Dec2024,Not Available,199,16,,,,01Jan2021-31Dec2023,Better than Expected,1,66,2.44,4.09,1.33,Better than Expected,1,121,51.9,67.4,36,01Jan2024-31Dec2024,As Expected,1,17,0.5,2.02,0.13,01Jan2023-31Dec2024,As Expected,1,30,0.9,2.43,0.19,01Jan2021-31Dec2023,Not Available,201,0,,,,01Jan2024-31Dec2024,Not Available,201,,,,Not Available,256,0,,,,01Jul2025-30Sep2025,1,56,256,0,,,1,159,1425,84,259,0,,,259,0,,,,199,,199,4,1,159,1425,0,1,163,1412,4,22,28,26,19,256,0,,,259,0,,
52404,18,Kaiser Foundation Hospital Medical Ctr.- Ontario,01Jan2021-31Dec2024,3,1,2295 South Vineyard Avenue,,Ontario,CA,91761,San Bernardino,(909) 724-3039,Non-profit,Yes,Kaiser Permanente,No,3,No,Yes,No,8/6/14,01Oct2024-30Sep2025,01Oct2024-30Sep2025,01Jan2021-31Dec2024,As Expected,1,243,19.4,34.9,11.1,01Jan2024-31Dec2024,As Expected,1,61,133,235.5,81.1,01Jan2024-31Dec2024,As Expected,1,37,49.8,79.2,25.4,01Jan2024-31Dec2024,Not Available,199,8,,,,01Jan2021-31Dec2023,As Expected,1,23,0.42,2.33,0.01,As Expected,1,68,33.5,56.6,16.2,01Jan2024-31Dec2024,Not Available,199,8,,,,01Jan2023-31Dec2024,Not Available,199,9,,,,01Jan2021-31Dec2023,Not Available,201,0,,,,01Jan2024-31Dec2024,Not Available,201,,,,Not Available,256,0,,,,01Jul2025-30Sep2025,1,100,256,0,,,1,76,666,92,259,0,,,259,0,,,,201,,201,0,1,76,666,0,1,81,720,6,21,28,32,13,256,0,,,259,0,,
52405,17,UC Davis Medical Center Pediatric,01Jan2021-31Dec2024,,260,2521 Stockton Blvd,Department of Pediatrics,SACRAMENTO,CA,95817,Sacramento,(916) 734-3778,Non-profit,No,Independent,No,1,No,Yes,Yes,8/3/16,01Oct2024-30Sep2025,01Oct2024-30Sep2025,01Jan2021-31Dec2024,Not Available,199,3,,,,01Jan2024-31Dec2024,Not Available,201,0,,,,01Jan2024-31Dec2024,Not Available,199,0,,,,01Jan2024-31Dec2024,Not Available,201,0,,,,01Jan2021-31Dec2023,Better than Expected,1,13,4.34,8.25,1.99,Better than Expected,1,17,72.3,92.9,34.1,01Jan2024-31Dec2024,Not Available,201,0,,,,01Jan2023-31Dec2024,Not Available,199,1,,,,01Jan2021-31Dec2023,Not Available,201,0,,,,01Jan2024-31Dec2024,Not Available,201,,,,Not Available,201,0,,,,01Jul2025-30Sep2025,201,,201,0,,,199,2,17,,201,0,,,1,14,99,99,,201,,201,0,199,2,17,,199,2,17,,,,,,201,0,,,201,0,,
52406,18,Loma Linda University Children's Hospital Pediatric Chronic Dialysis,01Jan2021-31Dec2024,,260,"Childrens Hospital 11234 Anderson St., Rm. 4219",,Loma Linda,CA,92354,San Bernardino,(909) 558-8218,Non-profit,No,Independent,No,5,Yes,No,No,8/11/77,01Oct2024-30Sep2025,01Oct2024-30Sep2025,01Jan2021-31Dec2024,Not Available,199,6,,,,01Jan2024-31Dec2024,Not Available,199,2,,,,01Jan2024-31Dec2024,Not Available,199,0,,,,01Jan2024-31Dec2024,Not Available,199,1,,,,01Jan2021-31Dec2023,Not Available,199,7,,,,As Expected,1,23,26.4,63.5,6.9,01Jan2024-31Dec2024,Not Available,199,1,,,,01Jan2023-31Dec2024,Not Available,199,0,,,,01Jan2021-31Dec2023,Not Available,201,0,,,,01Jan2024-31Dec2024,As Expected,1,0.29,1.44,0.02,Not Available,199,6,,,,01Jul2025-30Sep2025,199,,199,6,43,,257,0,,,1,11,73,97,199,1,12,,,199,,199,2,199,6,39,,199,6,43,,,,,,199,6,43,,1,15,113,97
52407,18,Kaiser Foundation Hospital Medical Ctr.- Moreno Valley,01Jan2021-31Dec2024,4,1,27200 Iris Avenue,,Moreno Valley,CA,92555,Riverside,(951) 251-6205,Non-profit,Yes,Kaiser Permanente,No,3,No,Yes,No,10/4/19,01Oct2024-30Sep2025,01Oct2024-30Sep2025,01Jan2021-31Dec2024,As Expected,1,169,22.5,42.8,11.3,01Jan2024-31Dec2024,As Expected,1,53,97.1,212,49.4,01Jan2024-31Dec2024,As Expected,1,21,38.4,73.9,12.9,01Jan2024-31Dec2024,Not Available,199,4,,,,01Jan2021-31Dec2023,As Expected,1,31,1.7,3.71,0.63,Better than Expected,1,75,42.6,62.8,24.5,01Jan2024-31Dec2024,Not Available,199,4,,,,01Jan2023-31Dec2024,Not Available,199,5,,,,01Jan2021-31Dec2023,Not Available,201,0,,,,01Jan2024-31Dec2024,Not Available,201,,,,Not Available,256,0,,,,01Jul2025-30Sep2025,201,,256,0,,,1,77,679,90,259,0,,,259,0,,,,201,,201,0,1,77,679,0,1,79,700,12,27,27,23,10,256,0,,,259,0,,
52502,18,DaVita Kidney Dialysis Care Unit,01Jan2021-31Dec2024,2,1,3600 E. Martin Luther King Jr. Blvd.,,Lynwood,CA,90262,Los Angeles,(310) 886-5156,Profit,Yes,DaVita,No,40,Yes,No,No,12/14/77,01Oct2024-30Sep2025,01Oct2024-30Sep2025,01Jan2021-31Dec2024,As Expected,1,508,21.9,33,15.1,01Jan2024-31Dec2024,As Expected,1,125,184.1,260.6,137.3,01Jan2024-31Dec2024,As Expected,1,148,26.3,35,18.5,01Jan2024-31Dec2024,As Expected,1,47,46.2,107.6,24.3,01Jan2021-31Dec2023,As Expected,1,69,0.6,1.75,0.12,As Expected,1,137,10.6,25.1,4,01Jan2024-31Dec2024,As Expected,1,53,0.92,1.79,0.56,01Jan2023-31Dec2024,As Expected,1,117,1.16,1.93,0.59,01Jan2021-31Dec2023,As Expected,1,86,1.13,2.14,0.51,01Jan2024-31Dec2024,Better than Expected,1,0.31,0.69,0.11,As Expected,1,176,62.6,78.9,42.9,01Jul2025-30Sep2025,1,0,280,174,1600,,280,0,,,280,0,,,280,0,,,31,1,0,1,48,280,175,1605,,280,181,1646,,,,,,1,176,1610,26,280,0,,
52503,18,DaVita Mainplace Dialysis Center,01Jan2021-31Dec2024,3,1,146 South Main Street,,Orange,CA,92868,Orange,(714) 938-0870,Profit,Yes,DaVita,Yes,36,Yes,Yes,Yes,8/17/77,01Oct2024-30Sep2025,01Oct2024-30Sep2025,01Jan2021-31Dec2024,As Expected,1,515,23.7,36,16.1,01Jan2024-31Dec2024,As Expected,1,130,149.2,223,106.3,01Jan2024-31Dec2024,As Expected,1,109,33.4,47.4,21.9,01Jan2024-31Dec2024,As Expected,1,61,33.7,71.9,19,01Jan2021-31Dec2023,As Expected,1,93,0.76,1.49,0.33,As Expected,1,241,20.6,31.9,12.6,01Jan2024-31Dec2024,As Expected,1,67,1.02,1.77,0.68,01Jan2023-31Dec2024,As Expected,1,120,0.77,1.44,0.34,01Jan2021-31Dec2023,As Expected,1,67,1.01,2.2,0.37,01Jan2024-31Dec2024,Better than Expected,1,0.1,0.49,0.01,As Expected,1,214,71.5,84.5,55.7,01Jul2025-30Sep2025,1,1,280,170,1478,,280,51,425,,280,0,,,280,0,,,7,1,0,1,46,280,248,2240,,280,263,2196,,,,,,1,214,1890,13,280,0,,
52505,18,DaVita Fullerton Dialysis,01Jan2021-31Dec2024,3,1,238 Orangefair Mall,,Fullerton,CA,92832,Orange,(714) 447-3045,Profit,Yes,DaVita,No,25,Yes,No,No,9/27/93,01Oct2024-30Sep2025,01Oct2024-30Sep2025,01Jan2021-31Dec2024,As Expected,1,418,29.4,43.4,20.6,01Jan2024-31Dec2024,As Expected,1,87,152.9,244.8,100.8,01Jan2024-31Dec2024,As Expected,1,71,26,40.4,14.9,01Jan2024-31Dec2024,As Expected,1,32,32.4,107.1,13.1,01Jan2021-31Dec2023,As Expected,1,49,0.22,1.21,0.01,As Expected,1,90,10.5,30,3.1,01Jan2024-31Dec2024,As Expected,1,39,1.4,2.48,0.82,01Jan2023-31Dec2024,As Expected,1,65,0.57,1.3,0.18,01Jan2021-31Dec2023,As Expected,1,78,1.56,2.87,0.75,01Jan2024-31Dec2024,As Expected,1,0.56,1.25,0.21,As Expected,1,113,65.4,84.2,42.4,01Jul2025-30Sep2025,1,0,280,100,930,,280,0,,,280,0,,,280,0,,,10,1,0,1,31,280,107,1005,,280,114,1046,,,,,,1,113,1048,16,280,0,,
52513,18,FMC-SANTA BARBARA COMMUNITY DIALYSIS CENTER,01Jan2021-31Dec2024,5,1,222 Pesetas Lane,,Santa Barbara,CA,93110,Santa Barbara,(805) 964-7873,Profit,Yes,Fresenius Medical Care,No,14,Yes,Yes,No,8/29/78,01Oct2024-30Sep2025,01Oct2024-30Sep2025,01Jan2021-31Dec2024,Better than Expected,1,273,11.6,19.6,7.1,01Jan2024-31Dec2024,As Expected,1,70,106.7,188.6,64.5,01Jan2024-31Dec2024,As Expected,1,56,19.6,34.8,8.9,01Jan2024-31Dec2024,As Expected,1,40,13.6,59,4.5,01Jan2021-31Dec2023,As Expected,1,32,0,1.48,0,As Expected,1,67,29.6,53.6,13.3,01Jan2024-31Dec2024,As Expected,1,49,1.24,2.23,0.79,01Jan2023-31Dec2024,As Expected,1,71,1.25,2.27,0.53,01Jan2021-31Dec2023,Worse than Expected,1,47,0,0.81,0,01Jan2024-31Dec2024,As Expected,1,1.1,2.3,0.45,Better than Expected,1,92,76.8,95.1,58.6,01Jul2025-30Sep2025,201,,1,88,829,99,199,2,22,,259,0,,,259,0,,,3,1,0,1,38,1,91,865,1,1,96,902,9,24,25,26,15,1,92,872,7,259,0,,
52514,17,SHC Stevens Creek,01Jan2021-31Dec2024,3,1,4360-A Stevens Creek Blvd,,SAN JOSE,CA,95129,Santa Clara,(408) 517-5777,Non-profit,Yes,"US Renal Care, Inc.",Yes,42,Yes,No,No,8/10/77,01Oct2024-30Sep2025,01Oct2024-30Sep2025,01Jan2021-31Dec2024,As Expected,1,404,24.5,37,16.8,01Jan2024-31Dec2024,As Expected,1,102,109.5,186.3,69.9,01Jan2024-31Dec2024,As Expected,1,71,29.7,46.4,15.9,01Jan2024-31Dec2024,As Expected,1,53,27,71.8,12.9,01Jan2021-31Dec2023,As Expected,1,35,0.93,2.72,0.19,Better than Expected,1,98,32.3,51.7,17.5,01Jan2024-31Dec2024,As Expected,1,62,0.91,1.85,0.54,01Jan2023-31Dec2024,As Expected,1,55,1.16,2.42,0.42,01Jan2021-31Dec2023,As Expected,1,66,0.72,1.84,0.2,01Jan2024-31Dec2024,As Expected,1,0.82,1.51,0.4,As Expected,1,150,58.6,77.3,35.9,01Jul2025-30Sep2025,1,0,1,119,1002,93,257,0,,,259,0,,,259,0,,,20,1,0,1,50,1,141,1184,1,1,153,1245,8,20,25,30,16,1,150,1222,23,259,0,,
52515,18,USRC LOS ALAMITOS DIALYSIS,01Jan2021-31Dec2024,3,1,3810 Katella Avenue,,Los Alamitos,CA,90720,Orange,(562) 598-9527,Profit,Yes,"US Renal Care, Inc.",No,32,Yes,No,No,8/15/77,01Oct2024-30Sep2025,01Oct2024-30Sep2025,01Jan2021-31Dec2024,As Expected,1,359,26.8,37.2,19.9,01Jan2024-31Dec2024,As Expected,1,78,141.6,220,95.8,01Jan2024-31Dec2024,As Expected,1,94,29.2,40.2,19.9,01Jan2024-31Dec2024,As Expected,1,43,15.8,58.7,5.9,01Jan2021-31Dec2023,As Expected,1,43,0.52,1.86,0.06,As Expected,1,66,16.6,42,5.2,01Jan2024-31Dec2024,As Expected,1,50,0.45,1.22,0.21,01Jan2023-31Dec2024,Better than Expected,1,103,0.28,0.84,0.05,01Jan2021-31Dec2023,As Expected,1,81,0.5,1.47,0.1,01Jan2024-31Dec2024,As Expected,1,0.61,1.21,0.27,As Expected,1,106,56.7,79.3,29.3,01Jul2025-30Sep2025,1,0,1,97,817,99,257,0,,,259,0,,,259,0,,,52,1,0,1,42,1,104,859,1,1,113,942,13,24,29,24,10,1,106,908,31,259,0,,
52521,18,DaVita Antelope Valley Dialysis,01Jan2021-31Dec2024,1,1,"1759 W. Avenue J, Suite 102",,Lancaster,CA,93534,Los Angeles,(661) 942-6400,Profit,Yes,DaVita,No,30,Yes,Yes,No,8/4/77,01Oct2024-30Sep2025,01Oct2024-30Sep2025,01Jan2021-31Dec2024,As Expected,1,586,28.1,41.6,19.6,01Jan2024-31Dec2024,As Expected,1,144,168.2,242,123.8,01Jan2024-31Dec2024,As Expected,1,128,34,45.3,23.3,01Jan2024-31Dec2024,Worse than Expected,1,83,62.4,106.6,41.6,01Jan2021-31Dec2023,As Expected,1,62,0.52,1.51,0.11,As Expected,1,185,16.5,28.9,8.7,01Jan2024-31Dec2024,Worse than Expected,1,95,1.58,2.32,1.18,01Jan2023-31Dec2024,As Expected,1,151,1.44,2.12,0.93,01Jan2021-31Dec2023,As Expected,1,95,0.45,1.15,0.12,01Jan2024-31Dec2024,Better than Expected,1,0.4,0.83,0.16,As Expected,1,190,52.7,68.7,33.1,01Jul2025-30Sep2025,1,0,280,166,1411,,280,21,210,,280,0,,,280,0,,,28,1,0,1,68,280,206,1863,,280,209,1758,,,,,,1,190,1677,25,280,0,,
52522,18,"Mobile Dialysis Services, Inc. (Compton)",01Jan2021-31Dec2024,1,1,801 W. Compton Blvd.,,Compton,CA,90220,Los Angeles,(310) 637-9026,Profit,No,Independent,No,36,Yes,No,No,9/1/76,01Oct2024-30Sep2025,01Oct2024-30Sep2025,01Jan2021-31Dec2024,As Expected,1,102,24.4,40.1,13.9,01Jan2024-31Dec2024,As Expected,1,23,222.2,418.7,127.6,01Jan2024-31Dec2024,As Expected,1,24,36.7,58,18.1,01Jan2024-31Dec2024,Not Available,199,12,,,,01Jan2021-31Dec2023,Not Available,199,11,,,,As Expected,1,32,12.1,54.1,1.6,01Jan2024-31Dec2024,As Expected,1,15,0.85,2.28,0.32,01Jan2023-31Dec2024,As Expected,1,25,1.05,2.89,0.19,01Jan2021-31Dec2023,As Expected,1,14,1.35,4.89,0.16,01Jan2024-31Dec2024,Not Available,201,,,,Worse than Expected,1,35,0,0,0,01Jul2025-30Sep2025,201,,1,35,315,28,257,0,,,259,0,,,259,0,,,,199,,199,9,1,37,344,86,199,10,12,,,,,,1,35,323,95,259,0,,
52523,18,BIO-MEDICAL LONG BEACH COMMUNITY HEMODIALYSIS UNIT,01Jan2021-31Dec2024,2,1,1525 Long Beach Blvd,,Long Beach,CA,90813,Los Angeles,(562) 283-6195,Profit,Yes,Fresenius Medical Care,No,16,Yes,No,No,8/5/77,01Oct2024-30Sep2025,01Oct2024-30Sep2025,01Jan2021-31Dec2024,As Expected,1,358,17.5,30.2,10.4,01Jan2024-31Dec2024,As Expected,1,83,144,229.1,95.4,01Jan2024-31Dec2024,As Expected,1,69,30.8,46.5,18.3,01Jan2024-31Dec2024,As Expected,1,41,34.1,90.6,16.3,01Jan2021-31Dec2023,Worse than Expected,1,52,0.17,0.96,0,As Expected,1,104,16,35.2,6.2,01Jan2024-31Dec2024,As Expected,1,48,0.92,1.94,0.52,01Jan2023-31Dec2024,As Expected,1,82,0.9,1.66,0.38,01Jan2021-31Dec2023,Worse than Expected,1,68,0.14,0.8,0,01Jan2024-31Dec2024,Better than Expected,1,0,0.34,,As Expected,1,116,61.4,81.1,37.5,01Jul2025-30Sep2025,201,,1,112,894,98,257,0,,,259,0,,,259,0,,,19,1,0,1,32,1,115,990,1,1,117,1003,11,18,27,24,20,1,116,1009,18,259,0,,
52524,17,BMA SANTA ROSA,01Jan2021-31Dec2024,4,1,1020 SECOND STREET,,SANTA ROSA,CA,95404,Sonoma,(707) 527-5350,Profit,Yes,Fresenius Medical Care,No,16,Yes,Yes,No,8/18/77,01Oct2024-30Sep2025,01Oct2024-30Sep2025,01Jan2021-31Dec2024,As Expected,1,213,16.1,25.1,10.3,01Jan2024-31Dec2024,As Expected,1,59,130.9,204.8,88.8,01Jan2024-31Dec2024,As Expected,1,69,17.3,30.3,8.2,01Jan2024-31Dec2024,As Expected,1,29,34.6,114.5,14,01Jan2021-31Dec2023,Not Available,199,15,,,,As Expected,1,53,27.9,56.7,10.3,01Jan2024-31Dec2024,Worse than Expected,1,36,1.72,2.78,1.11,01Jan2023-31Dec2024,Worse than Expected,1,80,1.85,2.84,1.05,01Jan2021-31Dec2023,As Expected,1,35,0.39,2.17,0.01,01Jan2024-31Dec2024,As Expected,1,0.42,1.38,0.07,As Expected,1,74,51.5,75.5,27.8,01Jul2025-30Sep2025,201,,1,61,507,98,201,0,,,259,0,,,259,0,,,29,1,0,1,24,1,71,626,0,1,73,645,8,25,32,24,10,1,74,644,16,259,0,,
52525,18,DaVita Escondido Dialysis,01Jan2021-31Dec2024,4,1,203 E. Second Avenue,,Escondido,CA,92025,San Diego,(760) 743-4401,Profit,Yes,DaVita,No,19,Yes,No,No,4/22/77,01Oct2024-30Sep2025,01Oct2024-30Sep2025,01Jan2021-31Dec2024,As Expected,1,431,16.4,26.2,10.6,01Jan2024-31Dec2024,As Expected,1,101,98.4,167.9,62.7,01Jan2024-31Dec2024,Better than Expected,1,63,9.5,22.4,2.6,01Jan2024-31Dec2024,As Expected,1,38,21.8,80.7,8.1,01Jan2021-31Dec2023,As Expected,1,31,0.29,1.6,0.01,As Expected,1,95,21.4,42.5,9.1,01Jan2024-31Dec2024,As Expected,1,39,0.72,1.54,0.36,01Jan2023-31Dec2024,As Expected,1,58,0.84,1.65,0.33,01Jan2021-31Dec2023,As Expected,1,59,1.21,2.49,0.49,01Jan2024-31Dec2024,As Expected,1,0.38,1.04,0.1,As Expected,1,124,61.1,81.1,36.8,01Jul2025-30Sep2025,1,3,280,116,1102,,280,0,,,280,0,,,280,0,,,17,1,0,1,23,280,118,1128,,280,126,1169,,,,,,1,124,1162,10,280,0,,
52526,17,SHC Larkspur,01Jan2021-31Dec2024,4,1,565 SIR FRANCIS DRAKE BLVD.,,GREENBRAE,CA,94904,Marin,(415) 924-8622,Non-profit,Yes,"US Renal Care, Inc.",No,23,Yes,Yes,No,8/18/77,01Oct2024-30Sep2025,01Oct2024-30Sep2025,01Jan2021-31Dec2024,As Expected,1,295,20.5,30.8,14.2,01Jan2024-31Dec2024,As Expected,1,73,174.1,266.2,119.5,01Jan2024-31Dec2024,As Expected,1,88,25.6,36.8,16,01Jan2024-31Dec2024,As Expected,1,41,15.2,65.9,5,01Jan2021-31Dec2023,As Expected,1,38,0.76,1.93,0.21,As Expected,1,83,31.5,52.3,16.2,01Jan2024-31Dec2024,As Expected,1,50,1.17,2.12,0.74,01Jan2023-31Dec2024,As Expected,1,88,1.55,2.63,0.82,01Jan2021-31Dec2023,As Expected,1,64,0.64,1.5,0.21,01Jan2024-31Dec2024,Better than Expected,1,0.35,0.94,0.09,As Expected,1,111,74.5,92,53.2,01Jul2025-30Sep2025,1,0,1,95,885,97,1,14,126,86,259,0,,,259,0,,,23,1,0,1,39,1,123,1127,0,1,129,1181,6,20,27,30,16,1,111,1016,13,259,0,,
52528,17,DaVita Redding Dialysis Center,01Jan2021-31Dec2024,3,1,1876 PARK MARINA DRIVE,,REDDING,CA,96001,Shasta,(530) 246-7474,Profit,Yes,DaVita,Yes,28,Yes,Yes,Yes,8/20/77,01Oct2024-30Sep2025,01Oct2024-30Sep2025,01Jan2021-31Dec2024,As Expected,1,614,21.4,30.4,15.6,01Jan2024-31Dec2024,As Expected,1,155,147.2,206.8,110.5,01Jan2024-31Dec2024,As Expected,1,153,24.2,32.6,17.1,01Jan2024-31Dec2024,As Expected,1,119,28.4,53.9,17.5,01Jan2021-31Dec2023,As Expected,1,79,0.84,1.95,0.27,As Expected,1,138,23.5,40.5,12.2,01Jan2024-31Dec2024,Worse than Expected,1,140,1.34,1.88,1.04,01Jan2023-31Dec2024,As Expected,1,220,1.38,1.92,0.92,01Jan2021-31Dec2023,As Expected,1,111,1.25,2.1,0.68,01Jan2024-31Dec2024,As Expected,1,0.54,1.08,0.24,As Expected,1,173,63.8,79,45.2,01Jul2025-30Sep2025,1,0,280,146,1284,,280,25,218,,280,0,,,280,0,,,12,1,1,1,92,280,187,1709,,280,201,1677,,,,,,1,173,1533,20,280,0,,
52531,17,SCH Modesto Coffee,01Jan2021-31Dec2024,2,1,3500 COFFEE ROAD #21,,MODESTO,CA,95355,Stanislaus,(209) 578-0691,Non-profit,Yes,"US Renal Care, Inc.",No,25,Yes,No,No,8/10/77,01Oct2024-30Sep2025,01Oct2024-30Sep2025,01Jan2021-31Dec2024,As Expected,1,433,24.8,36.6,17.4,01Jan2024-31Dec2024,As Expected,1,95,178.4,272.4,124.8,01Jan2024-31Dec2024,As Expected,1,116,29.2,40.7,19.1,01Jan2024-31Dec2024,As Expected,1,51,30.7,74.2,15.7,01Jan2021-31Dec2023,As Expected,1,52,0.55,1.99,0.07,As Expected,1,92,26.9,47.3,13.1,01Jan2024-31Dec2024,As Expected,1,58,1.01,1.93,0.62,01Jan2023-31Dec2024,As Expected,1,123,0.96,1.65,0.46,01Jan2021-31Dec2023,As Expected,1,69,0.96,2.09,0.35,01Jan2024-31Dec2024,As Expected,1,0.91,1.67,0.44,As Expected,1,114,60.3,80.4,35.8,01Jul2025-30Sep2025,1,0,1,97,924,96,257,0,,,259,0,,,259,0,,,19,1,0,1,47,1,111,1016,0,1,117,1043,6,20,23,32,19,1,114,1027,29,259,0,,
52532,18,DaVita Riverside Dialysis Center,01Jan2021-31Dec2024,3,1,"4361 Latham Street, Suite 100",,Riverside,CA,92501,Riverside,(951) 682-2700,Profit,Yes,DaVita,No,32,Yes,No,No,11/2/78,01Oct2024-30Sep2025,01Oct2024-30Sep2025,01Jan2021-31Dec2024,As Expected,1,509,23.3,34.5,16.3,01Jan2024-31Dec2024,As Expected,1,127,146.6,218.4,104.7,01Jan2024-31Dec2024,As Expected,1,117,22.3,32.4,14.5,01Jan2024-31Dec2024,As Expected,1,35,15,81.3,4.2,01Jan2021-31Dec2023,Worse than Expected,1,56,0.15,0.86,0,As Expected,1,162,13.5,26.9,6.2,01Jan2024-31Dec2024,As Expected,1,43,0.93,1.84,0.5,01Jan2023-31Dec2024,As Expected,1,59,0.81,1.65,0.32,01Jan2021-31Dec2023,As Expected,1,88,0.64,1.4,0.24,01Jan2024-31Dec2024,Better than Expected,1,0.15,0.5,0.03,As Expected,1,181,58.5,73.3,40.4,01Jul2025-30Sep2025,1,0,280,169,1525,,280,0,,,280,0,,,280,0,,,23,1,3,1,30,280,174,1566,,280,181,1517,,,,,,1,181,1614,19,280,0,,
52534,17,RAI - EAST BAY - OAKLAND,01Jan2021-31Dec2024,3,1,"2628 INTERNATIONAL BLVD, STE 100",,OAKLAND,CA,94601,Alameda,(510) 261-8219,Profit,Yes,Fresenius Medical Care,No,27,Yes,No,No,8/15/77,01Oct2024-30Sep2025,01Oct2024-30Sep2025,01Jan2021-31Dec2024,As Expected,1,249,17,26.1,11.5,01Jan2024-31Dec2024,As Expected,1,51,113.3,186.1,73.7,01Jan2024-31Dec2024,As Expected,1,54,24.7,37.1,14,01Jan2024-31Dec2024,As Expected,1,39,3.4,64.5,0.4,01Jan2021-31Dec2023,As Expected,1,29,0.56,2.02,0.07,As Expected,1,53,23.1,49.5,8.4,01Jan2024-31Dec2024,As Expected,1,44,1.08,1.95,0.69,01Jan2023-31Dec2024,As Expected,1,100,1.26,2.11,0.67,01Jan2021-31Dec2023,As Expected,1,40,0.22,1.2,0.01,01Jan2024-31Dec2024,Better than Expected,1,0.14,0.7,0.01,As Expected,1,76,60.2,82.9,37.7,01Jul2025-30Sep2025,201,,1,73,682,98,257,0,,,259,0,,,259,0,,,13,1,0,1,30,1,76,770,1,1,76,778,8,24,24,22,22,1,76,772,18,259,0,,
52536,18,FMC-NATIONAL CITY DIALYSIS CENTER,01Jan2021-31Dec2024,4,1,303 W. 26th Street,,National City,CA,91950,San Diego,(619) 474-8151,Profit,Yes,Fresenius Medical Care,Yes,22,Yes,No,No,1/1/91,01Oct2024-30Sep2025,01Oct2024-30Sep2025,01Jan2021-31Dec2024,As Expected,1,436,19.2,29.8,12.8,01Jan2024-31Dec2024,As Expected,1,103,105.8,178,68.1,01Jan2024-31Dec2024,As Expected,1,70,14,28,5.6,01Jan2024-31Dec2024,As Expected,1,48,3,56.3,0.3,01Jan2021-31Dec2023,As Expected,1,51,0.21,1.18,0.01,As Expected,1,102,18.1,37.9,7.4,01Jan2024-31Dec2024,As Expected,1,53,0.61,1.46,0.32,01Jan2023-31Dec2024,As Expected,1,62,0.66,1.72,0.14,01Jan2021-31Dec2023,As Expected,1,93,0.47,1.21,0.13,01Jan2024-31Dec2024,As Expected,1,0.44,1.2,0.11,As Expected,1,140,61.6,80.8,38.2,01Jul2025-30Sep2025,201,,1,132,1185,99,257,0,,,259,0,,,259,0,,,10,1,0,1,30,1,133,1226,1,1,141,1276,9,26,24,23,18,1,140,1273,5,259,0,,
52538,18,DaVita Inglewood Dialysis,01Jan2021-31Dec2024,1,1,125 E. Arbor Vitae St,,Inglewood,CA,90301,Los Angeles,(310) 677-6114,Profit,Yes,DaVita,No,41,Yes,No,No,8/15/77,01Oct2024-30Sep2025,01Oct2024-30Sep2025,01Jan2021-31Dec2024,As Expected,1,372,22.9,36.5,14.8,01Jan2024-31Dec2024,Worse than Expected,1,88,225,313.8,167.6,01Jan2024-31Dec2024,As Expected,1,135,32.9,41,25.4,01Jan2024-31Dec2024,Worse than Expected,1,39,63.5,132.1,36.4,01Jan2021-31Dec2023,As Expected,1,47,0.2,1.12,0.01,As Expected,1,107,8.7,25.3,2.6,01Jan2024-31Dec2024,As Expected,1,51,1.04,1.82,0.68,01Jan2023-31Dec2024,As Expected,1,159,0.52,1.01,0.22,01Jan2021-31Dec2023,Worse than Expected,1,64,0,0.46,0,01Jan2024-31Dec2024,As Expected,1,0.46,1.03,0.17,As Expected,1,133,58.9,77.2,36.6,01Jul2025-30Sep2025,1,0,280,118,1022,,280,0,,,280,0,,,280,0,,,16,1,0,1,37,280,130,1142,,280,133,1184,,,,,,1,133,1193,21,280,0,,
52541,18,DaVita Palm Springs Dialysis,01Jan2021-31Dec2024,2,1,1061 N. Indian Canyon Drive,,Palm Springs,CA,92262,Riverside,(760) 325-0909,Profit,Yes,DaVita,No,20,Yes,Yes,Yes,10/18/76,01Oct2024-30Sep2025,01Oct2024-30Sep2025,01Jan2021-31Dec2024,As Expected,1,405,22.2,34.7,14.7,01Jan2024-31Dec2024,As Expected,1,100,167.2,264.2,113.6,01Jan2024-31Dec2024,As Expected,1,85,37.1,51.7,24.7,01Jan2024-31Dec2024,As Expected,1,30,47.5,143.9,20.5,01Jan2021-31Dec2023,As Expected,1,55,0.52,1.88,0.06,As Expected,1,110,13.7,31,5.3,01Jan2024-31Dec2024,As Expected,1,38,1.4,2.54,0.8,01Jan2023-31Dec2024,As Expected,1,54,1.22,2.25,0.51,01Jan2021-31Dec2023,As Expected,1,86,0.9,1.84,0.36,01Jan2024-31Dec2024,Better than Expected,1,0.29,0.78,0.07,As Expected,1,136,65.1,82.7,43.8,01Jul2025-30Sep2025,1,3,280,124,1090,,280,0,,,280,0,,,280,0,,,22,1,4,1,23,280,130,1142,,280,137,1203,,,,,,1,136,1189,18,280,0,,
52543,17,FMC EUREKA,01Jan2021-31Dec2024,5,1,2765 TIMBER RIDGE LANE,,EUREKA,CA,95503,Humboldt,(707) 445-2033,Profit,Yes,Fresenius Medical Care,No,15,Yes,Yes,No,8/17/77,01Oct2024-30Sep2025,01Oct2024-30Sep2025,01Jan2021-31Dec2024,As Expected,1,278,23,34.7,15.9,01Jan2024-31Dec2024,Better than Expected,1,67,73.4,139.9,41.4,01Jan2024-31Dec2024,As Expected,1,36,23.9,38.5,12.1,01Jan2024-31Dec2024,As Expected,1,49,13.4,58,4.4,01Jan2021-31Dec2023,As Expected,1,50,1.55,3.62,0.5,As Expected,1,83,22.8,42.7,10.4,01Jan2024-31Dec2024,As Expected,1,58,0.98,1.71,0.64,01Jan2023-31Dec2024,As Expected,1,59,1.26,2.12,0.61,01Jan2021-31Dec2023,Better than Expected,1,74,2.09,3.57,1.11,01Jan2024-31Dec2024,Better than Expected,1,0,0.81,,Better than Expected,1,95,82.3,96.4,68.3,01Jul2025-30Sep2025,201,,1,76,689,99,201,0,,,259,0,,,259,0,,,18,1,0,1,39,1,89,814,1,1,95,848,6,21,24,24,25,1,95,869,2,259,0,,
52544,18,FMCNA OF CULVER CITY,01Jan2021-31Dec2024,4,1,9432 Venice Blvd.,,Culver City,CA,90230,Los Angeles,(310) 836-2237,Profit,Yes,Fresenius Medical Care,No,24,Yes,Yes,No,8/14/77,01Oct2024-30Sep2025,01Oct2024-30Sep2025,01Jan2021-31Dec2024,As Expected,1,470,15.1,24.5,9.6,01Jan2024-31Dec2024,As Expected,1,125,110.4,173.8,75.3,01Jan2024-31Dec2024,As Expected,1,98,21.4,32.5,13.2,01Jan2024-31Dec2024,As Expected,1,56,21.6,65.3,9.3,01Jan2021-31Dec2023,As Expected,1,37,0.85,2.48,0.17,As Expected,1,106,15.3,32.9,6.3,01Jan2024-31Dec2024,As Expected,1,66,0.76,1.53,0.45,01Jan2023-31Dec2024,As Expected,1,91,0.92,1.84,0.34,01Jan2021-31Dec2023,As Expected,1,64,0.31,1.11,0.04,01Jan2024-31Dec2024,Better than Expected,1,0.26,0.7,0.07,As Expected,1,161,67,82.8,47.9,01Jul2025-30Sep2025,201,,1,150,1382,98,201,0,,,259,0,,,259,0,,,29,1,0,1,41,1,152,1417,2,1,162,1461,10,22,26,27,15,1,161,1469,19,259,0,,
52545,18,USRC Northridge Roscoe Dialysis,01Jan2021-31Dec2024,4,1,"18546 Roscoe Blvd., Suite 108",,Northridge,CA,91324,Los Angeles,(818) 886-3771,Profit,Yes,"US Renal Care, Inc.",Yes,24,Yes,Yes,Yes,8/15/77,01Oct2024-30Sep2025,01Oct2024-30Sep2025,01Jan2021-31Dec2024,As Expected,1,510,20.2,29.7,14.3,01Jan2024-31Dec2024,As Expected,1,116,135.1,205.2,94.9,01Jan2024-31Dec2024,As Expected,1,109,25.1,35.7,16.4,01Jan2024-31Dec2024,As Expected,1,66,10.6,39.2,3.9,01Jan2021-31Dec2023,As Expected,1,47,1.27,2.77,0.47,As Expected,1,125,28.5,45.5,15.9,01Jan2024-31Dec2024,As Expected,1,75,0.75,1.37,0.47,01Jan2023-31Dec2024,As Expected,1,119,0.99,1.61,0.51,01Jan2021-31Dec2023,Worse than Expected,1,88,0.13,0.75,0,01Jan2024-31Dec2024,Better than Expected,1,0.15,0.49,0.03,As Expected,1,175,63.2,79.4,43.7,01Jul2025-30Sep2025,1,0,1,151,1438,99,199,4,26,,259,0,,,259,0,,,7,1,0,1,55,1,173,1629,0,1,182,1710,7,30,35,20,8,1,175,1651,20,259,0,,
52546,17,DaVita Daly City Dialysis,01Jan2021-31Dec2024,4,1,1498 SOUTHGATE AVENUE,STE 101,DALY CITY,CA,94015,San Mateo,(650) 755-4751,Profit,Yes,DaVita,Yes,34,Yes,No,No,8/31/77,01Oct2024-30Sep2025,01Oct2024-30Sep2025,01Jan2021-31Dec2024,As Expected,1,593,17.1,25.3,11.9,01Jan2024-31Dec2024,As Expected,1,132,118.4,183.2,81.9,01Jan2024-31Dec2024,As Expected,1,102,28.1,40.9,16.9,01Jan2024-31Dec2024,As Expected,1,39,20.4,75.7,7.6,01Jan2021-31Dec2023,As Expected,1,38,0.35,1.94,0.01,Better than Expected,1,109,30.6,48.8,16.9,01Jan2024-31Dec2024,As Expected,1,46,0.92,2,0.51,01Jan2023-31Dec2024,As Expected,1,77,1.04,2.15,0.4,01Jan2021-31Dec2023,As Expected,1,69,0.49,1.43,0.1,01Jan2024-31Dec2024,Better than Expected,1,0,0.3,,As Expected,1,161,72.1,88.3,52.3,01Jul2025-30Sep2025,1,3,280,155,1422,,280,0,,,280,0,,,280,0,,,19,1,0,1,21,280,161,1469,,280,162,1503,,,,,,1,161,1509,10,280,0,,
52549,18,FRESENIUS MEDICAL CARE BURBANK,01Jan2021-31Dec2024,5,1,"2031 Alameda Avenue, Suite 202",,Burbank,CA,91506,Los Angeles,(818) 845-3830,Profit,Yes,Fresenius Medical Care,No,21,Yes,Yes,No,8/30/77,01Oct2024-30Sep2025,01Oct2024-30Sep2025,01Jan2021-31Dec2024,As Expected,1,484,20.3,30.7,13.9,01Jan2024-31Dec2024,As Expected,1,121,151.5,233.1,105.3,01Jan2024-31Dec2024,As Expected,1,118,35.3,46.3,26.1,01Jan2024-31Dec2024,As Expected,1,50,7.9,62.6,1.6,01Jan2021-31Dec2023,As Expected,1,38,1.25,3.19,0.34,Better than Expected,1,109,32.1,49.8,18.4,01Jan2024-31Dec2024,As Expected,1,63,0.83,1.8,0.46,01Jan2023-31Dec2024,As Expected,1,75,0.85,1.73,0.34,01Jan2021-31Dec2023,As Expected,1,61,0.69,1.78,0.19,01Jan2024-31Dec2024,Better than Expected,1,0.12,0.61,0.01,As Expected,1,111,68.1,86.3,46,01Jul2025-30Sep2025,201,,1,107,934,100,1,28,256,100,259,0,,,259,0,,,8,1,0,1,36,1,137,1243,1,1,143,1289,6,21,26,32,15,1,111,992,16,259,0,,
52550,18,Loma Linda University Kidney Center,01Jan2021-31Dec2024,4,1,11375 Anderson Street,,Loma Linda,CA,92354,San Bernardino,(909) 558-4225,Non-profit,No,Independent,No,0,No,Yes,No,12/2/77,01Oct2024-30Sep2025,01Oct2024-30Sep2025,01Jan2021-31Dec2024,As Expected,1,277,20.4,33.6,12.9,01Jan2024-31Dec2024,As Expected,1,15,126.9,357,51.3,01Jan2024-31Dec2024,As Expected,1,11,23,65.2,2.7,01Jan2024-31Dec2024,Not Available,199,9,,,,01Jan2021-31Dec2023,As Expected,1,31,1.47,2.9,0.64,Better than Expected,1,35,48.4,75.3,22.3,01Jan2024-31Dec2024,As Expected,1,11,0.45,2.17,0.1,01Jan2023-31Dec2024,As Expected,1,13,2.06,5.04,0.38,01Jan2021-31Dec2023,As Expected,1,25,0,1.6,0,01Jan2024-31Dec2024,Not Available,201,,,,Not Available,256,0,,,,01Jul2025-30Sep2025,1,3,256,0,,,1,21,195,73,259,0,,,1,15,117,82,,199,,199,4,1,20,194,1,1,21,192,2,13,35,32,18,256,0,,,259,0,,
52552,18,DaVita Upland Dialysis,01Jan2021-31Dec2024,3,1,600 N. 13th Avenue,,Upland,CA,91786,San Bernardino,(909) 946-3802,Profit,Yes,DaVita,No,24,Yes,Yes,Yes,4/28/78,01Oct2024-30Sep2025,01Oct2024-30Sep2025,01Jan2021-31Dec2024,As Expected,1,467,28.3,42,19.7,01Jan2024-31Dec2024,As Expected,1,117,152.4,236.3,105.2,01Jan2024-31Dec2024,As Expected,1,100,23.3,35,13.7,01Jan2024-31Dec2024,As Expected,1,45,21.4,79.2,7.9,01Jan2021-31Dec2023,As Expected,1,53,0.42,1.52,0.05,As Expected,1,88,13.5,35.1,4.3,01Jan2024-31Dec2024,As Expected,1,53,0.84,1.88,0.46,01Jan2023-31Dec2024,As Expected,1,78,0.87,1.8,0.31,01Jan2021-31Dec2023,Better than Expected,1,78,2.14,3.59,1.17,01Jan2024-31Dec2024,As Expected,1,0.55,1.23,0.2,As Expected,1,125,63,82.2,39.7,01Jul2025-30Sep2025,1,0,280,110,955,,280,0,,,280,0,,,280,0,,,16,1,0,1,37,280,119,1063,,280,124,1111,,,,,,1,125,1093,22,280,0,,
52553,17,DaVita Chico Dialysis Center,01Jan2021-31Dec2024,5,1,530 Cohasset Road,,CHICO,CA,95926,Butte,(530) 895-8966,Profit,Yes,DaVita,No,20,Yes,Yes,Yes,8/22/78,01Oct2024-30Sep2025,01Oct2024-30Sep2025,01Jan2021-31Dec2024,As Expected,1,510,20.5,30.2,14.4,01Jan2024-31Dec2024,As Expected,1,127,146.2,211.3,107.1,01Jan2024-31Dec2024,As Expected,1,151,23.2,31.3,16.3,01Jan2024-31Dec2024,As Expected,1,90,28.3,59,16.3,01Jan2021-31Dec2023,As Expected,1,68,1.58,3,0.72,Better than Expected,1,127,28.5,44.5,16.5,01Jan2024-31Dec2024,As Expected,1,110,1.13,1.69,0.83,01Jan2023-31Dec2024,As Expected,1,249,1.14,1.6,0.76,01Jan2021-31Dec2023,As Expected,1,86,1.3,2.4,0.62,01Jan2024-31Dec2024,Better than Expected,1,0.22,0.74,0.04,As Expected,1,152,72.6,87.2,54.9,01Jul2025-30Sep2025,1,0,280,125,1104,,280,14,109,,280,0,,,280,0,,,10,1,4,1,71,280,161,1439,,280,167,1437,,,,,,1,152,1388,14,280,0,,
52554,18,DaVita Valley Dialysis Center,01Jan2021-31Dec2024,2,1,"6840 Sepulveda Blvd, Suite 101",,VAN NUYS,CA,91405,Los Angeles,(818) 779-1450,Profit,Yes,DaVita,No,32,Yes,No,No,12/1/78,01Oct2024-30Sep2025,01Oct2024-30Sep2025,01Jan2021-31Dec2024,As Expected,1,453,23.7,35.5,16.3,01Jan2024-31Dec2024,As Expected,1,106,187.2,273.9,135.8,01Jan2024-31Dec2024,As Expected,1,122,28.7,39.7,19.6,01Jan2024-31Dec2024,Worse than Expected,1,55,76.8,143.5,47.8,01Jan2021-31Dec2023,As Expected,1,47,0.32,1.15,0.04,As Expected,1,120,17.1,33.7,7.7,01Jan2024-31Dec2024,As Expected,1,67,0.87,1.7,0.53,01Jan2023-31Dec2024,As Expected,1,139,0.79,1.41,0.35,01Jan2021-31Dec2023,Worse than Expected,1,83,0.12,0.64,0,01Jan2024-31Dec2024,Better than Expected,1,0.41,0.92,0.15,As Expected,1,132,64.7,83.6,41.7,01Jul2025-30Sep2025,1,3,280,116,1016,,280,7,65,,280,0,,,280,0,,,26,1,0,1,43,280,137,1228,,280,141,1190,,,,,,1,132,1143,18,280,0,,
52555,17,SHC Capitola,01Jan2021-31Dec2024,5,1,3801 CLARES STREET,,CAPITOLA,CA,95010,Santa Cruz,(831) 600-4600,Profit,Yes,"US Renal Care, Inc.",Yes,24,Yes,No,No,1/26/79,01Oct2024-30Sep2025,01Oct2024-30Sep2025,01Jan2021-31Dec2024,As Expected,1,491,19,28.1,13.3,01Jan2024-31Dec2024,As Expected,1,115,111.2,177.4,75,01Jan2024-31Dec2024,As Expected,1,91,27.4,39.5,16.8,01Jan2024-31Dec2024,As Expected,1,72,16.1,48.7,7,01Jan2021-31Dec2023,Better than Expected,1,57,2.87,4.9,1.53,Better than Expected,1,91,42.9,62,25.8,01Jan2024-31Dec2024,As Expected,1,85,0.99,1.74,0.65,01Jan2023-31Dec2024,As Expected,1,132,0.95,1.64,0.49,01Jan2021-31Dec2023,As Expected,1,92,1.39,2.43,0.72,01Jan2024-31Dec2024,Better than Expected,1,0.18,0.6,0.03,As Expected,1,133,68.5,85.1,48.3,01Jul2025-30Sep2025,1,0,1,115,1053,96,257,0,,,259,0,,,259,0,,,27,1,0,1,64,1,131,1219,1,1,132,1246,8,25,30,23,13,1,133,1225,17,259,0,,
52556,18,USRC Skypark Dialysis,01Jan2021-31Dec2024,3,1,3295 Skypark Drive,,Torrance,CA,90505,Los Angeles,(310) 539-5091,Profit,Yes,"US Renal Care, Inc.",No,12,Yes,No,No,12/27/78,01Oct2024-30Sep2025,01Oct2024-30Sep2025,01Jan2021-31Dec2024,As Expected,1,342,19,30.6,12.2,01Jan2024-31Dec2024,As Expected,1,89,155.5,251.8,103.5,01Jan2024-31Dec2024,As Expected,1,92,31.2,45,20.2,01Jan2024-31Dec2024,As Expected,1,25,6.6,124.3,0.7,01Jan2021-31Dec2023,As Expected,1,27,0,1.77,0,As Expected,1,62,27.8,53,11.6,01Jan2024-31Dec2024,As Expected,1,35,0.37,1.13,0.13,01Jan2023-31Dec2024,Better than Expected,1,60,0.25,0.89,0.03,01Jan2021-31Dec2023,Worse than Expected,1,46,0,0.77,0,01Jan2024-31Dec2024,Better than Expected,1,0.29,0.96,0.05,As Expected,1,100,57.7,80,30.6,01Jul2025-30Sep2025,1,0,1,88,767,96,257,0,,,259,0,,,259,0,,,4,1,0,1,23,1,96,843,1,1,103,904,10,37,25,19,8,1,100,893,15,259,0,,
52560,17,DaVita San Pablo Dialysis,01Jan2021-31Dec2024,3,1,13352 SAN PABLO AVENUE,,SAN PABLO,CA,94806,Contra Costa,(341) 300-1577,Profit,Yes,DaVita,Yes,22,Yes,No,No,4/25/80,01Oct2024-30Sep2025,01Oct2024-30Sep2025,01Jan2021-31Dec2024,As Expected,1,298,21.4,32.2,14.8,01Jan2024-31Dec2024,As Expected,1,68,129.2,212.2,83.2,01Jan2024-31Dec2024,As Expected,1,65,24.1,37.8,13.9,01Jan2024-31Dec2024,As Expected,1,42,19.7,65.1,7.9,01Jan2021-31Dec2023,As Expected,1,28,1.23,3.59,0.25,As Expected,1,79,24.2,45.7,10.8,01Jan2024-31Dec2024,As Expected,1,51,1.09,2.02,0.68,01Jan2023-31Dec2024,As Expected,1,99,0.9,1.73,0.33,01Jan2021-31Dec2023,As Expected,1,49,0.61,1.79,0.13,01Jan2024-31Dec2024,As Expected,1,0.52,1.24,0.16,As Expected,1,109,55.3,77.8,27.9,01Jul2025-30Sep2025,1,4,280,99,824,,280,0,,,280,0,,,280,0,,,14,1,8,1,36,280,103,869,,280,109,817,,,,,,1,109,913,19,280,0,,
52561,18,DaVita Victor Valley Dialysis,01Jan2021-31Dec2024,3,1,16049 Kamana Road,,Apple Valley,CA,92307,San Bernardino,(760) 242-8311,Profit,Yes,DaVita,No,22,Yes,No,No,7/30/80,01Oct2024-30Sep2025,01Oct2024-30Sep2025,01Jan2021-31Dec2024,As Expected,1,340,24.2,36.1,16.8,01Jan2024-31Dec2024,As Expected,1,82,89.1,154.3,54.8,01Jan2024-31Dec2024,As Expected,1,62,19.1,32.2,9.4,01Jan2024-31Dec2024,As Expected,1,31,15.1,82,4.2,01Jan2021-31Dec2023,Not Available,199,25,,,,As Expected,1,99,14.7,32.9,5.8,01Jan2024-31Dec2024,As Expected,1,35,1.12,2.01,0.66,01Jan2023-31Dec2024,As Expected,1,62,0.87,1.74,0.35,01Jan2021-31Dec2023,As Expected,1,44,1.21,3.11,0.33,01Jan2024-31Dec2024,Better than Expected,1,0.37,0.99,0.09,As Expected,1,107,58,79.8,31.4,01Jul2025-30Sep2025,1,0,280,91,816,,280,0,,,280,0,,,280,0,,,20,1,0,1,25,280,105,952,,280,110,968,,,,,,1,107,962,17,280,0,,
52563,17,DaVita Yuba City Dialysis Center,01Jan2021-31Dec2024,3,1,1525 PLUMAS COURT SUITE A,,YUBA CITY,CA,95991,Sutter,(530) 671-3652,Profit,Yes,DaVita,No,24,Yes,No,No,8/4/80,01Oct2024-30Sep2025,01Oct2024-30Sep2025,01Jan2021-31Dec2024,As Expected,1,431,23.6,35.8,16.1,01Jan2024-31Dec2024,As Expected,1,120,113.1,180.9,76.1,01Jan2024-31Dec2024,As Expected,1,108,27.3,40.5,16.4,01Jan2024-31Dec2024,As Expected,1,91,34.3,65,21.1,01Jan2021-31Dec2023,As Expected,1,64,0.96,2.25,0.31,As Expected,1,109,13.9,31.9,5.3,01Jan2024-31Dec2024,As Expected,1,103,1.08,1.72,0.76,01Jan2023-31Dec2024,As Expected,1,120,1.18,1.92,0.64,01Jan2021-31Dec2023,Worse than Expected,1,94,0.34,0.98,0.07,01Jan2024-31Dec2024,Better than Expected,1,0.27,0.73,0.07,As Expected,1,141,59.4,77.9,36.8,01Jul2025-30Sep2025,1,0,280,110,1054,,280,0,,,280,0,,,280,0,,,13,1,0,1,78,280,136,1292,,280,143,1344,,,,,,1,141,1325,13,280,0,,
52564,18,DaVita Garfield Hemodialysis Center,01Jan2021-31Dec2024,3,1,118 Hilliard Avenue,,Monterey Park,CA,91754,Los Angeles,(626) 288-5796,Profit,Yes,DaVita,Yes,25,Yes,No,No,4/6/77,01Oct2024-30Sep2025,01Oct2024-30Sep2025,01Jan2021-31Dec2024,As Expected,1,384,21.1,33.3,13.9,01Jan2024-31Dec2024,As Expected,1,94,151.5,242.2,101.9,01Jan2024-31Dec2024,As Expected,1,85,27.4,40,17.2,01Jan2024-31Dec2024,As Expected,1,41,33.2,109.8,13.4,01Jan2021-31Dec2023,As Expected,1,34,0.39,2.2,0.01,As Expected,1,82,14,35.1,4.7,01Jan2024-31Dec2024,As Expected,1,46,1.02,1.88,0.58,01Jan2023-31Dec2024,As Expected,1,66,0.67,1.34,0.26,01Jan2021-31Dec2023,Better than Expected,1,57,2.6,4.65,1.3,01Jan2024-31Dec2024,As Expected,1,0.6,1.34,0.22,As Expected,1,112,57.9,78.8,32.3,01Jul2025-30Sep2025,1,1,280,99,829,,280,0,,,280,0,,,280,0,,,14,1,6,1,35,280,106,917,,280,113,880,,,,,,1,112,943,17,280,0,,
52565,17,DaVita Silverado Dialysis,01Jan2021-31Dec2024,4,1,1100 TRANCAS ST,STE 266 AND 267,NAPA,CA,94558,Napa,(707) 224-6533,Profit,Yes,DaVita,No,10,Yes,Yes,No,10/15/80,01Oct2024-30Sep2025,01Oct2024-30Sep2025,01Jan2021-31Dec2024,As Expected,1,84,18.4,33.7,9,01Jan2024-31Dec2024,As Expected,1,16,101.1,263.4,43.7,01Jan2024-31Dec2024,As Expected,1,21,42.6,62.7,21.9,01Jan2024-31Dec2024,Not Available,199,14,,,,01Jan2021-31Dec2023,Not Available,199,3,,,,As Expected,1,12,21.4,75.1,2.4,01Jan2024-31Dec2024,As Expected,1,15,0.93,2.22,0.41,01Jan2023-31Dec2024,As Expected,1,20,0.68,2.25,0.08,01Jan2021-31Dec2023,Not Available,199,6,,,,01Jan2024-31Dec2024,As Expected,1,0,2.58,,As Expected,1,20,65.7,98.1,31.9,01Jul2025-30Sep2025,199,,280,19,140,,280,0,,,280,0,,,280,0,,,,199,,199,9,280,19,140,,280,21,148,,,,,,1,20,144,12,280,0,,
52567,17,DaVita Vallejo Dialysis,01Jan2021-31Dec2024,4,1,830 REDWOOD STREET,,VALLEJO,CA,94590,Solano,(707) 642-2016,Profit,Yes,DaVita,No,19,Yes,No,No,8/7/80,01Oct2024-30Sep2025,01Oct2024-30Sep2025,01Jan2021-31Dec2024,As Expected,1,400,20.9,33.5,13.4,01Jan2024-31Dec2024,As Expected,1,88,103.1,184.1,63.2,01Jan2024-31Dec2024,As Expected,1,66,15.7,29.6,6.9,01Jan2024-31Dec2024,As Expected,1,52,17.7,53.7,7.7,01Jan2021-31Dec2023,As Expected,1,31,0.29,1.64,0.01,As Expected,1,76,19.9,43.8,7.3,01Jan2024-31Dec2024,As Expected,1,60,1.26,2.15,0.84,01Jan2023-31Dec2024,As Expected,1,80,1.73,2.92,0.92,01Jan2021-31Dec2023,Worse than Expected,1,51,0,0.72,0,01Jan2024-31Dec2024,Better than Expected,1,0.26,0.85,0.04,As Expected,1,115,70.4,88.6,48.4,01Jul2025-30Sep2025,1,0,280,107,976,,280,0,,,280,0,,,280,0,,,6,1,2,1,52,280,109,987,,280,114,1027,,,,,,1,115,1024,18,280,0,,
52568,17,DaVita Pleasanton Dialysis Center,01Jan2021-31Dec2024,5,1,5720 STONERIDGE MALL ROAD #160,,PLEASANTON,CA,94588,Alameda,(925) 737-0120,Profit,Yes,DaVita,Yes,20,Yes,Yes,No,2/10/81,01Oct2024-30Sep2025,01Oct2024-30Sep2025,01Jan2021-31Dec2024,As Expected,1,427,15.9,25,10.5,01Jan2024-31Dec2024,As Expected,1,100,101.2,174.7,63.8,01Jan2024-31Dec2024,As Expected,1,75,31.7,45.3,20,01Jan2024-31Dec2024,As Expected,1,31,17,92.5,4.7,01Jan2021-31Dec2023,Not Available,199,19,,,,Better than Expected,1,72,47.7,69.9,26.4,01Jan2024-31Dec2024,As Expected,1,43,1.42,2.54,0.83,01Jan2023-31Dec2024,As Expected,1,54,0.46,1.46,0.05,01Jan2021-31Dec2023,As Expected,1,48,0.66,1.94,0.14,01Jan2024-31Dec2024,As Expected,1,0.43,1.17,0.11,As Expected,1,110,68.5,88.1,44.7,01Jul2025-30Sep2025,1,3,280,104,941,,280,3,26,,280,0,,,280,0,,,19,1,0,1,21,280,110,1023,,280,118,1041,,,,,,1,110,1003,8,280,0,,
52569,17,DaVita South Sacramento Dialysis Center,01Jan2021-31Dec2024,4,1,8275 Bruceville Rd.,,Sacramento,CA,95823,Sacramento,(916) 427-2561,Profit,Yes,DaVita,No,36,Yes,No,No,12/19/80,01Oct2024-30Sep2025,01Oct2024-30Sep2025,01Jan2021-31Dec2024,As Expected,1,344,22.9,34.8,15.6,01Jan2024-31Dec2024,As Expected,1,87,152.2,236.4,104.9,01Jan2024-31Dec2024,As Expected,1,94,34.5,45.4,24.4,01Jan2024-31Dec2024,As Expected,1,54,23.5,71.1,10.1,01Jan2021-31Dec2023,As Expected,1,42,0.98,2.51,0.27,As Expected,1,92,24.3,45.1,11.2,01Jan2024-31Dec2024,Worse than Expected,1,56,1.65,2.59,1.18,01Jan2023-31Dec2024,As Expected,1,107,1.38,2.27,0.82,01Jan2021-31Dec2023,Worse than Expected,1,72,0.26,0.93,0.03,01Jan2024-31Dec2024,As Expected,1,1.11,2.1,0.51,As Expected,1,116,55.6,76.5,30.1,01Jul2025-30Sep2025,1,8,280,111,1001,,280,0,,,280,0,,,280,0,,,21,1,2,1,43,280,115,1050,,280,122,1091,,,,,,1,116,1080,10,280,0,,
52571,17,DaVita Union City Dialysis Center,01Jan2021-31Dec2024,5,1,32930 ALVARADO-NILES ROAD #300,,UNION CITY,CA,94587,Alameda,(510) 489-6996,Profit,Yes,DaVita,No,38,Yes,Yes,Yes,5/20/81,01Oct2024-30Sep2025,01Oct2024-30Sep2025,01Jan2021-31Dec2024,As Expected,1,378,22.7,35.4,15.1,01Jan2024-31Dec2024,As Expected,1,66,111.1,200.8,65.8,01Jan2024-31Dec2024,As Expected,1,48,14.3,30.9,4.5,01Jan2024-31Dec2024,As Expected,1,45,31,82.2,14.8,01Jan2021-31Dec2023,Better than Expected,1,34,3.13,6.17,1.35,As Expected,1,73,21.4,46.2,8,01Jan2024-31Dec2024,As Expected,1,50,0.57,1.47,0.28,01Jan2023-31Dec2024,As Expected,1,58,0.91,2.24,0.24,01Jan2021-31Dec2023,As Expected,1,54,0.86,2.2,0.23,01Jan2024-31Dec2024,As Expected,1,0.33,1.09,0.06,As Expected,1,102,63.5,85.3,36.9,01Jul2025-30Sep2025,1,4,280,98,847,,280,0,,,280,0,,,280,0,,,9,1,0,1,43,280,100,860,,280,103,844,,,,,,1,102,887,18,280,0,,
52572,17,SHC East San Jose,01Jan2021-31Dec2024,4,1,2121 ALEXIAN DRIVE,,SAN JOSE,CA,95116,Santa Clara,(408) 258-8720,Non-profit,Yes,"US Renal Care, Inc.",Yes,56,Yes,Yes,Yes,5/25/81,01Oct2024-30Sep2025,01Oct2024-30Sep2025,01Jan2021-31Dec2024,As Expected,1,490,18.8,28,13,01Jan2024-31Dec2024,As Expected,1,123,134.7,202.9,95.3,01Jan2024-31Dec2024,As Expected,1,118,25.4,37.4,16,01Jan2024-31Dec2024,As Expected,1,42,21.3,70.4,8.6,01Jan2021-31Dec2023,As Expected,1,42,0.91,2.34,0.25,Better than Expected,1,135,33.1,49.7,19.9,01Jan2024-31Dec2024,As Expected,1,47,1.1,2.34,0.62,01Jan2023-31Dec2024,As Expected,1,69,1.34,2.5,0.57,01Jan2021-31Dec2023,Worse than Expected,1,70,0.13,0.75,0,01Jan2024-31Dec2024,Better than Expected,1,0,0.22,,As Expected,1,196,61.1,75.8,43.3,01Jul2025-30Sep2025,1,0,1,156,1442,94,201,0,,,259,0,,,259,0,,,31,1,0,1,45,1,191,1748,1,1,199,1826,9,24,25,26,16,1,196,1783,23,259,0,,
52574,18,DaVita Downey Dialysis Center,01Jan2021-31Dec2024,1,1,9041 Imperial Hwy.,,Downey,CA,90242,Los Angeles,(562) 622-4436,Profit,Yes,DaVita,No,25,Yes,Yes,No,8/31/81,01Oct2024-30Sep2025,01Oct2024-30Sep2025,01Jan2021-31Dec2024,As Expected,1,414,25.4,39.1,17.1,01Jan2024-31Dec2024,As Expected,1,108,190.7,280.5,137.7,01Jan2024-31Dec2024,As Expected,1,130,28.9,41.3,18.5,01Jan2024-31Dec2024,As Expected,1,31,30.6,113.6,11.3,01Jan2021-31Dec2023,Worse than Expected,1,44,0,0.79,0,As Expected,1,111,14.5,30.8,6.1,01Jan2024-31Dec2024,As Expected,1,35,0.94,1.93,0.49,01Jan2023-31Dec2024,As Expected,1,57,0.97,1.88,0.38,01Jan2021-31Dec2023,As Expected,1,56,1.43,2.82,0.62,01Jan2024-31Dec2024,Better than Expected,1,0.26,0.71,0.07,As Expected,1,122,50.6,71.8,24.9,01Jul2025-30Sep2025,1,0,280,112,1006,,280,25,244,,280,0,,,280,0,,,28,1,3,1,29,280,144,1363,,280,147,1251,,,,,,1,122,1103,26,280,0,,
52576,18,FRESENIUS MEDICAL CARE BALBOA - KEARNY MESA,01Jan2021-31Dec2024,4,1,"7927 Ostrow Street, Suite A",,San Diego,CA,92111,San Diego,(858) 571-0428,Profit,Yes,Fresenius Medical Care,Yes,28,Yes,Yes,No,12/1/87,01Oct2024-30Sep2025,01Oct2024-30Sep2025,01Jan2021-31Dec2024,As Expected,1,896,20.2,27.6,15.2,01Jan2024-31Dec2024,As Expected,1,199,122.2,173.7,90.8,01Jan2024-31Dec2024,As Expected,1,156,25.7,34.8,17.8,01Jan2024-31Dec2024,As Expected,1,104,11.9,33.6,5.4,01Jan2021-31Dec2023,As Expected,1,103,1.19,2.08,0.61,Better than Expected,1,214,27.2,39.7,17.6,01Jan2024-31Dec2024,As Expected,1,120,0.84,1.36,0.58,01Jan2023-31Dec2024,As Expected,1,201,0.78,1.32,0.4,01Jan2021-31Dec2023,Worse than Expected,1,79,0.26,0.95,0.03,01Jan2024-31Dec2024,Better than Expected,1,0.17,0.57,0.03,As Expected,1,194,49.9,66.9,29.2,01Jul2025-30Sep2025,201,,1,188,1662,98,1,85,681,96,259,0,,,259,0,,,24,1,0,1,74,1,272,2375,3,1,286,2505,11,20,25,26,19,1,194,1723,11,259,0,,
52578,17,RAI HARDING BLVD,01Jan2021-31Dec2024,5,1,1781 Santa Clara Drive,,ROSEVILLE,CA,95661,Placer,(916) 746-0071,Profit,Yes,Fresenius Medical Care,No,16,Yes,No,No,1/15/82,01Oct2024-30Sep2025,01Oct2024-30Sep2025,01Jan2021-31Dec2024,As Expected,1,220,23.2,34.5,15.6,01Jan2024-31Dec2024,As Expected,1,52,91.4,173.8,52.4,01Jan2024-31Dec2024,As Expected,1,32,19.9,43.8,5.8,01Jan2024-31Dec2024,As Expected,1,34,14.3,77.9,4,01Jan2021-31Dec2023,Not Available,199,14,,,,As Expected,1,40,29.9,62.6,9.8,01Jan2024-31Dec2024,As Expected,1,39,0.77,1.9,0.39,01Jan2023-31Dec2024,As Expected,1,39,0.22,1.3,0.01,01Jan2021-31Dec2023,As Expected,1,33,1.02,2.97,0.21,01Jan2024-31Dec2024,As Expected,1,0.33,1.62,0.02,As Expected,1,61,73.8,93.7,52.7,01Jul2025-30Sep2025,201,,1,49,453,100,257,0,,,259,0,,,259,0,,,18,1,0,1,22,1,56,527,2,1,61,558,5,26,34,23,12,1,61,557,6,259,0,,
52579,18,FMC-CONEJO VALLEY RENAL CENTER,01Jan2021-31Dec2024,4,1,"227 W. Janss Road, Suite 115",,Thousand Oaks,CA,91360,Ventura,(805) 496-6071,Profit,Yes,Fresenius Medical Care,No,16,Yes,No,No,1/14/82,01Oct2024-30Sep2025,01Oct2024-30Sep2025,01Jan2021-31Dec2024,As Expected,1,190,19.6,30.8,12.4,01Jan2024-31Dec2024,As Expected,1,46,145,246.3,91.7,01Jan2024-31Dec2024,As Expected,1,44,25.4,42.6,12.6,01Jan2024-31Dec2024,As Expected,1,26,29.5,109.3,10.9,01Jan2021-31Dec2023,Not Available,199,18,,,,As Expected,1,33,28,62.4,8.3,01Jan2024-31Dec2024,As Expected,1,33,0.44,1.16,0.18,01Jan2023-31Dec2024,As Expected,1,56,1.02,2.15,0.37,01Jan2021-31Dec2023,As Expected,1,34,0.7,2.52,0.08,01Jan2024-31Dec2024,Better than Expected,1,0,0.89,,As Expected,1,55,73.6,94.7,51.3,01Jul2025-30Sep2025,201,,1,48,447,100,257,0,,,259,0,,,259,0,,,4,1,0,1,24,1,54,509,1,1,56,522,7,22,28,27,16,1,55,520,4,259,0,,
52580,18,DaVita Covina Dialysis Center,01Jan2021-31Dec2024,3,1,1547 W. Garvey Avenue North,,West Covina,CA,91790,Los Angeles,(626) 960-9405,Profit,Yes,DaVita,No,17,Yes,No,No,1/14/82,01Oct2024-30Sep2025,01Oct2024-30Sep2025,01Jan2021-31Dec2024,As Expected,1,323,20.4,31.9,13.5,01Jan2024-31Dec2024,As Expected,1,84,120.3,206.4,74.6,01Jan2024-31Dec2024,As Expected,1,48,30.5,47.5,16.6,01Jan2024-31Dec2024,As Expected,1,37,18.6,80.5,6.1,01Jan2021-31Dec2023,Worse than Expected,1,29,0,0.99,0,As Expected,1,81,14.1,31.7,5.5,01Jan2024-31Dec2024,As Expected,1,44,0.82,1.91,0.44,01Jan2023-31Dec2024,As Expected,1,41,0.91,2.03,0.29,01Jan2021-31Dec2023,As Expected,1,44,1.54,3.17,0.62,01Jan2024-31Dec2024,As Expected,1,0.51,1.38,0.13,As Expected,1,107,61.3,82.9,35.1,01Jul2025-30Sep2025,1,3,280,98,911,,280,0,,,280,0,,,280,0,,,9,1,3,1,35,280,105,970,,280,106,967,,,,,,1,107,979,11,280,0,,
52581,18,USRC Gardena Dialysis,01Jan2021-31Dec2024,3,1,"1045 W. Redondo Beach Blvd., Suite 105",,Gardena,CA,90247,Los Angeles,(310) 515-0788,Profit,Yes,"US Renal Care, Inc.",No,17,Yes,No,No,3/19/82,01Oct2024-30Sep2025,01Oct2024-30Sep2025,01Jan2021-31Dec2024,As Expected,1,330,27.5,40,19.7,01Jan2024-31Dec2024,As Expected,1,82,136.1,224.4,87.4,01Jan2024-31Dec2024,As Expected,1,65,29.7,43.4,17.6,01Jan2024-31Dec2024,As Expected,1,19,57.3,189.6,23.1,01Jan2021-31Dec2023,As Expected,1,42,0.93,2.71,0.19,As Expected,1,77,17.8,39.5,6.7,01Jan2024-31Dec2024,As Expected,1,26,1.02,2.2,0.5,01Jan2023-31Dec2024,As Expected,1,39,0.66,1.85,0.14,01Jan2021-31Dec2023,As Expected,1,68,1.1,2.28,0.44,01Jan2024-31Dec2024,Better than Expected,1,0,0.33,,As Expected,1,101,64.7,86.4,38.3,01Jul2025-30Sep2025,1,0,1,97,974,99,257,0,,,259,0,,,259,0,,,6,1,0,1,17,1,99,998,0,1,103,1034,12,26,23,24,15,1,101,1017,14,259,0,,
52583,17,USRC MONTEREY DIALYSIS,01Jan2021-31Dec2024,5,1,2066 NORTH FREMONT BLVD,,MONTEREY,CA,93940,Monterey,(831) 655-6950,Profit,Yes,Innovative Dialysis Systems,No,18,Yes,Yes,No,8/5/82,01Oct2024-30Sep2025,01Oct2024-30Sep2025,01Jan2021-31Dec2024,As Expected,1,349,17.6,28.8,11,01Jan2024-31Dec2024,As Expected,1,97,183.1,267.6,133,01Jan2024-31Dec2024,As Expected,1,143,26,34.7,18.7,01Jan2024-31Dec2024,As Expected,1,65,11.5,42.5,4.2,01Jan2021-31Dec2023,As Expected,1,42,1.56,3.39,0.57,Better than Expected,1,125,36.4,53.2,22.4,01Jan2024-31Dec2024,As Expected,1,85,0.82,1.43,0.54,01Jan2023-31Dec2024,As Expected,1,198,0.79,1.33,0.4,01Jan2021-31Dec2023,As Expected,1,61,0.72,1.85,0.2,01Jan2024-31Dec2024,Better than Expected,1,0.23,0.74,0.04,As Expected,1,124,71.4,88.4,50.8,01Jul2025-30Sep2025,1,0,1,112,1021,100,1,49,417,96,259,0,,,259,0,,,7,1,0,1,71,1,158,1444,1,1,172,1552,3,27,28,32,10,1,124,1080,11,259,0,,
52584,17,DaVita Merced Dialysis,01Jan2021-31Dec2024,4,1,"3393 G STREET, SUITE A",,MERCED,CA,95340,Merced,(209) 723-0013,Profit,Yes,DaVita,No,32,Yes,Yes,Yes,11/8/82,01Oct2024-30Sep2025,01Oct2024-30Sep2025,01Jan2021-31Dec2024,As Expected,1,411,16.9,28.8,10.1,01Jan2024-31Dec2024,As Expected,1,108,143,220.9,99.1,01Jan2024-31Dec2024,As Expected,1,113,27.4,39.4,17.6,01Jan2024-31Dec2024,As Expected,1,71,26,60.7,13.7,01Jan2021-31Dec2023,As Expected,1,44,0.83,2.43,0.17,Better than Expected,1,122,36.4,53.4,22.3,01Jan2024-31Dec2024,As Expected,1,74,1.13,1.88,0.77,01Jan2023-31Dec2024,As Expected,1,109,1.42,2.23,0.74,01Jan2021-31Dec2023,As Expected,1,44,1.45,3.16,0.53,01Jan2024-31Dec2024,Better than Expected,1,0,0.38,,As Expected,1,114,65.1,85.3,40.6,01Jul2025-30Sep2025,1,0,280,100,893,,280,42,416,,280,0,,,280,0,,,8,1,0,1,62,280,143,1377,,280,154,1400,,,,,,1,114,983,16,280,0,,
52585,18,USRC Van Nuys Dialysis,01Jan2021-31Dec2024,4,1,"14624 Sherman Way, Suite 106",,Van Nuys,CA,91405,Los Angeles,(818) 994-2333,Profit,Yes,"US Renal Care, Inc.",No,14,Yes,No,No,2/1/83,01Oct2024-30Sep2025,01Oct2024-30Sep2025,01Jan2021-31Dec2024,As Expected,1,212,16.2,27.7,9.2,01Jan2024-31Dec2024,As Expected,1,48,81.5,163.5,44.6,01Jan2024-31Dec2024,As Expected,1,41,35.2,55,18.5,01Jan2024-31Dec2024,As Expected,1,26,0,37.8,0,01Jan2021-31Dec2023,As Expected,1,28,0.48,1.74,0.06,As Expected,1,65,11.3,35.3,2.9,01Jan2024-31Dec2024,As Expected,1,31,0.98,1.97,0.51,01Jan2023-31Dec2024,As Expected,1,66,0.75,1.48,0.3,01Jan2021-31Dec2023,As Expected,1,38,0.38,1.38,0.05,01Jan2024-31Dec2024,Better than Expected,1,0,0.44,,As Expected,1,87,72.5,89,56.1,01Jul2025-30Sep2025,1,0,1,84,780,98,257,0,,,259,0,,,259,0,,,44,1,0,1,32,1,85,792,0,1,86,834,7,23,29,26,15,1,87,838,20,259,0,,
52589,18,FMC-University Dialysis Center of Orange,01Jan2021-31Dec2024,4,1,1809 W. Chapman Avenue,,Orange,CA,92868,Orange,(714) 634-3583,Non-profit,Yes,Fresenius Medical Care,No,36,Yes,Yes,No,7/1/83,01Oct2024-30Sep2025,01Oct2024-30Sep2025,01Jan2021-31Dec2024,Better than Expected,1,708,13.7,21.1,9.2,01Jan2024-31Dec2024,As Expected,1,167,120.8,173.8,88.9,01Jan2024-31Dec2024,As Expected,1,141,27,36.1,18.9,01Jan2024-31Dec2024,As Expected,1,89,29.4,62.7,16.6,01Jan2021-31Dec2023,As Expected,1,118,0.56,1.11,0.24,As Expected,1,258,22.7,33,14.9,01Jan2024-31Dec2024,As Expected,1,106,0.98,1.49,0.71,01Jan2023-31Dec2024,As Expected,1,171,1.42,2.03,0.92,01Jan2021-31Dec2023,As Expected,1,145,0.55,1.05,0.25,01Jan2024-31Dec2024,Better than Expected,1,0.18,0.5,0.05,Better than Expected,1,268,73.4,84.4,60.1,01Jul2025-30Sep2025,201,,1,214,2061,99,1,29,277,91,259,0,,,259,0,,,11,1,0,1,80,1,283,2825,1,1,294,2885,7,20,23,27,24,1,268,2615,11,259,0,,
52590,18,RAI - COMPTON - LOS ANGELES,01Jan2021-31Dec2024,2,1,11859 Compton Avenue,,Los Angeles,CA,90059,Los Angeles,(323) 563-1140,Profit,Yes,Fresenius Medical Care,No,26,Yes,Yes,No,7/19/83,01Oct2024-30Sep2025,01Oct2024-30Sep2025,01Jan2021-31Dec2024,As Expected,1,389,17.8,30.9,10.5,01Jan2024-31Dec2024,As Expected,1,101,139.6,219.7,95.3,01Jan2024-31Dec2024,As Expected,1,89,27.8,39.4,17.2,01Jan2024-31Dec2024,As Expected,1,39,13,70.4,3.6,01Jan2021-31Dec2023,As Expected,1,56,0.35,1.28,0.04,As Expected,1,136,4.4,18,1,01Jan2024-31Dec2024,As Expected,1,48,0.85,1.94,0.45,01Jan2023-31Dec2024,As Expected,1,63,1,2.14,0.33,01Jan2021-31Dec2023,Worse than Expected,1,74,0.28,1,0.03,01Jan2024-31Dec2024,Better than Expected,1,0.33,0.73,0.12,As Expected,1,164,48.3,65.1,28,01Jul2025-30Sep2025,201,,1,155,1512,99,201,0,,,259,0,,,259,0,,,12,1,0,1,26,1,156,1531,0,1,167,1593,9,25,31,23,13,1,164,1556,32,259,0,,
52591,18,DaVita Pomona Dialysis,01Jan2021-31Dec2024,3,1,2111 N. Garey Avenue,,Pomona,CA,91767,Los Angeles,(909) 596-9997,Profit,Yes,DaVita,No,32,Yes,Yes,Yes,7/15/83,01Oct2024-30Sep2025,01Oct2024-30Sep2025,01Jan2021-31Dec2024,As Expected,1,578,20.8,31.3,14.3,01Jan2024-31Dec2024,As Expected,1,142,141.4,206.7,102.7,01Jan2024-31Dec2024,As Expected,1,137,30.9,41.8,21.6,01Jan2024-31Dec2024,As Expected,1,58,2.8,52.8,0.3,01Jan2021-31Dec2023,As Expected,1,74,0.49,1.26,0.13,As Expected,1,182,21.4,34.9,12.2,01Jan2024-31Dec2024,As Expected,1,62,0.55,1.31,0.29,01Jan2023-31Dec2024,As Expected,1,84,0.41,1.1,0.1,01Jan2021-31Dec2023,Worse than Expected,1,93,0.23,0.83,0.03,01Jan2024-31Dec2024,Better than Expected,1,0.32,0.67,0.13,As Expected,1,192,56.4,71.7,37.7,01Jul2025-30Sep2025,1,3,280,174,1595,,280,41,284,,280,0,,,280,0,,,11,1,2,1,47,280,224,2038,,280,231,2082,,,,,,1,192,1770,20,280,0,,
52597,18,DaVita Mission Viejo Dialysis,01Jan2021-31Dec2024,3,1,27640 Marguerite Parkway,,Mission Viejo,CA,92692,Orange,(949) 347-2433,Profit,Yes,DaVita,No,20,Yes,Yes,No,8/12/77,01Oct2024-30Sep2025,01Oct2024-30Sep2025,01Jan2021-31Dec2024,As Expected,1,409,20.2,31.4,13.5,01Jan2024-31Dec2024,As Expected,1,102,127.1,208.1,83.8,01Jan2024-31Dec2024,Worse than Expected,1,78,43.8,60,28.8,01Jan2024-31Dec2024,As Expected,1,50,47.1,106.2,25.4,01Jan2021-31Dec2023,As Expected,1,47,0.84,2.16,0.23,As Expected,1,90,24,45.1,10.8,01Jan2024-31Dec2024,As Expected,1,56,0.87,1.72,0.52,01Jan2023-31Dec2024,As Expected,1,76,1.27,2.32,0.49,01Jan2021-31Dec2023,As Expected,1,68,0.93,2.03,0.34,01Jan2024-31Dec2024,Better than Expected,1,0,0.35,,As Expected,1,114,73,90.4,51.8,01Jul2025-30Sep2025,1,1,280,81,668,,280,28,192,,280,0,,,280,0,,,22,1,2,1,41,280,126,1026,,280,143,1077,,,,,,1,114,873,16,280,0,,
52600,17,SHC South San Jose,01Jan2021-31Dec2024,5,1,393 BLOSSOM HILL ROAD SUITE 110,,SAN JOSE,CA,95123,Santa Clara,(408) 629-9802,Non-profit,Yes,"US Renal Care, Inc.",No,25,Yes,No,No,9/14/84,01Oct2024-30Sep2025,01Oct2024-30Sep2025,01Jan2021-31Dec2024,As Expected,1,373,15,26,8.9,01Jan2024-31Dec2024,As Expected,1,85,79.3,154,45.3,01Jan2024-31Dec2024,As Expected,1,46,34.1,56.9,16.6,01Jan2024-31Dec2024,As Expected,1,42,7.6,60.2,1.6,01Jan2021-31Dec2023,As Expected,1,56,1.63,3.21,0.7,Better than Expected,1,90,32.6,52.9,17.3,01Jan2024-31Dec2024,As Expected,1,46,0.54,1.4,0.26,01Jan2023-31Dec2024,As Expected,1,52,1.45,2.88,0.54,01Jan2021-31Dec2023,As Expected,1,79,0.51,1.31,0.14,01Jan2024-31Dec2024,Better than Expected,1,0.3,0.82,0.08,As Expected,1,111,66.5,86.1,42.6,01Jul2025-30Sep2025,1,0,1,92,904,95,257,0,,,259,0,,,259,0,,,0,1,0,1,37,1,108,1041,0,1,113,1074,9,25,27,25,14,1,111,1065,17,259,0,,
52601,17,DaVita Lakeport Dialysis Center,01Jan2021-31Dec2024,4,1,244 PECKHAM COURT,,LAKEPORT,CA,95453,Lake,(707) 262-1353,Profit,Yes,DaVita,No,19,Yes,Yes,No,9/17/84,01Oct2024-30Sep2025,01Oct2024-30Sep2025,01Jan2021-31Dec2024,As Expected,1,310,19.2,30.2,12.6,01Jan2024-31Dec2024,As Expected,1,101,98.4,168.6,62.5,01Jan2024-31Dec2024,Better than Expected,1,78,13.9,26.4,5.9,01Jan2024-31Dec2024,As Expected,1,73,15.1,42.5,6.9,01Jan2021-31Dec2023,As Expected,1,54,0.99,2.53,0.27,As Expected,1,130,22.2,38.4,11.6,01Jan2024-31Dec2024,As Expected,1,85,1.12,1.78,0.8,01Jan2023-31Dec2024,As Expected,1,97,1.13,2.04,0.52,01Jan2021-31Dec2023,Better than Expected,1,61,2.97,5.08,1.58,01Jan2024-31Dec2024,As Expected,1,0.52,1.26,0.17,As Expected,1,130,67.6,84.5,47.1,01Jul2025-30Sep2025,1,6,280,116,978,,280,29,253,,280,0,,,280,0,,,4,1,39,1,79,280,143,1258,,280,151,1319,,,,,,1,130,1062,18,280,0,,
52602,17,DaVita Salinas Valley Dialysis Center,01Jan2021-31Dec2024,4,1,"955 Blanco Circle, Ste. #C",,Salinas,CA,93901,Monterey,(831) 758-6222,Profit,Yes,DaVita,No,34,Yes,Yes,No,10/3/84,01Oct2024-30Sep2025,01Oct2024-30Sep2025,01Jan2021-31Dec2024,As Expected,1,487,23.9,35.4,16.7,01Jan2024-31Dec2024,As Expected,1,123,149.8,222.5,107.2,01Jan2024-31Dec2024,As Expected,1,135,29.6,40.4,20.2,01Jan2024-31Dec2024,As Expected,1,81,36.5,72.9,21.6,01Jan2021-31Dec2023,As Expected,1,57,1.22,2.51,0.49,Better than Expected,1,162,31.9,46.3,20.2,01Jan2024-31Dec2024,As Expected,1,96,1.13,1.77,0.81,01Jan2023-31Dec2024,As Expected,1,205,1.21,1.78,0.76,01Jan2021-31Dec2023,As Expected,1,70,0.68,1.48,0.25,01Jan2024-31Dec2024,Better than Expected,1,0,0.23,,As Expected,1,201,62.6,77.2,44.9,01Jul2025-30Sep2025,1,0,280,185,1696,,280,0,,,280,0,,,280,0,,,11,1,0,1,72,280,188,1720,,280,202,1666,,,,,,1,201,1803,21,280,0,,
52604,17,DaVita Manzanita Dialysis Center,01Jan2021-31Dec2024,3,1,4005 MANZANITA AVENUE,STE 17,CARMICHAEL,CA,95608,Sacramento,(916) 483-3241,Profit,Yes,DaVita,No,21,Yes,Yes,Yes,9/5/84,01Oct2024-30Sep2025,01Oct2024-30Sep2025,01Jan2021-31Dec2024,As Expected,1,591,19.7,28.8,13.9,01Jan2024-31Dec2024,As Expected,1,139,111.9,174.6,76.9,01Jan2024-31Dec2024,As Expected,1,110,28.6,42.1,18.4,01Jan2024-31Dec2024,As Expected,1,55,37.8,88.1,19.9,01Jan2021-31Dec2023,As Expected,1,38,0,1.38,0,As Expected,1,133,25.8,42.3,14.2,01Jan2024-31Dec2024,As Expected,1,62,0.96,1.76,0.61,01Jan2023-31Dec2024,As Expected,1,73,1.3,2.24,0.59,01Jan2021-31Dec2023,Worse than Expected,1,53,0,0.8,0,01Jan2024-31Dec2024,As Expected,1,0.58,1.39,0.18,As Expected,1,169,66.2,82.9,46,01Jul2025-30Sep2025,1,4,280,119,1103,,280,7,58,,280,0,,,280,0,,,14,1,0,1,36,280,163,1469,,280,176,1435,,,,,,1,169,1481,16,280,0,,
52606,18,"Santa Barbara Artificial Kidney Center, LLC",01Jan2021-31Dec2024,4,1,1704 State Street,,Santa Barbara,CA,93101,Santa Barbara,(805) 682-9942,Profit,No,Independent,Yes,38,Yes,Yes,No,12/3/84,01Oct2024-30Sep2025,01Oct2024-30Sep2025,01Jan2021-31Dec2024,As Expected,1,425,22.5,34.5,15.2,01Jan2024-31Dec2024,As Expected,1,102,131.4,210.2,88.4,01Jan2024-31Dec2024,As Expected,1,109,27.9,41.3,17.4,01Jan2024-31Dec2024,As Expected,1,73,24.1,56.1,12.7,01Jan2021-31Dec2023,As Expected,1,55,0.97,2.27,0.32,As Expected,1,129,24.7,40.5,13.6,01Jan2024-31Dec2024,As Expected,1,91,1.26,2,0.89,01Jan2023-31Dec2024,As Expected,1,158,1.04,1.65,0.57,01Jan2021-31Dec2023,As Expected,1,91,0.37,1.07,0.08,01Jan2024-31Dec2024,Better than Expected,1,0.11,0.55,0.01,Better than Expected,1,155,78.5,90.8,63.5,01Jul2025-30Sep2025,1,6,1,137,1341,96,1,25,174,93,201,0,,,201,0,,,3,1,7,1,73,1,168,1617,0,1,179,1701,8,23,32,20,17,1,155,1478,11,201,0,,
52608,17,DaVita Fresno Dialysis,01Jan2021-31Dec2024,3,1,4308 WEST SHAW AVENUE,STE 101,FRESNO,CA,93722,Fresno,(559) 276-4231,Profit,Yes,DaVita,Yes,24,Yes,Yes,No,7/20/84,01Oct2024-30Sep2025,01Oct2024-30Sep2025,01Jan2021-31Dec2024,As Expected,1,617,25.7,37.4,18.4,01Jan2024-31Dec2024,As Expected,1,126,136.1,204.1,96.7,01Jan2024-31Dec2024,As Expected,1,114,21.7,31.1,14,01Jan2024-31Dec2024,As Expected,1,56,20.3,61.4,8.8,01Jan2021-31Dec2023,As Expected,1,86,0.64,1.49,0.21,As Expected,1,133,19.3,35.5,9.4,01Jan2024-31Dec2024,As Expected,1,63,1.06,1.95,0.67,01Jan2023-31Dec2024,As Expected,1,144,1.17,1.84,0.7,01Jan2021-31Dec2023,As Expected,1,121,0.61,1.25,0.24,01Jan2024-31Dec2024,Better than Expected,1,0.22,0.59,0.06,As Expected,1,173,61,77.5,41,01Jul2025-30Sep2025,1,1,280,153,1331,,280,0,,,280,0,,,280,0,,,10,1,6,1,50,280,165,1455,,280,175,1409,,,,,,1,173,1497,22,280,0,,
52609,17,SHC Sonora,01Jan2021-31Dec2024,3,1,18330 HWY 108,,JAMESTOWN,CA,95327,Tuolumne,(209) 532-3072,Non-profit,Yes,"US Renal Care, Inc.",No,13,Yes,Yes,Yes,11/5/84,01Oct2024-30Sep2025,01Oct2024-30Sep2025,01Jan2021-31Dec2024,As Expected,1,272,28,41.2,19.8,01Jan2024-31Dec2024,As Expected,1,59,129.2,228.2,78,01Jan2024-31Dec2024,As Expected,1,48,28.2,44.1,15.1,01Jan2024-31Dec2024,Better than Expected,1,41,0,26.4,0,01Jan2021-31Dec2023,As Expected,1,32,0,1.47,0,As Expected,1,68,16.1,38.8,5.5,01Jan2024-31Dec2024,As Expected,1,53,1.3,2.36,0.83,01Jan2023-31Dec2024,As Expected,1,72,1.04,2.06,0.41,01Jan2021-31Dec2023,As Expected,1,57,1.4,2.89,0.56,01Jan2024-31Dec2024,Better than Expected,1,0.19,0.95,0.01,Better than Expected,1,74,76,93.9,58.2,01Jul2025-30Sep2025,1,0,1,69,586,99,199,8,77,,259,0,,,259,0,,,13,1,3,1,30,1,80,713,4,1,83,741,5,20,22,27,25,1,74,634,12,259,0,,
52610,17,RAI PIEDMONT,01Jan2021-31Dec2024,3,1,2710 TELEGRAPH AVENUE Suite #100,,OAKLAND,CA,94612,Alameda,(510) 286-9948,Profit,Yes,Fresenius Medical Care,No,33,Yes,No,No,1/14/85,01Oct2024-30Sep2025,01Oct2024-30Sep2025,01Jan2021-31Dec2024,As Expected,1,298,24.2,35.4,17.2,01Jan2024-31Dec2024,As Expected,1,66,131.5,216.8,84.4,01Jan2024-31Dec2024,As Expected,1,76,27.9,39.9,17.6,01Jan2024-31Dec2024,As Expected,1,39,20.9,69,8.4,01Jan2021-31Dec2023,Not Available,199,24,,,,As Expected,1,61,31.4,58.2,13.1,01Jan2024-31Dec2024,As Expected,1,48,1.26,2.34,0.79,01Jan2023-31Dec2024,As Expected,1,90,0.98,1.85,0.43,01Jan2021-31Dec2023,As Expected,1,35,0,1.07,0,01Jan2024-31Dec2024,Better than Expected,1,0,0.47,,As Expected,1,78,55.9,78.3,33.8,01Jul2025-30Sep2025,201,,1,77,750,100,257,0,,,259,0,,,259,0,,,3,1,0,1,38,1,78,766,1,1,82,786,10,20,26,25,19,1,78,758,22,259,0,,
52612,17,BMA OF CENTRAL VALLEY RURAL DIALYSIS,01Jan2021-31Dec2024,5,1,810 E. Manning Ave,,REEDLEY,CA,93654,Fresno,(559) 637-1676,Profit,Yes,Fresenius Medical Care,No,17,Yes,No,No,2/4/85,01Oct2024-30Sep2025,01Oct2024-30Sep2025,01Jan2021-31Dec2024,As Expected,1,336,19.1,32.3,11.6,01Jan2024-31Dec2024,As Expected,1,86,114.9,202.3,71.2,01Jan2024-31Dec2024,As Expected,1,52,15.2,32.6,5.1,01Jan2024-31Dec2024,As Expected,1,47,7,55.6,1.5,01Jan2021-31Dec2023,As Expected,1,39,0.74,2.17,0.15,As Expected,1,78,26.9,48.2,12.7,01Jan2024-31Dec2024,As Expected,1,52,1.08,2.1,0.66,01Jan2023-31Dec2024,As Expected,1,79,1.02,2.11,0.38,01Jan2021-31Dec2023,Worse than Expected,1,59,0.15,0.82,0,01Jan2024-31Dec2024,As Expected,1,0.44,1.19,0.11,As Expected,1,105,68.7,88,45.2,01Jul2025-30Sep2025,201,,1,102,974,98,257,0,,,259,0,,,259,0,,,32,1,0,1,31,1,102,983,4,1,105,996,12,23,25,26,14,1,105,1003,18,259,0,,
52613,18,DaVita Eaton Canyon Dialysis,01Jan2021-31Dec2024,2,1,2551 E. Washington Blvd.,,Pasadena,CA,91107,Los Angeles,(626) 798-8896,Profit,Yes,DaVita,Yes,31,Yes,Yes,No,2/20/85,01Oct2024-30Sep2025,01Oct2024-30Sep2025,01Jan2021-31Dec2024,As Expected,1,371,22.1,34.9,14.4,01Jan2024-31Dec2024,As Expected,1,97,157.2,245.7,107.8,01Jan2024-31Dec2024,As Expected,1,95,33.2,47.6,20.8,01Jan2024-31Dec2024,As Expected,1,41,27,81.8,11.7,01Jan2021-31Dec2023,As Expected,1,27,0.42,2.32,0.01,As Expected,1,83,16,37.2,5.8,01Jan2024-31Dec2024,As Expected,1,50,1.05,2.14,0.61,01Jan2023-31Dec2024,As Expected,1,88,1.27,2.23,0.61,01Jan2021-31Dec2023,As Expected,1,44,0.21,1.2,0.01,01Jan2024-31Dec2024,Better than Expected,1,0.21,0.7,0.04,As Expected,1,96,66.1,86.3,46.1,01Jul2025-30Sep2025,1,4,280,87,582,,280,13,102,,280,0,,,280,0,,,20,1,0,1,30,280,110,778,,280,110,786,,,,,,1,96,666,15,280,0,,
52614,17,DaVita Auburn Dialysis,01Jan2021-31Dec2024,5,1,3126 PROFESSIONAL DRIVE #100,,AUBURN,CA,95603,Placer,(530) 886-8221,Profit,Yes,DaVita,No,16,Yes,Yes,No,2/6/85,01Oct2024-30Sep2025,01Oct2024-30Sep2025,01Jan2021-31Dec2024,As Expected,1,319,21.6,31.8,15.2,01Jan2024-31Dec2024,As Expected,1,80,126.9,209.2,81.5,01Jan2024-31Dec2024,As Expected,1,63,34.8,49.4,22,01Jan2024-31Dec2024,As Expected,1,37,4.1,76.7,0.4,01Jan2021-31Dec2023,Not Available,199,27,,,,Better than Expected,1,58,36.4,60.7,17.4,01Jan2024-31Dec2024,As Expected,1,43,0.96,2.02,0.55,01Jan2023-31Dec2024,As Expected,1,46,2.12,3.73,0.87,01Jan2021-31Dec2023,As Expected,1,38,0.29,1.61,0.01,01Jan2024-31Dec2024,As Expected,1,1,2.72,0.25,Better than Expected,1,79,80.3,97.7,63.2,01Jul2025-30Sep2025,1,4,280,68,575,,280,16,102,,280,0,,,280,0,,,8,1,0,1,26,280,94,810,,280,96,834,,,,,,1,79,724,4,280,0,,
52615,17,DaVita Napa Dialysis Center,01Jan2021-31Dec2024,3,1,3900-C Bel Aire Plaza #C,,NAPA,CA,94558,Napa,(707) 253-8938,Profit,Yes,DaVita,Yes,20,Yes,Yes,No,3/25/85,01Oct2024-30Sep2025,01Oct2024-30Sep2025,01Jan2021-31Dec2024,As Expected,1,375,17.8,27.8,11.7,01Jan2024-31Dec2024,As Expected,1,91,133.3,223,86.4,01Jan2024-31Dec2024,As Expected,1,79,29.9,43.2,18.6,01Jan2024-31Dec2024,As Expected,1,34,35.4,99.7,16.1,01Jan2021-31Dec2023,Better than Expected,1,37,3.07,6.32,1.23,As Expected,1,63,15.1,39.4,4.6,01Jan2024-31Dec2024,Worse than Expected,1,36,1.85,3.17,1.12,01Jan2023-31Dec2024,As Expected,1,54,0.95,1.9,0.38,01Jan2021-31Dec2023,As Expected,1,59,0.73,1.86,0.2,01Jan2024-31Dec2024,Better than Expected,1,0.25,0.81,0.04,As Expected,1,117,52.1,72.9,26.7,01Jul2025-30Sep2025,1,3,280,109,1002,,280,0,,,280,0,,,280,0,,,11,1,21,1,19,280,112,1034,,280,118,1060,,,,,,1,117,1074,17,280,0,,
52617,18,RAI - GARDEN GROVE BLVD - GARDEN GROVE,01Jan2021-31Dec2024,3,1,"12555 Garden Grove Blvd., Suite 100",,Garden Grove,CA,92843,Orange,(714) 741-7255,Profit,Yes,Fresenius Medical Care,No,13,Yes,No,No,1/1/87,01Oct2024-30Sep2025,01Oct2024-30Sep2025,01Jan2021-31Dec2024,As Expected,1,155,25.8,43.3,15.2,01Jan2024-31Dec2024,As Expected,1,37,133.5,269.5,72.1,01Jan2024-31Dec2024,As Expected,1,27,35.3,59.1,16.5,01Jan2024-31Dec2024,Not Available,199,17,,,,01Jan2021-31Dec2023,Not Available,199,16,,,,As Expected,1,33,27.4,60.8,8.4,01Jan2024-31Dec2024,As Expected,1,17,1.3,2.93,0.59,01Jan2023-31Dec2024,As Expected,1,23,1.18,3.21,0.2,01Jan2021-31Dec2023,As Expected,1,24,0,1.81,0,01Jan2024-31Dec2024,As Expected,1,0.99,2.7,0.25,As Expected,1,49,74.2,95.1,52.1,01Jul2025-30Sep2025,201,,1,44,403,99,257,0,,,259,0,,,259,0,,,7,1,0,1,14,1,48,447,0,1,49,458,12,23,22,24,19,1,49,457,10,259,0,,
52618,17,DaVita Fairfield Dialysis Center,01Jan2021-31Dec2024,4,1,4660 CENTRAL WAY,,FAIRFIELD,CA,94534,Solano,(707) 863-7369,Profit,Yes,DaVita,No,32,Yes,Yes,Yes,3/29/85,01Oct2024-30Sep2025,01Oct2024-30Sep2025,01Jan2021-31Dec2024,As Expected,1,805,20.6,29.5,14.9,01Jan2024-31Dec2024,As Expected,1,174,99.5,152,69.6,01Jan2024-31Dec2024,As Expected,1,118,30.9,43.7,20.2,01Jan2024-31Dec2024,As Expected,1,75,18.1,48.2,8.7,01Jan2021-31Dec2023,Better than Expected,1,98,2.43,3.65,1.54,Better than Expected,1,186,38.7,53,26.2,01Jan2024-31Dec2024,As Expected,1,80,1.26,2.06,0.87,01Jan2023-31Dec2024,As Expected,1,99,0.88,1.67,0.34,01Jan2021-31Dec2023,As Expected,1,61,0.82,1.92,0.27,01Jan2024-31Dec2024,Better than Expected,1,0.31,0.84,0.08,As Expected,1,135,52.9,72.6,28.9,01Jul2025-30Sep2025,1,5,280,115,1013,,280,105,465,,280,0,,,280,0,,,16,1,0,1,44,280,227,1551,,280,233,1505,,,,,,1,135,1123,19,280,0,,
52620,18,DaVita Hemet Dialysis Center,01Jan2021-31Dec2024,3,1,3050 W. Florida Avenue,,Hemet,CA,92545,Riverside,(951) 925-9723,Profit,Yes,DaVita,No,39,Yes,No,No,5/9/85,01Oct2024-30Sep2025,01Oct2024-30Sep2025,01Jan2021-31Dec2024,As Expected,1,768,24.4,33.6,18.4,01Jan2024-31Dec2024,As Expected,1,188,146.5,202.3,111.5,01Jan2024-31Dec2024,As Expected,1,196,32.6,40.8,25.3,01Jan2024-31Dec2024,As Expected,1,46,7.6,60.3,1.6,01Jan2021-31Dec2023,Worse than Expected,1,92,0.34,0.99,0.07,As Expected,1,192,17.8,30.6,9.6,01Jan2024-31Dec2024,As Expected,1,48,0.75,1.67,0.41,01Jan2023-31Dec2024,As Expected,1,87,0.87,1.7,0.37,01Jan2021-31Dec2023,As Expected,1,141,0.8,1.43,0.4,01Jan2024-31Dec2024,Better than Expected,1,0.22,0.54,0.07,As Expected,1,242,59,72.7,42.3,01Jul2025-30Sep2025,1,0,280,222,1989,,280,0,,,280,0,,,280,0,,,18,1,2,1,44,280,229,2055,,280,246,2168,,,,,,1,242,2125,19,280,0,,
52621,18,DaVita Brea Dialysis Center,01Jan2021-31Dec2024,3,1,"595 Tamarack Avenue, Suite A",,Brea,CA,92821,Orange,(714) 990-0110,Profit,Yes,DaVita,No,21,Yes,No,No,5/15/85,01Oct2024-30Sep2025,01Oct2024-30Sep2025,01Jan2021-31Dec2024,As Expected,1,294,24.2,35.5,17.1,01Jan2024-31Dec2024,As Expected,1,68,114.7,203.7,68.9,01Jan2024-31Dec2024,As Expected,1,49,36.1,56.2,20,01Jan2024-31Dec2024,As Expected,1,19,14.2,112.5,2.9,01Jan2021-31Dec2023,As Expected,1,30,0.62,2.24,0.08,As Expected,1,65,23.4,46.7,9.6,01Jan2024-31Dec2024,As Expected,1,25,0.56,1.51,0.22,01Jan2023-31Dec2024,As Expected,1,31,0.75,2.1,0.15,01Jan2021-31Dec2023,As Expected,1,58,1.03,2.4,0.33,01Jan2024-31Dec2024,Better than Expected,1,0.27,0.9,0.05,As Expected,1,90,72.5,91.7,53.6,01Jul2025-30Sep2025,1,0,280,80,727,,280,0,,,280,0,,,280,0,,,16,1,11,1,19,280,85,778,,280,92,806,,,,,,1,90,804,14,280,0,,
52622,18,DaVita East LA Plaza Dialysis,01Jan2021-31Dec2024,3,1,"1700 E Cesar E. Chavez Ave., Suite L-100",,Los Angeles,CA,90033,Los Angeles,(323) 261-0484,Profit,Yes,DaVita,Yes,30,Yes,Yes,No,4/11/85,01Oct2024-30Sep2025,01Oct2024-30Sep2025,01Jan2021-31Dec2024,As Expected,1,611,22,31.8,15.7,01Jan2024-31Dec2024,As Expected,1,121,149,219.2,107.6,01Jan2024-31Dec2024,As Expected,1,137,24.9,34.1,16.3,01Jan2024-31Dec2024,As Expected,1,59,23.6,59.7,11.7,01Jan2021-31Dec2023,As Expected,1,87,0.36,1.04,0.07,As Expected,1,176,15.2,27.7,7.7,01Jan2024-31Dec2024,As Expected,1,63,1.28,2.14,0.87,01Jan2023-31Dec2024,As Expected,1,131,0.87,1.45,0.44,01Jan2021-31Dec2023,Worse than Expected,1,75,0.25,0.91,0.03,01Jan2024-31Dec2024,Better than Expected,1,0.08,0.37,0,As Expected,1,153,62.8,78.3,43.9,01Jul2025-30Sep2025,1,2,280,142,1388,,280,54,458,,280,0,,,280,0,,,28,1,0,1,57,280,196,1946,,280,209,1878,,,,,,1,153,1520,26,280,0,,
52624,17,FRESENIUS KIDNEY CARE OF PETALUMA,01Jan2021-31Dec2024,5,1,"715 SOUTH POINT BLVD., SUITE A",,PETALUMA,CA,94954,Sonoma,(707) 765-9379,Profit,Yes,Fresenius Medical Care,No,17,Yes,Yes,No,8/14/85,01Oct2024-30Sep2025,01Oct2024-30Sep2025,01Jan2021-31Dec2024,As Expected,1,365,18.1,29,11.6,01Jan2024-31Dec2024,As Expected,1,97,85.4,159.7,50.3,01Jan2024-31Dec2024,Better than Expected,1,51,7,20.5,1.3,01Jan2024-31Dec2024,As Expected,1,42,17,63.1,6.3,01Jan2021-31Dec2023,As Expected,1,34,1.55,3.97,0.42,Better than Expected,1,83,36.4,57.6,19.4,01Jan2024-31Dec2024,As Expected,1,49,1.09,2.19,0.64,01Jan2023-31Dec2024,As Expected,1,45,1.27,2.76,0.4,01Jan2021-31Dec2023,As Expected,1,48,0.79,2.02,0.21,01Jan2024-31Dec2024,Better than Expected,1,0,0.5,,As Expected,1,94,61,81.1,41.1,01Jul2025-30Sep2025,201,,1,87,855,100,1,24,188,96,259,0,,,259,0,,,6,1,0,1,34,1,112,1077,1,1,118,1128,6,25,34,23,12,1,94,906,15,259,0,,
52627,18,DaVita La Palma Dialysis,01Jan2021-31Dec2024,3,1,7880 Valley View St.,,Buena Park,CA,90620,Orange,(714) 670-6791,Profit,Yes,DaVita,Yes,12,Yes,Yes,No,7/11/85,01Oct2024-30Sep2025,01Oct2024-30Sep2025,01Jan2021-31Dec2024,As Expected,1,366,20.4,31.7,13.6,01Jan2024-31Dec2024,As Expected,1,93,173.6,261.6,120.7,01Jan2024-31Dec2024,As Expected,1,92,30.2,42,20.2,01Jan2024-31Dec2024,As Expected,1,36,47.1,118.9,23.3,01Jan2021-31Dec2023,As Expected,1,29,0.34,1.9,0.01,As Expected,1,87,23.2,43.4,10.7,01Jan2024-31Dec2024,As Expected,1,42,0.56,1.26,0.26,01Jan2023-31Dec2024,As Expected,1,77,0.73,1.39,0.31,01Jan2021-31Dec2023,As Expected,1,49,0.72,2.11,0.15,01Jan2024-31Dec2024,Better than Expected,1,0,0.44,,As Expected,1,106,71.2,89.3,49.3,01Jul2025-30Sep2025,1,0,280,96,864,,280,13,125,,280,0,,,280,0,,,25,1,3,1,36,280,118,1084,,280,121,1123,,,,,,1,106,1001,7,280,0,,
52628,18,DaVita Hanford Dialysis,01Jan2021-31Dec2024,2,1,402 W. Eighth Street,,Hanford,CA,93230,Kings,(559) 582-5462,Profit,Yes,DaVita,No,20,Yes,No,No,8/5/85,01Oct2024-30Sep2025,01Oct2024-30Sep2025,01Jan2021-31Dec2024,As Expected,1,378,22.5,35.7,14.7,01Jan2024-31Dec2024,As Expected,1,104,169.9,259,119,01Jan2024-31Dec2024,As Expected,1,115,30.2,40.4,20.8,01Jan2024-31Dec2024,Worse than Expected,1,69,60.3,111,37.9,01Jan2021-31Dec2023,As Expected,1,53,0.2,1.14,0.01,As Expected,1,102,20.3,39.3,9.1,01Jan2024-31Dec2024,Worse than Expected,1,77,1.57,2.6,1.08,01Jan2023-31Dec2024,As Expected,1,128,1.56,2.31,0.94,01Jan2021-31Dec2023,As Expected,1,80,0.65,1.53,0.21,01Jan2024-31Dec2024,Better than Expected,1,0.11,0.54,0.01,As Expected,1,134,64.3,81.2,43.7,01Jul2025-30Sep2025,1,0,280,109,936,,280,0,,,280,0,,,280,0,,,16,1,2,1,50,280,127,1093,,280,135,1119,,,,,,1,134,1160,18,280,0,,
52629,17,SHC Watsonville,01Jan2021-31Dec2024,5,1,5 Nielson Street,,WATSONVILLE,CA,95076,Santa Cruz,(831) 728-8855,Non-profit,Yes,"US Renal Care, Inc.",Yes,37,Yes,Yes,No,8/29/85,01Oct2024-30Sep2025,01Oct2024-30Sep2025,01Jan2021-31Dec2024,As Expected,1,477,13.8,23.3,8.4,01Jan2024-31Dec2024,As Expected,1,109,100.5,168,65.1,01Jan2024-31Dec2024,As Expected,1,73,24.3,38.1,14.2,01Jan2024-31Dec2024,As Expected,1,74,24.3,56.7,12.8,01Jan2021-31Dec2023,Better than Expected,1,41,2.62,4.82,1.26,Better than Expected,1,110,37.6,56.2,22,01Jan2024-31Dec2024,As Expected,1,86,0.73,1.39,0.45,01Jan2023-31Dec2024,Worse than Expected,1,113,1.78,2.69,1.03,01Jan2021-31Dec2023,As Expected,1,71,1.09,2.16,0.47,01Jan2024-31Dec2024,Better than Expected,1,0,0.3,,As Expected,1,153,69.6,85.3,50.4,01Jul2025-30Sep2025,1,0,1,138,1290,94,201,0,,,259,0,,,259,0,,,27,1,0,1,68,1,148,1386,1,1,157,1434,10,27,26,24,13,1,153,1403,13,259,0,,
52630,17,SHC Santa Rosa,01Jan2021-31Dec2024,3,1,2301 CIRCADIAN WAY #C,,SANTA ROSA,CA,95407,Sonoma,(707) 526-0717,Non-profit,Yes,"US Renal Care, Inc.",Yes,48,Yes,No,No,9/23/85,01Oct2024-30Sep2025,01Oct2024-30Sep2025,01Jan2021-31Dec2024,As Expected,1,579,23,33.3,16.4,01Jan2024-31Dec2024,As Expected,1,158,157.1,221.5,117.5,01Jan2024-31Dec2024,As Expected,1,180,24.4,32,17.6,01Jan2024-31Dec2024,As Expected,1,92,43.6,77.5,28.2,01Jan2021-31Dec2023,As Expected,1,106,0.92,1.69,0.44,As Expected,1,175,24.7,38.6,14.6,01Jan2024-31Dec2024,Worse than Expected,1,106,2.23,3.06,1.76,01Jan2023-31Dec2024,Worse than Expected,1,171,1.98,2.77,1.32,01Jan2021-31Dec2023,As Expected,1,157,0.93,1.54,0.52,01Jan2024-31Dec2024,Better than Expected,1,0.16,0.43,0.04,As Expected,1,229,61.6,75.5,44.8,01Jul2025-30Sep2025,1,0,1,214,1990,98,257,0,,,259,0,,,259,0,,,40,1,0,1,70,1,221,2056,0,1,231,2145,6,19,20,30,24,1,229,2084,22,259,0,,
52631,18,DaVita Wilshire Dialysis Center,01Jan2021-31Dec2024,1,1,1212 Wilshire Blvd.,,Los Angeles,CA,90017,Los Angeles,(213) 482-5181,Profit,Yes,DaVita,Yes,19,Yes,Yes,No,9/9/85,01Oct2024-30Sep2025,01Oct2024-30Sep2025,01Jan2021-31Dec2024,As Expected,1,461,27,40.8,18.5,01Jan2024-31Dec2024,As Expected,1,109,197.3,297.3,139.6,01Jan2024-31Dec2024,As Expected,1,114,29.6,41.3,18.8,01Jan2024-31Dec2024,As Expected,1,55,46.6,102,25.7,01Jan2021-31Dec2023,As Expected,1,77,0.57,1.24,0.21,As Expected,1,154,11.9,24.3,5.4,01Jan2024-31Dec2024,As Expected,1,65,0.71,1.5,0.4,01Jan2023-31Dec2024,As Expected,1,105,0.95,1.8,0.38,01Jan2021-31Dec2023,As Expected,1,90,0.92,1.75,0.42,01Jan2024-31Dec2024,Better than Expected,1,0.24,0.66,0.06,As Expected,1,160,65.9,80.3,48.4,01Jul2025-30Sep2025,1,1,280,142,1208,,280,37,314,,280,0,,,280,0,,,31,1,2,1,49,280,179,1604,,280,189,1653,,,,,,1,160,1375,25,280,0,,
52633,18,MISSION HILLS DIALYSIS LLC,01Jan2021-31Dec2024,2,1,"11550 Indian Hills Road, Suite 100",,Mission Hills,CA,91345,Los Angeles,(818) 898-1724,Profit,Yes,Other,Yes,23,Yes,Yes,No,10/28/85,01Oct2024-30Sep2025,01Oct2024-30Sep2025,01Jan2021-31Dec2024,As Expected,1,424,18.3,28.5,12.1,01Jan2024-31Dec2024,As Expected,1,115,129.2,195.7,91.1,01Jan2024-31Dec2024,As Expected,1,111,25.8,37.1,16.2,01Jan2024-31Dec2024,As Expected,1,52,9,48.6,2.5,01Jan2021-31Dec2023,As Expected,1,72,0.2,1.1,0,As Expected,1,162,11.1,22.4,5.1,01Jan2024-31Dec2024,As Expected,1,56,1.06,2.07,0.64,01Jan2023-31Dec2024,As Expected,1,96,0.8,1.65,0.28,01Jan2021-31Dec2023,Worse than Expected,1,97,0.2,0.71,0.02,01Jan2024-31Dec2024,Better than Expected,1,0.24,0.57,0.08,As Expected,1,188,63,78.2,44.4,01Jul2025-30Sep2025,1,32,1,164,1560,99,1,26,91,96,259,0,,,259,0,,,11,1,0,1,44,1,205,1777,0,1,212,1836,6,26,46,12,11,1,188,1722,30,259,0,,
52634,18,RAI - CENTINELA - INGLEWOOD,01Jan2021-31Dec2024,3,1,1416 Centinela Avenue,,Inglewood,CA,90302,Los Angeles,(310) 673-6865,Profit,Yes,Fresenius Medical Care,No,25,Yes,No,No,11/20/85,01Oct2024-30Sep2025,01Oct2024-30Sep2025,01Jan2021-31Dec2024,As Expected,1,392,16.8,27.9,10.5,01Jan2024-31Dec2024,As Expected,1,86,122.8,208.9,76.7,01Jan2024-31Dec2024,As Expected,1,60,17.7,30.6,8.6,01Jan2024-31Dec2024,As Expected,1,23,0,44.5,0,01Jan2021-31Dec2023,As Expected,1,25,0.47,2.63,0.01,As Expected,1,82,9.9,32.1,2.5,01Jan2024-31Dec2024,As Expected,1,33,1.02,2.24,0.49,01Jan2023-31Dec2024,As Expected,1,53,0.98,1.95,0.39,01Jan2021-31Dec2023,As Expected,1,44,0.25,1.38,0.01,01Jan2024-31Dec2024,Better than Expected,1,0.31,0.85,0.08,As Expected,1,106,44.6,65.7,18.9,01Jul2025-30Sep2025,201,,1,103,928,97,257,0,,,259,0,,,259,0,,,39,1,0,1,18,1,110,1002,1,1,113,1015,10,28,39,13,11,1,106,994,29,259,0,,
52635,18,DaVita Bakersfield Brimhall Dialysis,01Jan2021-31Dec2024,3,1,"8501 Brimhall Road, Bldg. 500",,Bakersfield,CA,93312,Kern,(661) 387-6603,Profit,Yes,DaVita,Yes,20,Yes,No,No,11/6/85,01Oct2024-30Sep2025,01Oct2024-30Sep2025,01Jan2021-31Dec2024,As Expected,1,298,29.7,43.6,21,01Jan2024-31Dec2024,As Expected,1,73,141.3,228.3,92.4,01Jan2024-31Dec2024,As Expected,1,66,18.2,30.6,9.4,01Jan2024-31Dec2024,As Expected,1,28,50.3,133.5,24,01Jan2021-31Dec2023,As Expected,1,25,0.77,2.76,0.09,As Expected,1,106,20.3,38.1,9.5,01Jan2024-31Dec2024,As Expected,1,37,0.87,1.7,0.47,01Jan2023-31Dec2024,As Expected,1,56,0.81,1.75,0.3,01Jan2021-31Dec2023,As Expected,1,44,1.19,2.78,0.39,01Jan2024-31Dec2024,As Expected,1,0.47,1.27,0.12,As Expected,1,128,73.3,89.9,53.1,01Jul2025-30Sep2025,1,0,280,115,901,,280,0,,,280,0,,,280,0,,,4,1,0,1,27,280,121,944,,280,129,933,,,,,,1,128,970,12,280,0,,
52637,18,DaVita Burbank Dialysis,01Jan2021-31Dec2024,4,1,1211 N. San Fernando Blvd.,,Burbank,CA,91504,Los Angeles,(818) 842-5576,Profit,Yes,DaVita,No,24,Yes,No,No,1/27/86,01Oct2024-30Sep2025,01Oct2024-30Sep2025,01Jan2021-31Dec2024,As Expected,1,344,19.7,29.3,13.7,01Jan2024-31Dec2024,As Expected,1,77,136.4,226.5,87,01Jan2024-31Dec2024,As Expected,1,61,28.9,45.5,16.3,01Jan2024-31Dec2024,As Expected,1,36,21.8,94.5,7.2,01Jan2021-31Dec2023,As Expected,1,47,0.74,1.89,0.2,As Expected,1,88,13.2,32.6,4.6,01Jan2024-31Dec2024,As Expected,1,39,0.92,1.8,0.5,01Jan2023-31Dec2024,As Expected,1,61,0.81,1.54,0.34,01Jan2021-31Dec2023,As Expected,1,72,0.28,1.03,0.03,01Jan2024-31Dec2024,As Expected,1,0.52,1.25,0.17,As Expected,1,114,71.8,88.9,51,01Jul2025-30Sep2025,1,0,280,100,847,,280,0,,,280,0,,,280,0,,,3,1,0,1,29,280,111,981,,280,114,941,,,,,,1,114,1026,15,280,0,,
52638,18,DaVita Simi Valley Dialysis,01Jan2021-31Dec2024,3,1,970 Enchanted Way,,Simi Valley,CA,93065,Ventura,(805) 584-9621,Profit,Yes,DaVita,No,24,Yes,Yes,Yes,11/26/85,01Oct2024-30Sep2025,01Oct2024-30Sep2025,01Jan2021-31Dec2024,As Expected,1,325,19.6,28.2,14.1,01Jan2024-31Dec2024,As Expected,1,86,115.4,189.6,74.3,01Jan2024-31Dec2024,As Expected,1,59,23.5,36,13.2,01Jan2024-31Dec2024,As Expected,1,44,19.9,73.9,7.4,01Jan2021-31Dec2023,As Expected,1,44,0.52,1.86,0.06,As Expected,1,89,17.8,38.7,6.9,01Jan2024-31Dec2024,As Expected,1,50,0.9,1.93,0.51,01Jan2023-31Dec2024,As Expected,1,84,0.84,1.44,0.43,01Jan2021-31Dec2023,As Expected,1,64,0.66,1.69,0.18,01Jan2024-31Dec2024,As Expected,1,0.36,1.18,0.06,As Expected,1,111,57.1,79.3,30,01Jul2025-30Sep2025,1,4,280,76,663,,280,0,,,280,0,,,280,0,,,23,1,3,1,35,280,107,907,,280,114,930,,,,,,1,111,956,9,280,0,,
52641,18,DaVita Huntington Beach Dialysis,01Jan2021-31Dec2024,4,1,"16892 Bolsa Chica Street, Suite 100",,Huntington Beach,CA,92649,Orange,(714) 846-2102,Profit,Yes,DaVita,No,10,Yes,No,No,2/6/86,01Oct2024-30Sep2025,01Oct2024-30Sep2025,01Jan2021-31Dec2024,As Expected,1,176,21.7,34.3,13.6,01Jan2024-31Dec2024,As Expected,1,36,136.4,268.4,75.4,01Jan2024-31Dec2024,As Expected,1,25,19.4,43.9,5.6,01Jan2024-31Dec2024,Not Available,199,9,,,,01Jan2021-31Dec2023,Not Available,199,15,,,,As Expected,1,32,15.2,51.1,3,01Jan2024-31Dec2024,As Expected,1,13,1.19,3.07,0.47,01Jan2023-31Dec2024,As Expected,1,23,1.14,3.1,0.21,01Jan2021-31Dec2023,As Expected,1,36,1.31,3.36,0.36,01Jan2024-31Dec2024,As Expected,1,0,1.25,,As Expected,1,49,71.3,93.3,48,01Jul2025-30Sep2025,1,0,280,38,330,,280,0,,,280,0,,,280,0,,,,199,,199,9,280,46,401,,280,49,402,,,,,,1,49,419,9,280,0,,
52643,18,DaVita Tower Dialysis,01Jan2021-31Dec2024,3,1,"8635 W. Third Street, Suite 560W",,Los Angeles,CA,90048,Los Angeles,(310) 855-1742,Profit,Yes,DaVita,No,20,Yes,Yes,No,7/1/86,01Oct2024-30Sep2025,01Oct2024-30Sep2025,01Jan2021-31Dec2024,As Expected,1,363,21.5,34.1,14,01Jan2024-31Dec2024,As Expected,1,89,101.4,172.4,63.3,01Jan2024-31Dec2024,As Expected,1,58,22.2,37.2,11.6,01Jan2024-31Dec2024,As Expected,1,42,14.2,76.9,3.9,01Jan2021-31Dec2023,As Expected,1,34,1.29,3.3,0.35,As Expected,1,90,19.8,39.4,8.6,01Jan2024-31Dec2024,As Expected,1,62,0.56,1.28,0.3,01Jan2023-31Dec2024,As Expected,1,86,1.16,2.13,0.51,01Jan2021-31Dec2023,As Expected,1,72,0.35,1.25,0.04,01Jan2024-31Dec2024,Better than Expected,1,0.23,0.75,0.04,As Expected,1,111,57.1,78.3,31.3,01Jul2025-30Sep2025,1,0,280,102,870,,280,7,48,,280,0,,,280,0,,,17,1,0,1,54,280,114,1041,,280,123,1061,,,,,,1,111,979,21,280,0,,
52644,18,FMC-Alhambra,01Jan2021-31Dec2024,2,1,2300 W. Valley Blvd.,,Alhambra,CA,91803,Los Angeles,(626) 576-7043,Profit,Yes,Fresenius Medical Care,No,20,Yes,No,No,4/14/86,01Oct2024-30Sep2025,01Oct2024-30Sep2025,01Jan2021-31Dec2024,As Expected,1,242,22.9,34.8,15.1,01Jan2024-31Dec2024,As Expected,1,68,133.8,231.7,82.2,01Jan2024-31Dec2024,As Expected,1,53,37.4,55.6,22.3,01Jan2024-31Dec2024,As Expected,1,37,52.8,119.1,28.5,01Jan2021-31Dec2023,Not Available,199,20,,,,As Expected,1,65,10.2,37.6,2.1,01Jan2024-31Dec2024,As Expected,1,44,0.64,1.49,0.29,01Jan2023-31Dec2024,As Expected,1,61,0.98,1.85,0.41,01Jan2021-31Dec2023,As Expected,1,39,1.19,3.05,0.32,01Jan2024-31Dec2024,Better than Expected,1,0,0.43,,As Expected,1,89,59.4,80.5,38.5,01Jul2025-30Sep2025,201,,1,82,696,99,257,0,,,259,0,,,259,0,,,4,1,0,1,26,1,86,782,0,1,89,810,10,26,26,24,14,1,89,792,20,259,0,,
52647,17,SHC Turlock,01Jan2021-31Dec2024,4,1,1729 NORTH OLIVE #9,,TURLOCK,CA,95382,Stanislaus,(209) 667-4888,Non-profit,Yes,"US Renal Care, Inc.",Yes,25,Yes,No,No,3/20/86,01Oct2024-30Sep2025,01Oct2024-30Sep2025,01Jan2021-31Dec2024,As Expected,1,347,21.2,33.4,13.9,01Jan2024-31Dec2024,As Expected,1,87,165.8,256.1,114.9,01Jan2024-31Dec2024,As Expected,1,112,21.4,31.7,13.5,01Jan2024-31Dec2024,As Expected,1,63,8.3,45.3,2.3,01Jan2021-31Dec2023,As Expected,1,44,2.01,3.96,0.87,Better than Expected,1,99,31.3,50,17.2,01Jan2024-31Dec2024,As Expected,1,64,1,1.81,0.64,01Jan2023-31Dec2024,As Expected,1,120,0.82,1.47,0.37,01Jan2021-31Dec2023,As Expected,1,61,0.73,1.71,0.24,01Jan2024-31Dec2024,As Expected,1,0.71,1.4,0.31,As Expected,1,121,65.9,83.9,43.9,01Jul2025-30Sep2025,1,0,1,112,1064,96,257,0,,,201,0,,,259,0,,,9,1,0,1,53,1,117,1129,1,1,124,1190,11,25,24,26,14,1,121,1154,22,201,0,,
52648,18,DaVita San Juan Capistrano South Dialysis,01Jan2021-31Dec2024,4,1,"31736 Rancho Viejo Road, Suite B",,SAN JUAN CAPISTRANO,CA,92675,Orange,(949) 240-1454,Profit,Yes,DaVita,Yes,18,Yes,Yes,No,8/1/86,01Oct2024-30Sep2025,01Oct2024-30Sep2025,01Jan2021-31Dec2024,As Expected,1,322,21.7,31.7,15.4,01Jan2024-31Dec2024,As Expected,1,85,119.8,199.7,76.2,01Jan2024-31Dec2024,As Expected,1,56,30,48.8,15.5,01Jan2024-31Dec2024,As Expected,1,38,34.7,97.9,15.8,01Jan2021-31Dec2023,As Expected,1,29,1.31,3.35,0.36,As Expected,1,61,14.7,38.8,4.4,01Jan2024-31Dec2024,As Expected,1,50,0.66,1.46,0.36,01Jan2023-31Dec2024,As Expected,1,66,1.1,2.13,0.43,01Jan2021-31Dec2023,As Expected,1,58,1,2.33,0.32,01Jan2024-31Dec2024,As Expected,1,0.51,1.38,0.13,Better than Expected,1,95,74.6,91.8,57.6,01Jul2025-30Sep2025,1,3,280,76,675,,280,12,78,,280,0,,,280,0,,,7,1,3,1,30,280,97,867,,280,104,875,,,,,,1,95,805,7,280,0,,
52652,18,DaVita Paramount Dialysis Center,01Jan2021-31Dec2024,2,1,15625 Lakewood Blvd.,,Paramount,CA,90723,Los Angeles,(562) 790-2478,Profit,Yes,DaVita,No,37,Yes,No,No,1/5/87,01Oct2024-30Sep2025,01Oct2024-30Sep2025,01Jan2021-31Dec2024,As Expected,1,543,25.4,36.9,18.1,01Jan2024-31Dec2024,As Expected,1,122,177.2,257.7,129.2,01Jan2024-31Dec2024,As Expected,1,136,29.2,39.3,20.5,01Jan2024-31Dec2024,As Expected,1,49,26.4,79.9,11.4,01Jan2021-31Dec2023,As Expected,1,70,0.41,1.21,0.09,As Expected,1,141,14.3,29,6.3,01Jan2024-31Dec2024,As Expected,1,55,0.89,1.86,0.51,01Jan2023-31Dec2024,As Expected,1,98,0.83,1.66,0.3,01Jan2021-31Dec2023,As Expected,1,103,0.39,1.01,0.11,01Jan2024-31Dec2024,Better than Expected,1,0.34,0.75,0.12,As Expected,1,181,61.9,76.9,43.7,01Jul2025-30Sep2025,1,2,280,165,1591,,280,0,,,280,0,,,280,0,,,19,1,0,1,43,280,173,1676,,280,184,1724,,,,,,1,181,1714,22,280,0,,
52653,18,FMC-CHULA VISTA DIALYSIS CENTER - SOUTH,01Jan2021-31Dec2024,5,1,"2252 Verus Street, Suite D",,San Diego,CA,92154,San Diego,(619) 429-9201,Profit,Yes,Fresenius Medical Care,No,30,Yes,No,No,1/1/87,01Oct2024-30Sep2025,01Oct2024-30Sep2025,01Jan2021-31Dec2024,As Expected,1,626,16.1,24,11.2,01Jan2024-31Dec2024,As Expected,1,145,107.1,161.6,75.7,01Jan2024-31Dec2024,As Expected,1,120,26.8,38.9,17.2,01Jan2024-31Dec2024,As Expected,1,66,17.7,49.9,8.1,01Jan2021-31Dec2023,As Expected,1,74,0.69,1.6,0.22,As Expected,1,138,16.1,32,7.2,01Jan2024-31Dec2024,Worse than Expected,1,76,1.41,2.22,1.01,01Jan2023-31Dec2024,As Expected,1,98,1.09,1.88,0.51,01Jan2021-31Dec2023,Worse than Expected,1,96,0.3,0.87,0.06,01Jan2024-31Dec2024,Better than Expected,1,0.23,0.76,0.04,As Expected,1,193,56.4,72.9,36.4,01Jul2025-30Sep2025,201,,1,186,1734,99,257,0,,,259,0,,,259,0,,,4,1,0,1,47,1,187,1746,1,1,193,1785,7,23,28,26,17,1,193,1781,5,259,0,,
52654,18,RAI - NORTH GAREY - POMONA,01Jan2021-31Dec2024,3,1,150 E. Arrow Highway,,Pomona,CA,91767,Los Angeles,(909) 593-5863,Profit,Yes,Fresenius Medical Care,No,29,Yes,Yes,No,1/6/87,01Oct2024-30Sep2025,01Oct2024-30Sep2025,01Jan2021-31Dec2024,As Expected,1,316,20.3,31.6,13.5,01Jan2024-31Dec2024,As Expected,1,82,111.1,195.3,67.4,01Jan2024-31Dec2024,Worse than Expected,1,58,46.2,66.6,28.9,01Jan2024-31Dec2024,As Expected,1,28,13.5,107.3,2.8,01Jan2021-31Dec2023,As Expected,1,35,0.7,2.52,0.08,As Expected,1,102,19.6,39.2,8.4,01Jan2024-31Dec2024,As Expected,1,32,1.29,2.55,0.69,01Jan2023-31Dec2024,As Expected,1,26,1.26,3.28,0.27,01Jan2021-31Dec2023,As Expected,1,46,0.23,1.26,0.01,01Jan2024-31Dec2024,As Expected,1,0.57,1.26,0.21,As Expected,1,129,59.2,78.6,35.6,01Jul2025-30Sep2025,201,,1,118,1026,99,201,0,,,259,0,,,259,0,,,9,1,5,1,22,1,124,1089,1,1,128,1137,9,20,27,26,18,1,129,1131,23,259,0,,
52656,18,FMC-DIALYSIS CENTERS OF VENTURA COUNTY,01Jan2021-31Dec2024,4,1,"4567 Telephone Road, Suite 101",,Ventura,CA,93003,Ventura,(805) 658-9211,Profit,Yes,Fresenius Medical Care,Yes,27,Yes,Yes,No,2/20/87,01Oct2024-30Sep2025,01Oct2024-30Sep2025,01Jan2021-31Dec2024,As Expected,1,775,20.2,28.5,14.9,01Jan2024-31Dec2024,As Expected,1,180,129.5,189.5,93.9,01Jan2024-31Dec2024,As Expected,1,117,28.8,40.7,18.7,01Jan2024-31Dec2024,As Expected,1,85,29.6,64.7,16.3,01Jan2021-31Dec2023,As Expected,1,71,1.4,2.75,0.6,As Expected,1,138,20,36.9,9.6,01Jan2024-31Dec2024,As Expected,1,101,1.16,1.83,0.82,01Jan2023-31Dec2024,As Expected,1,111,1.23,2.06,0.64,01Jan2021-31Dec2023,As Expected,1,96,0.72,1.56,0.26,01Jan2024-31Dec2024,As Expected,1,0.68,1.34,0.3,As Expected,1,174,69.4,84.5,51,01Jul2025-30Sep2025,201,,1,152,1467,99,1,11,33,100,259,0,,,259,0,,,7,1,0,1,56,1,177,1607,1,1,188,1648,8,24,29,25,14,1,174,1602,9,259,0,,
52657,18,RAI - CORPORATE WAY - PALM DESERT,01Jan2021-31Dec2024,3,1,41-501 Corporate Way,,Palm Desert,CA,92260,Riverside,(760) 346-7588,Profit,Yes,Fresenius Medical Care,No,21,Yes,Yes,Yes,3/16/87,01Oct2024-30Sep2025,01Oct2024-30Sep2025,01Jan2021-31Dec2024,As Expected,1,474,25.8,39.7,17.3,01Jan2024-31Dec2024,As Expected,1,119,114.4,185.8,76,01Jan2024-31Dec2024,As Expected,1,78,23.8,36.3,13.4,01Jan2024-31Dec2024,As Expected,1,59,48.9,104.2,27.6,01Jan2021-31Dec2023,As Expected,1,74,1.24,2.44,0.53,As Expected,1,123,23.8,40.3,12.7,01Jan2024-31Dec2024,As Expected,1,80,1.17,1.98,0.78,01Jan2023-31Dec2024,As Expected,1,112,1.11,1.91,0.51,01Jan2021-31Dec2023,As Expected,1,101,0.43,1.1,0.12,01Jan2024-31Dec2024,As Expected,1,0.61,1.21,0.27,As Expected,1,150,65.5,81.6,45.9,01Jul2025-30Sep2025,201,,1,125,1098,96,1,22,160,89,259,0,,,259,0,,,28,1,2,1,54,1,157,1372,2,1,171,1450,7,19,25,26,23,1,150,1272,20,259,0,,
52658,18,Kidney Institute of the Desert,01Jan2021-31Dec2024,4,1,"81715 Doctor Carreon Blvd., Suite B-2",,Indio,CA,92201,Riverside,(760) 347-8181,Profit,No,Independent,No,20,Yes,Yes,No,3/8/87,01Oct2024-30Sep2025,01Oct2024-30Sep2025,01Jan2021-31Dec2024,As Expected,1,264,22.3,35.9,14.4,01Jan2024-31Dec2024,As Expected,1,70,152.8,243.9,101,01Jan2024-31Dec2024,As Expected,1,76,38.9,52.3,26.4,01Jan2024-31Dec2024,As Expected,1,41,8,63.9,1.7,01Jan2021-31Dec2023,As Expected,1,53,1.37,2.82,0.55,As Expected,1,84,23.7,45.4,10.4,01Jan2024-31Dec2024,As Expected,1,42,1.08,2.07,0.66,01Jan2023-31Dec2024,As Expected,1,86,0.72,1.4,0.28,01Jan2021-31Dec2023,Worse than Expected,1,64,0.15,0.83,0,01Jan2024-31Dec2024,Not Available,201,,,,As Expected,1,105,68.8,87.2,46.5,01Jul2025-30Sep2025,1,100,1,95,887,99,201,0,,,201,0,,,201,0,,,3,1,3,1,38,1,96,891,0,1,107,964,13,29,36,13,10,1,105,940,13,201,0,,
52661,18,DaVita Corona Dialysis Center,01Jan2021-31Dec2024,4,1,"2057 Compton Avenue, #101",,Corona,CA,92881,Riverside,(951) 735-5845,Profit,Yes,DaVita,No,24,Yes,No,No,8/18/87,01Oct2024-30Sep2025,01Oct2024-30Sep2025,01Jan2021-31Dec2024,As Expected,1,459,22,33.4,15,01Jan2024-31Dec2024,As Expected,1,110,128.7,205.8,86.6,01Jan2024-31Dec2024,As Expected,1,97,21.9,33.6,12.5,01Jan2024-31Dec2024,As Expected,1,31,25.6,94.8,9.5,01Jan2021-31Dec2023,As Expected,1,42,1.09,3.19,0.22,As Expected,1,97,22.6,42.3,10.4,01Jan2024-31Dec2024,As Expected,1,35,0.67,1.52,0.31,01Jan2023-31Dec2024,As Expected,1,60,0.91,1.67,0.4,01Jan2021-31Dec2023,Better than Expected,1,64,2.92,4.89,1.59,01Jan2024-31Dec2024,Better than Expected,1,0.34,0.93,0.09,As Expected,1,140,67,83.4,47,01Jul2025-30Sep2025,1,3,280,133,1142,,280,0,,,280,0,,,280,0,,,21,1,0,1,28,280,140,1219,,280,143,1180,,,,,,1,140,1249,15,280,0,,
52663,17,DaVita Antelope Dialysis Center,01Jan2021-31Dec2024,3,1,6406 TUPELO DRIVE STE-A,,CITRUS HEIGHTS,CA,95621,Sacramento,(916) 721-1800,Profit,Yes,DaVita,No,31,Yes,No,No,6/15/87,01Oct2024-30Sep2025,01Oct2024-30Sep2025,01Jan2021-31Dec2024,As Expected,1,541,21.9,32.4,15.3,01Jan2024-31Dec2024,As Expected,1,127,103.1,161.8,70.5,01Jan2024-31Dec2024,As Expected,1,102,31.1,42.2,21.5,01Jan2024-31Dec2024,As Expected,1,47,28.4,80.2,13,01Jan2021-31Dec2023,As Expected,1,61,0.56,1.64,0.12,As Expected,1,120,14.3,31.1,5.8,01Jan2024-31Dec2024,As Expected,1,52,1.3,2.41,0.82,01Jan2023-31Dec2024,As Expected,1,62,1.67,2.87,0.83,01Jan2021-31Dec2023,As Expected,1,90,0.44,1.14,0.12,01Jan2024-31Dec2024,As Expected,1,0.77,1.46,0.36,As Expected,1,163,64.7,82,43.7,01Jul2025-30Sep2025,1,0,280,145,1284,,280,0,,,280,0,,,280,0,,,5,1,2,1,41,280,154,1415,,280,164,1465,,,,,,1,163,1464,16,280,0,,
52665,18,DaVita Santa Monica Dialysis,01Jan2021-31Dec2024,3,1,"1260 15th Street, Suite 102",,Santa Monica,CA,90404,Los Angeles,(310) 393-4744,Profit,Yes,DaVita,No,22,Yes,No,No,9/1/87,01Oct2024-30Sep2025,01Oct2024-30Sep2025,01Jan2021-31Dec2024,Better than Expected,1,530,13.8,20.8,9.5,01Jan2024-31Dec2024,As Expected,1,126,171.3,238.4,129.7,01Jan2024-31Dec2024,Worse than Expected,1,178,36.2,45.3,27.6,01Jan2024-31Dec2024,Worse than Expected,1,57,58.5,107.8,36.8,01Jan2021-31Dec2023,As Expected,1,27,0.93,3.37,0.11,As Expected,1,85,15.3,38.6,4.9,01Jan2024-31Dec2024,As Expected,1,72,1.05,1.72,0.73,01Jan2023-31Dec2024,As Expected,1,210,1.05,1.55,0.68,01Jan2021-31Dec2023,As Expected,1,69,1.64,3.12,0.75,01Jan2024-31Dec2024,Better than Expected,1,0.22,0.59,0.06,As Expected,1,146,56.7,75.4,33.9,01Jul2025-30Sep2025,1,3,280,136,1185,,280,0,,,280,0,,,280,0,,,24,1,0,1,62,280,147,1259,,280,149,1288,,,,,,1,146,1248,24,280,0,,
52666,18,DaVita Tulare Dialysis,01Jan2021-31Dec2024,3,1,545 E. Tulare Avenue,,Tulare,CA,93274,Tulare,(559) 688-8991,Profit,Yes,DaVita,Yes,16,Yes,No,No,10/5/87,01Oct2024-30Sep2025,01Oct2024-30Sep2025,01Jan2021-31Dec2024,As Expected,1,356,21,34.7,13,01Jan2024-31Dec2024,As Expected,1,91,195,301.2,135.1,01Jan2024-31Dec2024,As Expected,1,101,31.1,43.6,19.8,01Jan2024-31Dec2024,As Expected,1,48,51.1,103.9,29.8,01Jan2021-31Dec2023,As Expected,1,46,0.58,1.7,0.12,As Expected,1,123,16.9,34.2,7.4,01Jan2024-31Dec2024,As Expected,1,58,1.18,2.16,0.75,01Jan2023-31Dec2024,As Expected,1,84,1.11,2.17,0.42,01Jan2021-31Dec2023,As Expected,1,77,1.02,2.1,0.41,01Jan2024-31Dec2024,Better than Expected,1,0.29,0.78,0.07,As Expected,1,144,57.2,74.9,35.5,01Jul2025-30Sep2025,1,0,280,126,1103,,280,0,,,280,0,,,280,0,,,5,1,2,1,43,280,137,1215,,280,148,1245,,,,,,1,144,1258,22,280,0,,
52668,18,FMC-CAMARILLO DIALYSIS CENTER,01Jan2021-31Dec2024,5,1,"3801 Las Posas Road, Suite 103",,Camarillo,CA,93010,Ventura,(805) 388-2449,Profit,Yes,Fresenius Medical Care,No,15,Yes,Yes,Yes,2/10/88,01Oct2024-30Sep2025,01Oct2024-30Sep2025,01Jan2021-31Dec2024,As Expected,1,180,16.5,27.6,9.7,01Jan2024-31Dec2024,As Expected,1,44,124,231.5,72.2,01Jan2024-31Dec2024,As Expected,1,39,24.6,42.7,10.3,01Jan2024-31Dec2024,Not Available,199,16,,,,01Jan2021-31Dec2023,As Expected,1,28,0.41,2.29,0.01,As Expected,1,26,27.3,68.7,6,01Jan2024-31Dec2024,As Expected,1,17,1.57,3.26,0.79,01Jan2023-31Dec2024,As Expected,1,28,1.69,3.45,0.6,01Jan2021-31Dec2023,As Expected,1,39,0.34,1.92,0.01,01Jan2024-31Dec2024,As Expected,1,0.35,1.73,0.02,As Expected,1,50,66.9,90,42.6,01Jul2025-30Sep2025,201,,1,43,419,97,201,0,,,259,0,,,259,0,,,25,1,0,1,16,1,48,440,0,1,50,449,11,28,27,26,8,1,50,426,8,259,0,,
52670,18,DaVita Imperial Dialysis,01Jan2021-31Dec2024,2,1,2738 W. Imperial Highway,,Inglewood,CA,90303,Los Angeles,(323) 779-5399,Profit,Yes,DaVita,No,30,Yes,No,No,5/19/88,01Oct2024-30Sep2025,01Oct2024-30Sep2025,01Jan2021-31Dec2024,As Expected,1,521,18.5,28.4,12.5,01Jan2024-31Dec2024,As Expected,1,119,140.2,211.9,98.9,01Jan2024-31Dec2024,As Expected,1,108,20.6,30,12.7,01Jan2024-31Dec2024,As Expected,1,49,33.3,88.4,15.9,01Jan2021-31Dec2023,Worse than Expected,1,70,0,0.53,0,As Expected,1,126,12.3,28.6,4.7,01Jan2024-31Dec2024,As Expected,1,54,0.39,1.18,0.17,01Jan2023-31Dec2024,Better than Expected,1,99,0.24,0.8,0.03,01Jan2021-31Dec2023,Worse than Expected,1,91,0.32,0.93,0.07,01Jan2024-31Dec2024,Better than Expected,1,0.4,0.88,0.14,As Expected,1,159,63.1,79.4,43.3,01Jul2025-30Sep2025,1,3,280,144,1381,,280,0,,,280,0,,,280,0,,,21,1,0,1,42,280,157,1510,,280,161,1487,,,,,,1,159,1522,19,280,0,,
52671,18,DaVita United Dialysis Center,01Jan2021-31Dec2024,3,1,3111 Long Beach Blvd.,,Long Beach,CA,90807,Los Angeles,(562) 426-5155,Profit,Yes,DaVita,Yes,28,Yes,No,No,9/1/88,01Oct2024-30Sep2025,01Oct2024-30Sep2025,01Jan2021-31Dec2024,As Expected,1,539,15.7,25.2,10,01Jan2024-31Dec2024,As Expected,1,118,137.5,207.1,97.3,01Jan2024-31Dec2024,As Expected,1,108,23.1,33.8,14.2,01Jan2024-31Dec2024,As Expected,1,52,12.5,54.2,4.1,01Jan2021-31Dec2023,As Expected,1,57,0.92,2,0.34,As Expected,1,119,14.3,29.5,6.2,01Jan2024-31Dec2024,As Expected,1,57,1.01,1.93,0.62,01Jan2023-31Dec2024,As Expected,1,83,0.91,1.8,0.3,01Jan2021-31Dec2023,Worse than Expected,1,77,0.11,0.62,0,01Jan2024-31Dec2024,As Expected,1,0.57,1.12,0.25,As Expected,1,157,57.7,75.4,36.2,01Jul2025-30Sep2025,1,3,280,151,1479,,280,0,,,280,0,,,280,0,,,38,1,3,1,40,280,153,1508,,280,157,1537,,,,,,1,157,1541,24,280,0,,
52674,18,DaVita Delano Dialysis,01Jan2021-31Dec2024,3,1,405 Dover Parkway,,Delano,CA,93215,Kern,(661) 725-1370,Profit,Yes,DaVita,No,32,Yes,No,No,10/7/88,01Oct2024-30Sep2025,01Oct2024-30Sep2025,01Jan2021-31Dec2024,As Expected,1,477,22.6,35.3,14.9,01Jan2024-31Dec2024,As Expected,1,104,141.3,221.3,96.7,01Jan2024-31Dec2024,As Expected,1,92,30.1,46.2,18.3,01Jan2024-31Dec2024,As Expected,1,54,2.3,43.1,0.2,01Jan2021-31Dec2023,Worse than Expected,1,48,0,0.92,0,As Expected,1,134,14.7,29.8,6.5,01Jan2024-31Dec2024,As Expected,1,57,1.06,1.9,0.68,01Jan2023-31Dec2024,As Expected,1,94,1.48,2.38,0.76,01Jan2021-31Dec2023,Worse than Expected,1,64,0,0.62,0,01Jan2024-31Dec2024,As Expected,1,0.61,1.15,0.28,As Expected,1,150,62.2,79.1,41.7,01Jul2025-30Sep2025,1,2,280,146,1464,,280,0,,,280,0,,,280,0,,,8,1,0,1,49,280,148,1480,,280,151,1382,,,,,,1,150,1495,20,280,0,,
52675,17,DaVita East Bay Peritoneal Dialysis Center,01Jan2021-31Dec2024,5,1,13939 E 14TH STREET STE 110,,SAN LEANDRO,CA,94578,Alameda,(510) 614-1380,Profit,Yes,DaVita,No,4,No,Yes,No,11/4/88,01Oct2024-30Sep2025,01Oct2024-30Sep2025,01Jan2021-31Dec2024,As Expected,1,57,17.4,48.9,4.2,01Jan2024-31Dec2024,As Expected,1,14,87.6,339.5,26.8,01Jan2024-31Dec2024,Not Available,199,7,,,,01Jan2024-31Dec2024,Not Available,199,7,,,,01Jan2021-31Dec2023,Not Available,199,10,,,,As Expected,1,18,40.3,79.2,10.7,01Jan2024-31Dec2024,As Expected,1,10,1.06,3.23,0.36,01Jan2023-31Dec2024,As Expected,1,11,0,2.37,0,01Jan2021-31Dec2023,Not Available,201,0,,,,01Jan2024-31Dec2024,Not Available,201,,,,Not Available,256,0,,,,01Jul2025-30Sep2025,1,9,280,0,,,280,23,207,,280,0,,,280,0,,,,199,,199,7,280,23,207,,280,22,196,,,,,,256,0,,,280,0,,
52676,17,DCI UNIVERSITY DIALYSIS CLINIC,01Jan2021-31Dec2024,3,1,1771 STOCKTON BLVD,,SACRAMENTO,CA,95816,Sacramento,(916) 453-0803,Non-profit,Yes,"Dialysis Clinic, Inc.",Yes,24,Yes,Yes,Yes,11/1/88,01Oct2024-30Sep2025,01Oct2024-30Sep2025,01Jan2021-31Dec2024,As Expected,1,376,22,36.1,13.8,01Jan2024-31Dec2024,As Expected,1,90,110.6,187.5,70.9,01Jan2024-31Dec2024,As Expected,1,71,26.8,39.3,16.5,01Jan2024-31Dec2024,As Expected,1,66,8.1,35.1,2.7,01Jan2021-31Dec2023,As Expected,1,56,0.65,1.52,0.21,As Expected,1,126,20.9,36.8,10.7,01Jan2024-31Dec2024,As Expected,1,77,0.78,1.39,0.5,01Jan2023-31Dec2024,As Expected,1,90,0.94,1.77,0.41,01Jan2021-31Dec2023,Worse than Expected,1,51,0,0.76,0,01Jan2024-31Dec2024,Better than Expected,1,0.27,0.72,0.07,As Expected,1,116,58.1,78,33.8,01Jul2025-30Sep2025,1,0,1,104,1044,98,1,28,193,85,201,0,,,201,0,,,11,1,2,1,57,1,138,1329,1,1,148,1399,5,17,23,29,26,1,116,1103,29,201,0,,
52677,17,SAN JOAQUIN VALLEY DIALYSIS,01Jan2021-31Dec2024,3,1,3636 NORTH FIRST #144,,FRESNO,CA,93726,Fresno,(559) 221-6311,Profit,Yes,Fresenius Medical Care,Yes,22,Yes,Yes,No,1/20/89,01Oct2024-30Sep2025,01Oct2024-30Sep2025,01Jan2021-31Dec2024,As Expected,1,392,23.5,36.6,15.6,01Jan2024-31Dec2024,As Expected,1,90,172.3,268.8,118.4,01Jan2024-31Dec2024,As Expected,1,88,32.6,42.9,22.9,01Jan2024-31Dec2024,As Expected,1,47,41.4,96.4,21.8,01Jan2021-31Dec2023,As Expected,1,48,0.92,2.36,0.25,As Expected,1,107,24.4,43.9,11.7,01Jan2024-31Dec2024,As Expected,1,51,1.15,2.21,0.7,01Jan2023-31Dec2024,As Expected,1,77,1.08,2.06,0.45,01Jan2021-31Dec2023,As Expected,1,66,0.76,1.77,0.25,01Jan2024-31Dec2024,Better than Expected,1,0.1,0.5,0.01,As Expected,1,132,55.6,74.8,32.2,01Jul2025-30Sep2025,201,,1,125,1101,99,201,0,,,259,0,,,259,0,,,26,1,0,1,31,1,125,1102,0,1,134,1160,15,33,32,13,6,1,132,1174,27,259,0,,
52678,18,FMC-GATEWAY DIALYSIS CENTER - EAST,01Jan2021-31Dec2024,4,1,"720 Gateway Center Drive, Suite B",,San Diego,CA,92102,San Diego,(619) 264-4100,Profit,Yes,Fresenius Medical Care,No,24,Yes,No,No,1/20/89,01Oct2024-30Sep2025,01Oct2024-30Sep2025,01Jan2021-31Dec2024,As Expected,1,427,15.1,25,9.4,01Jan2024-31Dec2024,As Expected,1,103,106.7,176.8,69.7,01Jan2024-31Dec2024,As Expected,1,76,21.9,34.3,12.3,01Jan2024-31Dec2024,As Expected,1,39,13.3,57.6,4.4,01Jan2021-31Dec2023,As Expected,1,35,0.26,1.47,0.01,As Expected,1,119,14.2,31.1,5.7,01Jan2024-31Dec2024,As Expected,1,49,0.86,1.67,0.53,01Jan2023-31Dec2024,As Expected,1,80,0.82,1.64,0.31,01Jan2021-31Dec2023,Worse than Expected,1,59,0.17,0.95,0,01Jan2024-31Dec2024,As Expected,1,0.67,1.48,0.25,As Expected,1,157,55.1,72.9,33.4,01Jul2025-30Sep2025,201,,1,152,1402,98,257,0,,,259,0,,,259,0,,,32,1,0,1,31,1,153,1433,1,1,156,1448,8,17,22,28,25,1,157,1478,10,259,0,,
52682,18,DaVita Fontana Dialysis,01Jan2021-31Dec2024,3,1,17590 Foothill Blvd.,,Fontana,CA,92335,San Bernardino,(909) 356-9664,Profit,Yes,DaVita,Yes,28,Yes,No,No,6/26/89,01Oct2024-30Sep2025,01Oct2024-30Sep2025,01Jan2021-31Dec2024,As Expected,1,661,25.8,36.2,19,01Jan2024-31Dec2024,As Expected,1,161,133.1,195.5,96.2,01Jan2024-31Dec2024,As Expected,1,137,33.2,45.4,23.2,01Jan2024-31Dec2024,As Expected,1,50,13.1,56.5,4.3,01Jan2021-31Dec2023,As Expected,1,67,0.47,1.36,0.1,As Expected,1,171,22.1,36,12.5,01Jan2024-31Dec2024,As Expected,1,61,1.05,1.93,0.66,01Jan2023-31Dec2024,As Expected,1,90,0.89,1.74,0.35,01Jan2021-31Dec2023,As Expected,1,109,1.57,2.55,0.9,01Jan2024-31Dec2024,As Expected,1,0.78,1.3,0.43,As Expected,1,213,60.7,75.3,43,01Jul2025-30Sep2025,1,1,280,196,1782,,280,0,,,280,0,,,280,0,,,5,1,2,1,57,280,204,1862,,280,215,1931,,,,,,1,213,1920,15,280,0,,
52683,18,RAI - EAST OLYMPIC - LOS ANGELES,01Jan2021-31Dec2024,2,1,5714 East Olympic Blvd.,,Los Angeles,CA,90022,Los Angeles,(323) 887-0841,Profit,Yes,Fresenius Medical Care,No,24,Yes,Yes,Yes,5/22/89,01Oct2024-30Sep2025,01Oct2024-30Sep2025,01Jan2021-31Dec2024,As Expected,1,370,28.8,45.8,18.7,01Jan2024-31Dec2024,As Expected,1,94,141.3,240.4,90.3,01Jan2024-31Dec2024,As Expected,1,69,24.7,38.9,13.9,01Jan2024-31Dec2024,As Expected,1,41,15.1,81.9,4.2,01Jan2021-31Dec2023,As Expected,1,55,0.18,1.01,0,As Expected,1,150,8.4,21.3,3,01Jan2024-31Dec2024,As Expected,1,44,0.69,1.84,0.33,01Jan2023-31Dec2024,As Expected,1,46,0.49,1.63,0.06,01Jan2021-31Dec2023,Worse than Expected,1,58,0,0.62,0,01Jan2024-31Dec2024,Better than Expected,1,0.18,0.59,0.03,As Expected,1,147,63,79.1,43.5,01Jul2025-30Sep2025,201,,1,124,1049,99,1,18,169,93,259,0,,,259,0,,,13,1,0,1,30,1,158,1435,2,1,171,1501,11,24,24,27,15,1,147,1305,26,259,0,,
52684,18,Peritoneal Dialysis Center of America-San Gabriel PC,01Jan2021-31Dec2024,1,1,"809 S. Atlantic Blvd., Suite 103",,Monterey Park,CA,91754,Los Angeles,(626) 576-8556,Profit,No,Independent,No,2,No,Yes,No,7/22/89,01Oct2024-30Sep2025,01Oct2024-30Sep2025,01Jan2021-31Dec2024,As Expected,1,118,16.9,36.1,6.6,01Jan2024-31Dec2024,As Expected,1,26,162.6,332.9,86.8,01Jan2024-31Dec2024,As Expected,1,20,42.2,70.8,18.4,01Jan2024-31Dec2024,Not Available,199,11,,,,01Jan2021-31Dec2023,As Expected,1,37,0.65,1.89,0.13,As Expected,1,48,24.6,51.7,9.1,01Jan2024-31Dec2024,As Expected,1,13,1.12,2.77,0.46,01Jan2023-31Dec2024,As Expected,1,17,1.4,3.1,0.36,01Jan2021-31Dec2023,Not Available,201,0,,,,01Jan2024-31Dec2024,Not Available,201,,,,Not Available,256,0,,,,01Jul2025-30Sep2025,1,53,256,0,,,1,48,423,41,259,0,,,259,0,,,8,1,0,1,12,1,48,423,38,1,42,194,7,26,29,24,14,256,0,,,259,0,,
52685,17,DaVita Hayward Dialysis Center,01Jan2021-31Dec2024,4,1,21615 HESPERIAN BOULEVARD SUITE F,,HAYWARD,CA,94541,Alameda,(510) 780-9094,Profit,Yes,DaVita,Yes,30,Yes,No,No,10/18/89,01Oct2024-30Sep2025,01Oct2024-30Sep2025,01Jan2021-31Dec2024,As Expected,1,438,18.2,28.2,12.1,01Jan2024-31Dec2024,As Expected,1,103,113.3,184.9,74.9,01Jan2024-31Dec2024,As Expected,1,87,28.7,41.8,17.7,01Jan2024-31Dec2024,As Expected,1,52,28.5,72,14.1,01Jan2021-31Dec2023,As Expected,1,40,0.28,1.56,0.01,Better than Expected,1,116,34.8,51.9,20.9,01Jan2024-31Dec2024,As Expected,1,54,1.46,2.48,0.98,01Jan2023-31Dec2024,As Expected,1,88,1.01,1.9,0.46,01Jan2021-31Dec2023,Worse than Expected,1,74,0,0.44,0,01Jan2024-31Dec2024,Better than Expected,1,0.1,0.48,0.01,As Expected,1,150,64.9,81.2,45,01Jul2025-30Sep2025,1,2,280,142,1339,,280,0,,,280,0,,,280,0,,,3,1,0,1,36,280,149,1432,,280,154,1478,,,,,,1,150,1455,12,280,0,,
52686,18,FRESENIUS MEDICAL CARE BALBOA LA MESA,01Jan2021-31Dec2024,3,1,5995 Severin Drive,,La Mesa,CA,91942,San Diego,(619) 462-9992,Profit,Yes,Fresenius Medical Care,No,24,Yes,No,No,9/26/89,01Oct2024-30Sep2025,01Oct2024-30Sep2025,01Jan2021-31Dec2024,As Expected,1,651,19.1,27.5,13.7,01Jan2024-31Dec2024,As Expected,1,161,128,182.4,95,01Jan2024-31Dec2024,As Expected,1,162,26.6,34.3,19.9,01Jan2024-31Dec2024,As Expected,1,86,28.9,60.1,16.6,01Jan2021-31Dec2023,As Expected,1,79,0.89,2.27,0.24,As Expected,1,159,16.6,30.8,8.1,01Jan2024-31Dec2024,As Expected,1,101,0.83,1.4,0.56,01Jan2023-31Dec2024,Better than Expected,1,150,0.43,0.85,0.18,01Jan2021-31Dec2023,Worse than Expected,1,142,0.33,0.86,0.09,01Jan2024-31Dec2024,Better than Expected,1,0.16,0.53,0.03,As Expected,1,216,58,73.6,39.1,01Jul2025-30Sep2025,201,,1,197,1765,98,257,0,,,259,0,,,259,0,,,7,1,0,1,55,1,207,1885,2,1,214,1983,6,19,27,29,19,1,216,1954,10,259,0,,
52687,18,BMA CARSON COMMUNITY DIALYSIS,01Jan2021-31Dec2024,5,1,"20710 S. Leapwood Avenue, Suite F",,Carson,CA,90746,Los Angeles,(310) 323-8997,Profit,Yes,Fresenius Medical Care,No,11,Yes,No,No,6/9/89,01Oct2024-30Sep2025,01Oct2024-30Sep2025,01Jan2021-31Dec2024,As Expected,1,212,13.7,23.2,7.9,01Jan2024-31Dec2024,As Expected,1,49,109.5,201,64.7,01Jan2024-31Dec2024,As Expected,1,39,23.3,42.8,8.5,01Jan2024-31Dec2024,As Expected,1,17,9,168.5,1,01Jan2021-31Dec2023,Not Available,199,16,,,,As Expected,1,50,11.4,43.1,2.2,01Jan2024-31Dec2024,As Expected,1,22,0.36,1.3,0.11,01Jan2023-31Dec2024,As Expected,1,34,0.23,1.28,0.01,01Jan2021-31Dec2023,As Expected,1,26,0,1.52,0,01Jan2024-31Dec2024,As Expected,1,0.31,1.5,0.02,As Expected,1,71,70.6,93.6,47.8,01Jul2025-30Sep2025,201,,1,67,610,100,257,0,,,259,0,,,259,0,,,0,1,0,1,13,1,68,615,0,1,71,641,5,22,28,29,16,1,71,640,5,259,0,,
52689,17,DaVita Walnut Creek Dialysis Center,01Jan2021-31Dec2024,4,1,404 NORTH WIGET LANE,,WALNUT CREEK,CA,94598,Contra Costa,(925) 937-0203,Profit,Yes,DaVita,Yes,24,Yes,Yes,No,8/25/89,01Oct2024-30Sep2025,01Oct2024-30Sep2025,01Jan2021-31Dec2024,As Expected,1,334,19.7,28.7,14.1,01Jan2024-31Dec2024,As Expected,1,78,145.1,240.9,92.6,01Jan2024-31Dec2024,As Expected,1,62,22.2,36.7,11.3,01Jan2024-31Dec2024,As Expected,1,27,33.3,123.5,12.3,01Jan2021-31Dec2023,Not Available,199,21,,,,As Expected,1,60,34.6,61.8,14.7,01Jan2024-31Dec2024,As Expected,1,34,1.26,2.44,0.68,01Jan2023-31Dec2024,As Expected,1,67,1.2,2.22,0.49,01Jan2021-31Dec2023,As Expected,1,44,0.79,2.32,0.16,01Jan2024-31Dec2024,As Expected,1,1.09,2.15,0.48,As Expected,1,85,56.4,78.9,34.2,01Jul2025-30Sep2025,1,7,280,77,645,,280,8,52,,280,0,,,280,0,,,23,1,0,1,13,280,89,731,,280,91,738,,,,,,1,85,684,22,280,0,,
52690,18,FMC-EL CENTRO DESERT DIALYSIS CENTER,01Jan2021-31Dec2024,4,1,110 S. Fifth Street,,El Centro,CA,92243,Imperial,(760) 353-0353,Profit,Yes,Fresenius Medical Care,No,20,Yes,No,No,10/31/89,01Oct2024-30Sep2025,01Oct2024-30Sep2025,01Jan2021-31Dec2024,As Expected,1,418,18.2,29.9,11.4,01Jan2024-31Dec2024,Better than Expected,1,109,72.1,136.5,42.1,01Jan2024-31Dec2024,As Expected,1,49,22.1,42.1,9.6,01Jan2024-31Dec2024,Not Available,199,10,,,,01Jan2021-31Dec2023,As Expected,1,34,0.82,2.96,0.1,As Expected,1,78,16.7,37.4,6.3,01Jan2024-31Dec2024,As Expected,1,84,1.03,1.73,0.7,01Jan2023-31Dec2024,As Expected,1,59,1.75,2.98,0.79,01Jan2021-31Dec2023,As Expected,1,54,0.64,1.87,0.13,01Jan2024-31Dec2024,As Expected,1,0.42,1.14,0.11,As Expected,1,105,57.3,78.7,31.3,01Jul2025-30Sep2025,201,,1,104,1025,100,257,0,,,259,0,,,259,0,,,22,1,0,1,64,1,105,1029,0,1,107,1054,9,22,30,26,12,1,105,1031,12,259,0,,
52691,17,DaVita Cameron Park Dialysis,01Jan2021-31Dec2024,4,1,3311 COACH LN STE C,,CAMERON PARK,CA,95682,El Dorado,(530) 677-5114,Profit,Yes,DaVita,Yes,23,Yes,No,No,8/30/89,01Oct2024-30Sep2025,01Oct2024-30Sep2025,01Jan2021-31Dec2024,As Expected,1,401,22.6,34.7,15.3,01Jan2024-31Dec2024,As Expected,1,103,133.9,220.6,87.9,01Jan2024-31Dec2024,As Expected,1,76,15.9,28.5,7.8,01Jan2024-31Dec2024,As Expected,1,42,45.1,105.1,23.7,01Jan2021-31Dec2023,As Expected,1,40,1.1,3.23,0.23,As Expected,1,67,25.3,49.7,10.4,01Jan2024-31Dec2024,As Expected,1,54,1.02,2.03,0.61,01Jan2023-31Dec2024,As Expected,1,69,1.11,2.12,0.48,01Jan2021-31Dec2023,As Expected,1,70,1.2,2.47,0.48,01Jan2024-31Dec2024,Better than Expected,1,0.14,0.71,0.01,As Expected,1,107,63.6,83.4,39.4,01Jul2025-30Sep2025,1,2,280,96,828,,280,0,,,280,0,,,280,0,,,14,1,0,1,35,280,106,956,,280,108,985,,,,,,1,107,993,16,280,0,,
52694,17,FRESENIUS MEDICAL CARE LOS GATOS,01Jan2021-31Dec2024,5,1,14651 SOUTH BASCOM SUITE 100,,LOS GATOS,CA,95032,Santa Clara,(408) 358-3791,Profit,Yes,Fresenius Medical Care,No,12,Yes,No,No,3/26/90,01Oct2024-30Sep2025,01Oct2024-30Sep2025,01Jan2021-31Dec2024,As Expected,1,201,17.5,28.8,10.5,01Jan2024-31Dec2024,As Expected,1,56,180.8,286.7,121.3,01Jan2024-31Dec2024,As Expected,1,57,22.4,36.7,11.6,01Jan2024-31Dec2024,As Expected,1,35,10.3,81.8,2.1,01Jan2021-31Dec2023,Not Available,199,17,,,,Better than Expected,1,39,56.4,80.4,29,01Jan2024-31Dec2024,As Expected,1,42,1,2.14,0.57,01Jan2023-31Dec2024,As Expected,1,73,1.04,2.02,0.41,01Jan2021-31Dec2023,As Expected,1,35,0.29,1.63,0.01,01Jan2024-31Dec2024,As Expected,1,0.29,1.41,0.01,As Expected,1,59,67.3,87.8,45.6,01Jul2025-30Sep2025,201,,1,56,501,99,257,0,,,259,0,,,259,0,,,14,1,0,1,29,1,60,560,3,1,60,583,5,23,31,27,13,1,59,574,7,259,0,,
52695,18,DaVita Los Angeles Dialysis Center,01Jan2021-31Dec2024,1,1,3901 S. Western Avenue,,Los Angeles,CA,90062,Los Angeles,(323) 294-0670,Profit,Yes,DaVita,No,28,Yes,Yes,No,3/1/90,01Oct2024-30Sep2025,01Oct2024-30Sep2025,01Jan2021-31Dec2024,As Expected,1,367,22.7,36.9,14.4,01Jan2024-31Dec2024,Worse than Expected,1,80,216.9,321.5,153.1,01Jan2024-31Dec2024,As Expected,1,88,30.3,41.1,20.4,01Jan2024-31Dec2024,As Expected,1,33,44.2,133.8,19.1,01Jan2021-31Dec2023,Worse than Expected,1,46,0,0.65,0,As Expected,1,126,10.1,24.5,3.8,01Jan2024-31Dec2024,As Expected,1,39,1.35,2.46,0.77,01Jan2023-31Dec2024,As Expected,1,59,1.07,2.12,0.42,01Jan2021-31Dec2023,As Expected,1,49,0.19,1.05,0,01Jan2024-31Dec2024,Better than Expected,1,0.28,0.76,0.07,As Expected,1,129,62.6,80.7,40.6,01Jul2025-30Sep2025,1,0,280,123,1101,,280,23,162,,280,0,,,280,0,,,33,1,0,1,30,280,145,1327,,280,149,1352,,,,,,1,129,1175,23,280,0,,
52696,18,DaVita Visalia Dialysis,01Jan2021-31Dec2024,4,1,5429 W. Cypress Avenue,,Visalia,CA,93277,Tulare,(559) 738-9279,Profit,Yes,DaVita,No,24,Yes,Yes,No,7/6/90,01Oct2024-30Sep2025,01Oct2024-30Sep2025,01Jan2021-31Dec2024,As Expected,1,481,25.7,38.9,17.6,01Jan2024-31Dec2024,As Expected,1,109,138.8,216.5,95.4,01Jan2024-31Dec2024,As Expected,1,94,27.7,41.5,17.1,01Jan2024-31Dec2024,As Expected,1,60,17.4,52.7,7.5,01Jan2021-31Dec2023,As Expected,1,55,0.69,1.78,0.19,As Expected,1,152,28,43.3,16.5,01Jan2024-31Dec2024,As Expected,1,64,0.98,1.85,0.61,01Jan2023-31Dec2024,As Expected,1,76,1.96,3.56,0.85,01Jan2021-31Dec2023,As Expected,1,80,1.07,2.11,0.46,01Jan2024-31Dec2024,Better than Expected,1,0.11,0.56,0.01,As Expected,1,124,65.5,83.3,43.8,01Jul2025-30Sep2025,1,0,280,110,1037,,280,42,335,,280,0,,,280,0,,,14,1,0,1,49,280,159,1471,,280,159,1400,,,,,,1,124,1162,11,280,0,,
52699,18,High Desert Hemodialysis,01Jan2021-31Dec2024,4,1,"1007 W. Avenue M-14, Suite B",,Palmdale,CA,93551,Los Angeles,(661) 265-7810,Profit,No,Independent,No,10,Yes,Yes,No,9/5/90,01Oct2024-30Sep2025,01Oct2024-30Sep2025,01Jan2021-31Dec2024,As Expected,1,264,23.3,36,15.5,01Jan2024-31Dec2024,As Expected,1,63,133.8,231.8,82.3,01Jan2024-31Dec2024,As Expected,1,51,23.2,40.6,10.5,01Jan2024-31Dec2024,Not Available,199,10,,,,01Jan2021-31Dec2023,Not Available,199,22,,,,As Expected,1,52,23.1,54.6,7,01Jan2024-31Dec2024,Worse than Expected,1,19,1.81,3.21,1.05,01Jan2023-31Dec2024,As Expected,1,36,1.46,2.77,0.56,01Jan2021-31Dec2023,Worse than Expected,1,45,0,0.88,0,01Jan2024-31Dec2024,Not Available,201,,,,As Expected,1,76,70.9,90.3,51.8,01Jul2025-30Sep2025,201,,1,63,618,97,201,0,,,259,0,,,259,0,,,39,1,0,1,18,1,72,706,1,1,78,716,8,23,28,26,15,1,76,714,15,259,0,,
52700,18,DaVita Monterey Park Dialysis Center,01Jan2021-31Dec2024,3,1,883 S Atlantic Blvd Unit H,,Monterey Park,CA,91754,Los Angeles,(323) 780-8787,Profit,Yes,DaVita,Yes,28,Yes,Yes,No,8/30/90,01Oct2024-30Sep2025,01Oct2024-30Sep2025,01Jan2021-31Dec2024,As Expected,1,328,22.1,36.4,13.8,01Jan2024-31Dec2024,As Expected,1,71,135.5,232.5,84,01Jan2024-31Dec2024,As Expected,1,54,27.7,45.2,14.8,01Jan2024-31Dec2024,As Expected,1,40,7.6,60.2,1.6,01Jan2021-31Dec2023,As Expected,1,30,0.25,1.39,0.01,As Expected,1,88,15.8,34.2,6.3,01Jan2024-31Dec2024,As Expected,1,47,0.72,1.66,0.38,01Jan2023-31Dec2024,As Expected,1,63,1.12,2.13,0.41,01Jan2021-31Dec2023,As Expected,1,41,0.62,1.8,0.13,01Jan2024-31Dec2024,Better than Expected,1,0.26,0.84,0.04,As Expected,1,96,59.9,79.6,40.4,01Jul2025-30Sep2025,1,0,280,83,797,,280,14,137,,280,0,,,280,0,,,14,1,0,1,28,280,106,1063,,280,109,1004,,,,,,1,96,938,21,280,0,,
52701,18,USRC Earl Street Dialysis,01Jan2021-31Dec2024,3,1,"20911 Earl Street, Suite 160",,Torrance,CA,90503,Los Angeles,(310) 371-4244,Profit,Yes,"US Renal Care, Inc.",No,9,Yes,No,No,11/2/90,01Oct2024-30Sep2025,01Oct2024-30Sep2025,01Jan2021-31Dec2024,As Expected,1,180,23.3,36.6,14.8,01Jan2024-31Dec2024,As Expected,1,47,128.6,230.8,77.5,01Jan2024-31Dec2024,As Expected,1,43,24.3,44.5,10.4,01Jan2024-31Dec2024,Worse than Expected,1,29,95.5,190.6,56.6,01Jan2021-31Dec2023,Not Available,199,19,,,,As Expected,1,33,30.6,63.1,10.2,01Jan2024-31Dec2024,As Expected,1,30,0.86,1.96,0.4,01Jan2023-31Dec2024,As Expected,1,37,1.35,3.06,0.41,01Jan2021-31Dec2023,Worse than Expected,1,37,0,0.98,0,01Jan2024-31Dec2024,As Expected,1,0.49,1.62,0.08,As Expected,1,56,66.2,86.2,45,01Jul2025-30Sep2025,1,0,1,55,532,96,257,0,,,259,0,,,259,0,,,7,1,0,1,28,1,56,545,2,1,58,567,9,22,27,32,10,1,56,543,10,259,0,,
52703,17,RAI - WEST MARCH - STOCKTON,01Jan2021-31Dec2024,3,1,3115 WEST MARCH LANE SUITE A,,STOCKTON,CA,95219,San Joaquin,(209) 955-7527,Profit,Yes,Fresenius Medical Care,No,36,Yes,Yes,Yes,11/19/90,01Oct2024-30Sep2025,01Oct2024-30Sep2025,01Jan2021-31Dec2024,As Expected,1,487,23.4,35.4,16,01Jan2024-31Dec2024,As Expected,1,129,128.2,200,88.1,01Jan2024-31Dec2024,As Expected,1,96,25.3,37.9,14.9,01Jan2024-31Dec2024,As Expected,1,37,27.8,103.2,10.3,01Jan2021-31Dec2023,As Expected,1,76,0.67,1.56,0.22,As Expected,1,138,27.2,42.4,15.9,01Jan2024-31Dec2024,As Expected,1,40,0.68,1.73,0.29,01Jan2023-31Dec2024,As Expected,1,45,0.47,1.59,0.05,01Jan2021-31Dec2023,As Expected,1,82,1.83,3.13,0.97,01Jan2024-31Dec2024,As Expected,1,0.59,1.22,0.24,As Expected,1,144,52.8,71.1,30.5,01Jul2025-30Sep2025,201,,1,127,1197,98,1,53,453,94,259,0,,,259,0,,,17,1,0,1,23,1,183,1755,1,1,194,1865,7,18,28,29,18,1,144,1366,20,259,0,,
52705,17,Fresenius N. California - Stockton,01Jan2021-31Dec2024,3,1,545 E. Cleveland Street,,Stockton,CA,95204,San Joaquin,(209) 943-0854,Profit,Yes,Fresenius Medical Care,No,20,Yes,No,No,2/26/91,01Oct2024-30Sep2025,01Oct2024-30Sep2025,01Jan2021-31Dec2024,As Expected,1,282,22,32.9,15.2,01Jan2024-31Dec2024,As Expected,1,77,134.1,214.1,88.6,01Jan2024-31Dec2024,As Expected,1,75,26.9,39,16.8,01Jan2024-31Dec2024,As Expected,1,26,29.8,110.6,11,01Jan2021-31Dec2023,As Expected,1,31,1.18,3.44,0.24,As Expected,1,80,23,45.5,9.7,01Jan2024-31Dec2024,As Expected,1,30,1.08,2.25,0.55,01Jan2023-31Dec2024,As Expected,1,44,1.67,3.17,0.69,01Jan2021-31Dec2023,As Expected,1,50,0.77,2.24,0.16,01Jan2024-31Dec2024,As Expected,1,0.51,1.23,0.16,As Expected,1,104,54.5,76.8,27.4,01Jul2025-30Sep2025,201,,1,99,831,97,257,0,,,259,0,,,259,0,,,25,1,0,1,20,1,102,870,1,1,106,914,10,29,32,19,9,1,104,909,23,259,0,,
52706,17,DaVita Atwater Dialysis,01Jan2021-31Dec2024,5,1,1201 COMMERCE AVE,,ATWATER,CA,95301,Merced,(209) 358-7681,Profit,Yes,DaVita,No,16,Yes,No,No,3/14/91,01Oct2024-30Sep2025,01Oct2024-30Sep2025,01Jan2021-31Dec2024,As Expected,1,330,21.1,32,14.5,01Jan2024-31Dec2024,As Expected,1,84,117.5,207,72.9,01Jan2024-31Dec2024,As Expected,1,60,21,36.8,10.3,01Jan2024-31Dec2024,As Expected,1,46,15.6,57.9,5.8,01Jan2021-31Dec2023,As Expected,1,45,1.97,3.89,0.85,Better than Expected,1,96,39.8,58.2,23.9,01Jan2024-31Dec2024,As Expected,1,49,0.8,1.76,0.45,01Jan2023-31Dec2024,As Expected,1,62,0.85,2.03,0.25,01Jan2021-31Dec2023,Worse than Expected,1,69,0.14,0.78,0,01Jan2024-31Dec2024,Better than Expected,1,0.15,0.74,0.01,As Expected,1,121,75.7,92.8,54.8,01Jul2025-30Sep2025,1,0,280,103,929,,280,0,,,280,0,,,280,0,,,16,1,3,1,38,280,114,1016,,280,122,987,,,,,,1,121,1079,12,280,0,,
52707,17,DaVita Alhambra Dialysis Center,01Jan2021-31Dec2024,2,1,1315 ALHAMBRA BLVD #100,,SACRAMENTO,CA,95816,Sacramento,(916) 457-8252,Profit,Yes,DaVita,No,20,Yes,No,No,3/22/91,01Oct2024-30Sep2025,01Oct2024-30Sep2025,01Jan2021-31Dec2024,As Expected,1,347,23.8,38.6,15.2,01Jan2024-31Dec2024,As Expected,1,76,145.9,235.8,95.4,01Jan2024-31Dec2024,Worse than Expected,1,68,43.5,59.8,29.1,01Jan2024-31Dec2024,As Expected,1,33,19.6,84.9,6.5,01Jan2021-31Dec2023,As Expected,1,35,0.31,1.75,0.01,As Expected,1,79,10.3,31.4,2.8,01Jan2024-31Dec2024,As Expected,1,36,1.26,2.21,0.75,01Jan2023-31Dec2024,As Expected,1,64,0.91,1.97,0.33,01Jan2021-31Dec2023,As Expected,1,61,0.58,1.68,0.12,01Jan2024-31Dec2024,As Expected,1,1.07,2.11,0.47,As Expected,1,98,55,76.2,34.1,01Jul2025-30Sep2025,1,2,280,93,847,,280,0,,,280,0,,,280,0,,,37,1,0,1,27,280,95,862,,280,99,876,,,,,,1,98,866,16,280,0,,
52708,18,FRESENIUS MEDICAL CARE NORTH COAST KIDNEY CENTER,01Jan2021-31Dec2024,4,1,"3300 Vista Way, Suite A",,Oceanside,CA,92056,San Diego,(760) 721-4344,Profit,Yes,Fresenius Medical Care,Yes,30,Yes,No,No,3/29/91,01Oct2024-30Sep2025,01Oct2024-30Sep2025,01Jan2021-31Dec2024,As Expected,1,595,15.7,23.7,10.7,01Jan2024-31Dec2024,As Expected,1,144,133.5,201.8,94.2,01Jan2024-31Dec2024,As Expected,1,114,36,50,24.4,01Jan2024-31Dec2024,As Expected,1,53,33.8,89.8,16.1,01Jan2021-31Dec2023,As Expected,1,41,0.94,2.74,0.19,As Expected,1,144,14.4,28.8,6.5,01Jan2024-31Dec2024,As Expected,1,65,0.93,1.87,0.55,01Jan2023-31Dec2024,As Expected,1,81,1.05,2.05,0.4,01Jan2021-31Dec2023,As Expected,1,62,0.47,1.39,0.1,01Jan2024-31Dec2024,As Expected,1,0.65,1.34,0.26,As Expected,1,192,66.4,81.3,48.1,01Jul2025-30Sep2025,201,,1,183,1739,100,257,0,,,259,0,,,259,0,,,14,1,0,1,36,1,184,1757,1,1,191,1827,12,29,28,21,11,1,192,1835,6,259,0,,
52709,17,DaVita Vacaville Dialysis Center,01Jan2021-31Dec2024,4,1,941 MERCHANT ST,,VACAVILLE,CA,95688,Solano,(707) 447-8191,Profit,Yes,DaVita,No,15,Yes,No,No,2/28/91,01Oct2024-30Sep2025,01Oct2024-30Sep2025,01Jan2021-31Dec2024,As Expected,1,413,21.1,33,13.9,01Jan2024-31Dec2024,As Expected,1,101,94.6,166.7,58.7,01Jan2024-31Dec2024,As Expected,1,67,30.1,45.5,17.8,01Jan2024-31Dec2024,As Expected,1,36,8.7,69.1,1.8,01Jan2021-31Dec2023,As Expected,1,41,0.78,2.28,0.16,As Expected,1,93,24.2,44.8,11.1,01Jan2024-31Dec2024,As Expected,1,44,1.33,2.41,0.85,01Jan2023-31Dec2024,As Expected,1,64,0.91,1.87,0.33,01Jan2021-31Dec2023,As Expected,1,62,1.1,2.4,0.41,01Jan2024-31Dec2024,As Expected,1,0.31,1.01,0.05,As Expected,1,122,58.7,79.5,33.4,01Jul2025-30Sep2025,1,3,280,113,1017,,280,0,,,280,0,,,280,0,,,21,1,3,1,29,280,117,1053,,280,118,993,,,,,,1,122,1102,14,280,0,,
52710,18,"La Puente Dialysis Center, Inc.",01Jan2021-31Dec2024,3,1,14557 Temple Avenue,,La Puente,CA,91744,Los Angeles,(626) 917-1719,Profit,No,Independent,Yes,24,Yes,No,No,4/8/91,01Oct2024-30Sep2025,01Oct2024-30Sep2025,01Jan2021-31Dec2024,As Expected,1,415,22.9,37.8,14.3,01Jan2024-31Dec2024,As Expected,1,95,123.3,209,79,01Jan2024-31Dec2024,As Expected,1,73,23,39.7,11.3,01Jan2024-31Dec2024,As Expected,1,48,36.7,85.5,19.3,01Jan2021-31Dec2023,Worse than Expected,1,59,0.27,0.97,0.03,As Expected,1,131,13.2,27.2,5.8,01Jan2024-31Dec2024,As Expected,1,54,0.66,1.48,0.36,01Jan2023-31Dec2024,As Expected,1,87,1.36,2.41,0.6,01Jan2021-31Dec2023,Worse than Expected,1,78,0.2,0.74,0.02,01Jan2024-31Dec2024,Not Available,201,,,,As Expected,1,154,68,83.5,49.3,01Jul2025-30Sep2025,1,5,1,144,1489,97,257,0,,,259,0,,,259,0,,,14,1,0,1,52,1,150,1559,1,1,155,1599,1,23,40,21,13,1,154,1590,13,259,0,,
52711,17,SOUTHGATE DIALYSIS,01Jan2021-31Dec2024,2,1,7231 E SOUTHGATE DRIVE,,SACRAMENTO,CA,95823,Sacramento,(916) 395-7585,Non-profit,Yes,"Dialysis Clinic, Inc.",No,22,Yes,No,No,4/26/91,01Oct2024-30Sep2025,01Oct2024-30Sep2025,01Jan2021-31Dec2024,As Expected,1,194,25.1,39.9,15.6,01Jan2024-31Dec2024,As Expected,1,51,108.7,193.7,65.9,01Jan2024-31Dec2024,As Expected,1,41,33.8,50.7,19.6,01Jan2024-31Dec2024,As Expected,1,35,20.4,75.8,7.6,01Jan2021-31Dec2023,As Expected,1,28,1.05,3.07,0.22,As Expected,1,74,10.7,30.7,3.1,01Jan2024-31Dec2024,As Expected,1,41,0.85,1.91,0.46,01Jan2023-31Dec2024,As Expected,1,50,1.27,2.34,0.53,01Jan2021-31Dec2023,As Expected,1,39,0.22,1.25,0.01,01Jan2024-31Dec2024,Better than Expected,1,0,0.44,,As Expected,1,79,48.2,70.7,26,01Jul2025-30Sep2025,1,0,1,64,638,98,257,0,,,259,0,,,259,0,,,12,1,3,1,33,1,77,762,0,1,82,792,5,21,28,26,20,1,79,774,27,259,0,,
52712,18,DaVita Lambert Dialysis,01Jan2021-31Dec2024,3,1,12455 Washington Blvd.,,WHITTIER,CA,90602,Los Angeles,(562) 670-3921,Profit,Yes,DaVita,Yes,34,Yes,Yes,No,6/17/91,01Oct2024-30Sep2025,01Oct2024-30Sep2025,01Jan2021-31Dec2024,As Expected,1,758,22.1,30.8,16.5,01Jan2024-31Dec2024,Worse than Expected,1,185,198.3,262.4,156.6,01Jan2024-31Dec2024,As Expected,1,214,26.3,34.2,19.5,01Jan2024-31Dec2024,As Expected,1,50,26.4,80.1,11.4,01Jan2021-31Dec2023,As Expected,1,88,0.56,1.3,0.18,As Expected,1,155,23,38,12.7,01Jan2024-31Dec2024,As Expected,1,67,0.61,1.26,0.35,01Jan2023-31Dec2024,As Expected,1,155,0.69,1.28,0.32,01Jan2021-31Dec2023,As Expected,1,128,0.74,1.41,0.34,01Jan2024-31Dec2024,Not Available,201,,,,As Expected,1,204,66.2,80.7,48.6,01Jul2025-30Sep2025,1,0,280,187,1304,,280,23,181,,280,0,,,280,0,,,22,1,0,1,46,280,216,1552,,280,225,1453,,,,,,1,204,1390,13,280,0,,
52713,18,DaVita University Park Dialysis Center,01Jan2021-31Dec2024,2,1,3986 S. Figueroa Street,,Los Angeles,CA,90037,Los Angeles,(213) 749-8297,Profit,Yes,DaVita,No,20,Yes,No,No,6/7/91,01Oct2024-30Sep2025,01Oct2024-30Sep2025,01Jan2021-31Dec2024,As Expected,1,281,19.9,31.9,12.8,01Jan2024-31Dec2024,As Expected,1,71,137.2,226.1,88.1,01Jan2024-31Dec2024,As Expected,1,58,33.4,47.5,21.1,01Jan2024-31Dec2024,As Expected,1,33,40.9,135.4,16.5,01Jan2021-31Dec2023,As Expected,1,51,0.36,1.31,0.04,As Expected,1,120,6.6,21.4,1.8,01Jan2024-31Dec2024,As Expected,1,40,1.14,2.09,0.65,01Jan2023-31Dec2024,As Expected,1,74,0.94,1.67,0.44,01Jan2021-31Dec2023,Worse than Expected,1,64,0,0.5,0,01Jan2024-31Dec2024,Better than Expected,1,0.09,0.46,0.01,As Expected,1,140,55.1,72.8,33.7,01Jul2025-30Sep2025,1,3,280,133,1267,,280,0,,,280,0,,,280,0,,,16,1,0,1,31,280,135,1298,,280,141,1229,,,,,,1,140,1320,22,280,0,,
52714,18,Desert Cities Dialysis,01Jan2021-31Dec2024,1,1,12675 Hesperia Road,,Victorville,CA,92392,San Bernardino,(760) 241-8063,Profit,No,Independent,Yes,30,Yes,Yes,Yes,8/5/91,01Oct2024-30Sep2025,01Oct2024-30Sep2025,01Jan2021-31Dec2024,As Expected,1,752,25.4,35.6,18.8,01Jan2024-31Dec2024,As Expected,1,182,158.1,218.7,120.2,01Jan2024-31Dec2024,As Expected,1,181,29.6,38,22.2,01Jan2024-31Dec2024,As Expected,1,68,52.7,103.3,31.7,01Jan2021-31Dec2023,As Expected,1,108,0.59,1.29,0.22,As Expected,1,197,15.4,27.9,7.9,01Jan2024-31Dec2024,As Expected,1,76,0.64,1.23,0.4,01Jan2023-31Dec2024,As Expected,1,191,1.01,1.54,0.61,01Jan2021-31Dec2023,As Expected,1,126,0.96,1.72,0.48,01Jan2024-31Dec2024,Not Available,201,,,,As Expected,1,212,47.4,62.3,29.3,01Jul2025-30Sep2025,201,,1,188,1673,95,1,28,213,31,259,0,,,259,0,,,12,1,0,1,52,1,222,1975,1,1,241,2047,7,26,34,17,15,1,212,1851,37,259,0,,
52715,18,USRC Lomita Dialysis,01Jan2021-31Dec2024,2,1,1830 Lomita Blvd.,,Lomita,CA,90717,Los Angeles,(310) 530-7796,Profit,Yes,"US Renal Care, Inc.",No,21,Yes,No,No,9/25/91,01Oct2024-30Sep2025,01Oct2024-30Sep2025,01Jan2021-31Dec2024,As Expected,1,363,26.9,40.9,18.3,01Jan2024-31Dec2024,As Expected,1,95,161.1,251.9,110.5,01Jan2024-31Dec2024,As Expected,1,98,31.6,44.8,20.2,01Jan2024-31Dec2024,As Expected,1,34,11.5,91.4,2.4,01Jan2021-31Dec2023,As Expected,1,64,0.29,1.04,0.03,As Expected,1,99,13.6,31.7,5.1,01Jan2024-31Dec2024,As Expected,1,38,0.99,2.05,0.51,01Jan2023-31Dec2024,As Expected,1,55,0.73,1.7,0.22,01Jan2021-31Dec2023,Worse than Expected,1,91,0.21,0.75,0.03,01Jan2024-31Dec2024,Better than Expected,1,0.19,0.61,0.03,As Expected,1,124,71.9,87.9,52.4,01Jul2025-30Sep2025,1,0,1,111,1070,98,257,0,,,259,0,,,259,0,,,18,1,0,1,28,1,123,1195,1,1,128,1229,8,21,27,26,18,1,124,1192,17,259,0,,
52717,18,DaVita Greater El Monte Dialysis Center,01Jan2021-31Dec2024,2,1,"1938 Tyler Avenue, Suite J-168",,South El Monte,CA,91733,Los Angeles,(626) 350-6692,Profit,Yes,DaVita,No,14,Yes,No,No,10/15/91,01Oct2024-30Sep2025,01Oct2024-30Sep2025,01Jan2021-31Dec2024,As Expected,1,223,23.6,36.6,15.1,01Jan2024-31Dec2024,As Expected,1,55,137.8,238.7,84.7,01Jan2024-31Dec2024,As Expected,1,46,29.5,47.2,15.2,01Jan2024-31Dec2024,As Expected,1,21,46.4,140.4,20,01Jan2021-31Dec2023,Worse than Expected,1,36,0,1,0,As Expected,1,76,13.9,37,4.3,01Jan2024-31Dec2024,As Expected,1,22,0.91,1.95,0.44,01Jan2023-31Dec2024,As Expected,1,37,0.38,1.28,0.05,01Jan2021-31Dec2023,As Expected,1,55,0.57,1.66,0.12,01Jan2024-31Dec2024,Better than Expected,1,0.14,0.68,0.01,As Expected,1,95,65.8,84.1,47.8,01Jul2025-30Sep2025,1,3,280,90,829,,280,0,,,280,0,,,280,0,,,14,1,0,1,21,280,92,862,,280,96,847,,,,,,1,95,901,21,280,0,,
52719,17,DaVita San Francisco Dialysis,01Jan2021-31Dec2024,5,1,1499 WEBSTER STREET,,SAN FRANCISCO,CA,94115,San Francisco,(415) 928-9003,Profit,Yes,DaVita,No,30,Yes,Yes,Yes,6/17/91,01Oct2024-30Sep2025,01Oct2024-30Sep2025,01Jan2021-31Dec2024,As Expected,1,417,17.2,27.2,11.3,01Jan2024-31Dec2024,As Expected,1,85,154.7,246.8,104.3,01Jan2024-31Dec2024,As Expected,1,102,27.3,38.2,17.5,01Jan2024-31Dec2024,As Expected,1,27,0,34.7,0,01Jan2021-31Dec2023,Not Available,199,21,,,,As Expected,1,68,30.6,54.8,13.8,01Jan2024-31Dec2024,As Expected,1,39,1.41,2.39,0.86,01Jan2023-31Dec2024,As Expected,1,64,0.98,1.78,0.43,01Jan2021-31Dec2023,As Expected,1,45,0.25,1.38,0.01,01Jan2024-31Dec2024,As Expected,1,0.65,1.57,0.21,As Expected,1,107,67.2,87.4,42.5,01Jul2025-30Sep2025,1,0,280,105,878,,280,0,,,280,0,,,280,0,,,17,1,0,1,35,280,109,910,,280,112,869,,,,,,1,107,898,11,280,0,,
52720,18,Citrus Dialysis Center,01Jan2021-31Dec2024,3,1,"315 N. Third Avenue, Suite 104",,Covina,CA,91723,Los Angeles,(626) 331-0133,Profit,No,Independent,No,22,Yes,No,No,12/2/91,01Oct2024-30Sep2025,01Oct2024-30Sep2025,01Jan2021-31Dec2024,As Expected,1,302,27.7,41.1,19.4,01Jan2024-31Dec2024,As Expected,1,72,134.2,227.3,84.1,01Jan2024-31Dec2024,As Expected,1,57,30.1,49.3,16.1,01Jan2024-31Dec2024,As Expected,1,34,44,111.2,21.8,01Jan2021-31Dec2023,As Expected,1,32,1.09,3.18,0.22,As Expected,1,72,32.1,54.1,15.9,01Jan2024-31Dec2024,As Expected,1,36,0.8,1.76,0.44,01Jan2023-31Dec2024,As Expected,1,63,0.72,1.86,0.2,01Jan2021-31Dec2023,As Expected,1,46,0.21,1.17,0.01,01Jan2024-31Dec2024,As Expected,1,0.46,1.25,0.12,As Expected,1,83,57.7,78.2,37.5,01Jul2025-30Sep2025,1,0,1,73,737,99,257,0,,,259,0,,,259,0,,,0,1,0,1,28,1,78,781,0,1,83,802,3,29,36,25,7,1,83,791,19,259,0,,
52721,17,RAI-TELEGRAPH-PERALTA,01Jan2021-31Dec2024,3,1,2757 TELEGRAPH AVENUE,,OAKLAND,CA,94612,Alameda,(510) 835-0154,Profit,Yes,Fresenius Medical Care,No,27,Yes,No,No,2/12/92,01Oct2024-30Sep2025,01Oct2024-30Sep2025,01Jan2021-31Dec2024,As Expected,1,420,18.8,28.9,12.6,01Jan2024-31Dec2024,As Expected,1,98,153.7,234.4,107.7,01Jan2024-31Dec2024,As Expected,1,108,35.7,46.3,25.8,01Jan2024-31Dec2024,As Expected,1,56,26.7,67.5,13.2,01Jan2021-31Dec2023,As Expected,1,45,0.36,2.01,0.01,As Expected,1,88,22.7,42.7,10.4,01Jan2024-31Dec2024,Worse than Expected,1,68,1.63,2.53,1.17,01Jan2023-31Dec2024,As Expected,1,118,1.32,2.17,0.68,01Jan2021-31Dec2023,As Expected,1,72,0.34,1.23,0.04,01Jan2024-31Dec2024,As Expected,1,0.94,1.85,0.41,As Expected,1,118,57.9,77.5,34.1,01Jul2025-30Sep2025,201,,1,112,1057,99,257,0,,,259,0,,,259,0,,,16,1,0,1,55,1,113,1097,1,1,123,1150,10,22,26,24,17,1,118,1106,16,259,0,,
52722,17,BIO-MEDICAL APPLICATIONS OF FREMONT,01Jan2021-31Dec2024,4,1,39505 PASEO PADRE PARKWAY,,FREMONT,CA,94538,Alameda,(510) 659-1240,Profit,Yes,Fresenius Medical Care,No,24,Yes,Yes,No,3/6/92,01Oct2024-30Sep2025,01Oct2024-30Sep2025,01Jan2021-31Dec2024,As Expected,1,350,18.6,29,12.3,01Jan2024-31Dec2024,As Expected,1,77,166.3,246.9,117.2,01Jan2024-31Dec2024,As Expected,1,100,35.4,44.8,26.8,01Jan2024-31Dec2024,As Expected,1,49,31.1,78.6,15.4,01Jan2021-31Dec2023,As Expected,1,28,2.22,4.83,0.81,Better than Expected,1,64,40.2,65.4,19.3,01Jan2024-31Dec2024,As Expected,1,58,1.04,1.96,0.65,01Jan2023-31Dec2024,As Expected,1,145,1.03,1.67,0.58,01Jan2021-31Dec2023,As Expected,1,59,0.34,1.24,0.04,01Jan2024-31Dec2024,Better than Expected,1,0.12,0.58,0.01,As Expected,1,97,61.3,80.1,42.7,01Jul2025-30Sep2025,201,,1,89,782,100,201,0,,,259,0,,,259,0,,,7,1,0,1,41,1,92,821,0,1,99,860,14,26,23,23,14,1,97,861,23,259,0,,
52723,17,DaVita Manteca Dialysis,01Jan2021-31Dec2024,4,1,1620 West Yosemite Ave,,MANTECA,CA,95337,San Joaquin,(209) 825-3905,Profit,Yes,DaVita,No,12,Yes,No,No,3/10/92,01Oct2024-30Sep2025,01Oct2024-30Sep2025,01Jan2021-31Dec2024,As Expected,1,264,18.4,30.4,11.5,01Jan2024-31Dec2024,As Expected,1,92,138.4,219,92.1,01Jan2024-31Dec2024,As Expected,1,74,33.4,45.7,21.9,01Jan2024-31Dec2024,As Expected,1,30,50,132.9,23.9,01Jan2021-31Dec2023,As Expected,1,29,1.99,4.65,0.65,Better than Expected,1,90,37.1,58.3,19.9,01Jan2024-31Dec2024,As Expected,1,34,0.91,1.96,0.45,01Jan2023-31Dec2024,As Expected,1,47,0.89,1.98,0.25,01Jan2021-31Dec2023,As Expected,1,41,0.5,1.79,0.06,01Jan2024-31Dec2024,Better than Expected,1,0.14,0.7,0.01,As Expected,1,94,55.6,77.2,34.3,01Jul2025-30Sep2025,1,0,280,85,685,,280,29,219,,280,0,,,280,0,,,17,1,3,1,29,280,115,963,,280,121,1009,,,,,,1,94,746,24,280,0,,
52724,18,SRS-Los Nietos Dialysis,01Jan2021-31Dec2024,1,1,"10012 Norwalk Blvd., Suite 190",,Santa Fe Springs,CA,90670,Los Angeles,(562) 903-8281,Profit,No,Independent,No,24,Yes,No,No,6/11/92,01Oct2024-30Sep2025,01Oct2024-30Sep2025,01Jan2021-31Dec2024,As Expected,1,123,31,47.7,19.2,01Jan2024-31Dec2024,As Expected,1,26,207.8,409,114.8,01Jan2024-31Dec2024,As Expected,1,19,31.3,48.7,15.3,01Jan2024-31Dec2024,Not Available,199,11,,,,01Jan2021-31Dec2023,As Expected,1,19,0,1.35,0,As Expected,1,33,6.4,47.3,0.5,01Jan2024-31Dec2024,Not Available,199,11,,,,01Jan2023-31Dec2024,As Expected,1,11,0.6,2.78,0.01,01Jan2021-31Dec2023,As Expected,1,33,0.84,2.46,0.17,01Jan2024-31Dec2024,Not Available,201,,,,Worse than Expected,1,43,35.9,48.4,22.8,01Jul2025-30Sep2025,201,,1,44,369,60,257,0,,,259,0,,,259,0,,,,199,,199,8,1,45,373,24,1,40,209,8,17,28,22,24,1,43,392,32,259,0,,
52725,18,DaVita Doctors Dialysis Center of East Los Angeles,01Jan2021-31Dec2024,2,1,950 S. Eastern Avenue,,East Los Angeles,CA,90022,Los Angeles,(323) 262-2229,Profit,Yes,DaVita,No,32,Yes,No,No,7/15/92,01Oct2024-30Sep2025,01Oct2024-30Sep2025,01Jan2021-31Dec2024,As Expected,1,388,25.2,39.9,16.4,01Jan2024-31Dec2024,As Expected,1,80,188.1,288.9,128.6,01Jan2024-31Dec2024,As Expected,1,82,36.9,50.5,24.6,01Jan2024-31Dec2024,As Expected,1,32,39.8,112.2,18.1,01Jan2021-31Dec2023,As Expected,1,53,0.2,1.11,0.01,As Expected,1,109,15,32.1,6.1,01Jan2024-31Dec2024,As Expected,1,37,0.51,1.42,0.2,01Jan2023-31Dec2024,As Expected,1,53,0.44,1.24,0.09,01Jan2021-31Dec2023,Worse than Expected,1,77,0.25,0.9,0.03,01Jan2024-31Dec2024,Better than Expected,1,0.31,0.84,0.08,As Expected,1,127,71.4,88.2,51,01Jul2025-30Sep2025,1,3,280,113,1141,,280,0,,,280,0,,,280,0,,,3,1,0,1,29,280,120,1216,,280,129,1192,,,,,,1,127,1240,13,280,0,,
52726,18,Mohan Dialysis Center of Covina,01Jan2021-31Dec2024,3,1,158 W. College Street,,Covina,CA,91723,Los Angeles,(626) 859-2522,Profit,No,Independent,No,18,Yes,Yes,No,8/10/92,01Oct2024-30Sep2025,01Oct2024-30Sep2025,01Jan2021-31Dec2024,As Expected,1,403,24.1,37.6,16,01Jan2024-31Dec2024,As Expected,1,93,145.8,241.5,95.2,01Jan2024-31Dec2024,As Expected,1,71,35.1,55.8,19,01Jan2024-31Dec2024,As Expected,1,34,22.3,96.4,7.3,01Jan2021-31Dec2023,As Expected,1,58,0.37,1.34,0.05,As Expected,1,92,15.1,33.3,6,01Jan2024-31Dec2024,As Expected,1,38,0.88,1.87,0.44,01Jan2023-31Dec2024,As Expected,1,48,0.56,1.57,0.11,01Jan2021-31Dec2023,As Expected,1,99,0.42,1.09,0.12,01Jan2024-31Dec2024,Better than Expected,1,0,0.31,,As Expected,1,131,69.8,85.4,50.9,01Jul2025-30Sep2025,1,13,1,120,1169,99,201,0,,,259,0,,,259,0,,,15,1,0,1,33,1,124,1190,1,1,131,1271,6,27,30,30,7,1,131,1265,20,259,0,,
52727,18,FRESENIUS KIDNEY CARE REDLANDS,01Jan2021-31Dec2024,3,1,1449 W. Redlands Blvd.,,Redlands,CA,92373,San Bernardino,(909) 435-0555,Profit,Yes,Fresenius Medical Care,No,18,Yes,Yes,Yes,10/14/92,01Oct2024-30Sep2025,01Oct2024-30Sep2025,01Jan2021-31Dec2024,As Expected,1,437,22.3,34.6,14.8,01Jan2024-31Dec2024,As Expected,1,114,118,187,80.1,01Jan2024-31Dec2024,As Expected,1,88,27,39.1,17.2,01Jan2024-31Dec2024,As Expected,1,35,25.9,96.1,9.6,01Jan2021-31Dec2023,As Expected,1,47,0.84,2.14,0.23,As Expected,1,103,24.3,42.8,12.1,01Jan2024-31Dec2024,As Expected,1,44,0.99,2.1,0.56,01Jan2023-31Dec2024,As Expected,1,61,1.14,2.16,0.5,01Jan2021-31Dec2023,As Expected,1,85,0.53,1.37,0.15,01Jan2024-31Dec2024,Better than Expected,1,0.09,0.42,0,As Expected,1,138,57.9,77.1,34.6,01Jul2025-30Sep2025,201,,1,128,1253,98,201,0,,,259,0,,,259,0,,,12,1,0,1,26,1,131,1291,2,1,137,1319,7,18,25,25,25,1,138,1329,21,259,0,,
52728,17,RAI OCEAN AVENUE,01Jan2021-31Dec2024,5,1,1738 OCEAN AVENUE,,SAN FRANCISCO,CA,94112,San Francisco,(415) 406-1090,Profit,Yes,Fresenius Medical Care,Yes,24,Yes,Yes,Yes,11/5/92,01Oct2024-30Sep2025,01Oct2024-30Sep2025,01Jan2021-31Dec2024,As Expected,1,596,17.6,25.6,12.5,01Jan2024-31Dec2024,As Expected,1,140,141.3,205.9,102.8,01Jan2024-31Dec2024,As Expected,1,118,25.8,35.6,17.3,01Jan2024-31Dec2024,As Expected,1,56,17,63.1,6.3,01Jan2021-31Dec2023,As Expected,1,59,1.69,3.2,0.77,Better than Expected,1,174,37.6,51.8,25.3,01Jan2024-31Dec2024,As Expected,1,65,0.99,1.84,0.63,01Jan2023-31Dec2024,As Expected,1,113,1.4,2.13,0.81,01Jan2021-31Dec2023,Worse than Expected,1,94,0.21,0.77,0.03,01Jan2024-31Dec2024,Better than Expected,1,0.33,0.79,0.1,As Expected,1,199,70.5,84.3,53.6,01Jul2025-30Sep2025,201,,1,174,1504,99,1,27,276,92,259,0,,,259,0,,,28,1,0,1,39,1,206,1924,1,1,223,2035,6,19,23,30,22,1,199,1724,16,259,0,,
52729,17,DaVita Oakland Dialysis,01Jan2021-31Dec2024,3,1,5354 CLAREMONT AVENUE,,OAKLAND,CA,94618,Alameda,(510) 597-0104,Profit,Yes,DaVita,No,40,Yes,Yes,No,4/23/93,01Oct2024-30Sep2025,01Oct2024-30Sep2025,01Jan2021-31Dec2024,As Expected,1,610,20.5,30.3,14.4,01Jan2024-31Dec2024,As Expected,1,152,121.5,179.8,87.3,01Jan2024-31Dec2024,As Expected,1,134,30.1,40.3,21,01Jan2024-31Dec2024,As Expected,1,59,34.2,75,18.9,01Jan2021-31Dec2023,As Expected,1,39,1.55,3.62,0.5,As Expected,1,147,24.8,39.8,14.1,01Jan2024-31Dec2024,As Expected,1,68,1.06,1.78,0.72,01Jan2023-31Dec2024,As Expected,1,145,1.35,2.05,0.82,01Jan2021-31Dec2023,As Expected,1,65,0.78,1.81,0.25,01Jan2024-31Dec2024,Better than Expected,1,0.32,0.7,0.12,As Expected,1,204,45.3,61.3,25.8,01Jul2025-30Sep2025,1,0,280,196,1808,,280,0,,,280,0,,,280,0,,,2,1,2,1,47,280,201,1865,,280,205,1901,,,,,,1,204,1914,24,280,0,,
52730,18,DaVita Murrieta Dialysis,01Jan2021-31Dec2024,3,1,"27602 Clinton Keith Road, Bldg F",,MURRIETA,CA,92562,Riverside,(951) 679-7914,Profit,Yes,DaVita,No,24,Yes,No,No,5/31/93,01Oct2024-30Sep2025,01Oct2024-30Sep2025,01Jan2021-31Dec2024,As Expected,1,583,22.3,32.4,15.9,01Jan2024-31Dec2024,As Expected,1,149,136.9,205.6,97.2,01Jan2024-31Dec2024,As Expected,1,118,23.1,32.6,15.2,01Jan2024-31Dec2024,As Expected,1,41,21.6,80,8,01Jan2021-31Dec2023,As Expected,1,59,0.19,1.07,0,As Expected,1,123,20,37.9,9.3,01Jan2024-31Dec2024,As Expected,1,47,1.13,2.21,0.69,01Jan2023-31Dec2024,As Expected,1,57,0.77,1.8,0.22,01Jan2021-31Dec2023,As Expected,1,98,1.06,2.09,0.46,01Jan2024-31Dec2024,Better than Expected,1,0,0.32,,As Expected,1,174,70,86.7,49.6,01Jul2025-30Sep2025,1,0,280,157,1326,,280,0,,,280,0,,,280,0,,,0,1,0,1,31,280,159,1354,,280,176,1408,,,,,,1,174,1415,9,280,0,,
52731,18,FRESENIUS MEDICAL CARE MARINA BAY,01Jan2021-31Dec2024,4,1,"630 Bay Blvd., Suite 101",,Chula Vista,CA,91910,San Diego,(619) 420-6725,Profit,Yes,Fresenius Medical Care,Yes,31,Yes,Yes,No,6/14/93,01Oct2024-30Sep2025,01Oct2024-30Sep2025,01Jan2021-31Dec2024,As Expected,1,636,18,26.2,12.8,01Jan2024-31Dec2024,As Expected,1,152,119.3,177.2,85.4,01Jan2024-31Dec2024,As Expected,1,112,20.1,31.1,11.3,01Jan2024-31Dec2024,As Expected,1,63,7.5,40.8,2.1,01Jan2021-31Dec2023,As Expected,1,62,0.34,1.23,0.04,As Expected,1,178,17.7,31.9,9,01Jan2024-31Dec2024,As Expected,1,72,0.9,1.66,0.57,01Jan2023-31Dec2024,As Expected,1,90,1.21,2.05,0.62,01Jan2021-31Dec2023,Worse than Expected,1,89,0,0.41,0,01Jan2024-31Dec2024,Better than Expected,1,0.1,0.51,0.01,As Expected,1,213,61.7,77.9,42,01Jul2025-30Sep2025,201,,1,196,1818,100,201,0,,,259,0,,,259,0,,,13,1,0,1,40,1,197,1843,1,1,213,1950,8,23,26,27,17,1,213,1956,4,259,0,,
52734,18,DaVita Anaheim Dialysis,01Jan2021-31Dec2024,4,1,1341 W. La Palma Avenue,,Anaheim,CA,92801,Orange,(714) 254-1484,Profit,Yes,DaVita,No,36,Yes,Yes,Yes,9/27/93,01Oct2024-30Sep2025,01Oct2024-30Sep2025,01Jan2021-31Dec2024,As Expected,1,489,20.8,31,14.4,01Jan2024-31Dec2024,As Expected,1,103,139.4,215.8,96.5,01Jan2024-31Dec2024,As Expected,1,96,31.9,44,21.1,01Jan2024-31Dec2024,Worse than Expected,1,39,65.5,126.2,39.9,01Jan2021-31Dec2023,As Expected,1,48,1.24,2.89,0.4,As Expected,1,87,22.5,43,10,01Jan2024-31Dec2024,As Expected,1,41,0.73,1.65,0.4,01Jan2023-31Dec2024,As Expected,1,92,0.48,1.09,0.15,01Jan2021-31Dec2023,As Expected,1,82,0.68,1.6,0.22,01Jan2024-31Dec2024,Better than Expected,1,0,0.38,,As Expected,1,117,76.4,93.6,55.3,01Jul2025-30Sep2025,1,2,280,101,910,,280,11,92,,280,0,,,280,0,,,10,1,0,1,31,280,123,1149,,280,125,1172,,,,,,1,117,1088,10,280,0,,
52735,18,DaVita Temecula Dialysis Center,01Jan2021-31Dec2024,4,1,"40945 County Center Drive, Suite G",,Temecula,CA,92591,Riverside,(951) 240-5967,Profit,Yes,DaVita,Yes,18,Yes,No,No,10/6/93,01Oct2024-30Sep2025,01Oct2024-30Sep2025,01Jan2021-31Dec2024,As Expected,1,461,15.9,25.8,10.1,01Jan2024-31Dec2024,As Expected,1,102,86.5,151.7,53.8,01Jan2024-31Dec2024,As Expected,1,65,22.1,36.8,11.2,01Jan2024-31Dec2024,As Expected,1,35,14.2,77.3,3.9,01Jan2021-31Dec2023,As Expected,1,32,0,1.26,0,As Expected,1,94,22.2,42.4,9.9,01Jan2024-31Dec2024,As Expected,1,36,0.65,1.39,0.32,01Jan2023-31Dec2024,As Expected,1,54,0.44,1.27,0.08,01Jan2021-31Dec2023,As Expected,1,68,1.22,2.51,0.49,01Jan2024-31Dec2024,Better than Expected,1,0,0.31,,As Expected,1,133,60.6,79.4,37.7,01Jul2025-30Sep2025,1,1,280,125,1090,,280,0,,,280,0,,,280,0,,,21,1,0,1,28,280,125,1090,,280,136,1138,,,,,,1,133,1137,12,280,0,,
52738,17,DaVita Los Banos Dialysis,01Jan2021-31Dec2024,5,1,"60 G STREET, BUILDING 5",STE D,LOS BANOS,CA,93635,Merced,(209) 826-2787,Profit,Yes,DaVita,No,24,Yes,Yes,No,7/2/93,01Oct2024-30Sep2025,01Oct2024-30Sep2025,01Jan2021-31Dec2024,As Expected,1,355,23.4,37.7,15,01Jan2024-31Dec2024,As Expected,1,89,122.5,209.1,78,01Jan2024-31Dec2024,As Expected,1,62,23.4,38.3,12,01Jan2024-31Dec2024,As Expected,1,56,26.8,71.1,12.8,01Jan2021-31Dec2023,As Expected,1,35,1.29,3.31,0.35,Better than Expected,1,98,32.8,52,18,01Jan2024-31Dec2024,As Expected,1,61,1.4,2.34,0.95,01Jan2023-31Dec2024,As Expected,1,85,1.21,2.21,0.51,01Jan2021-31Dec2023,As Expected,1,51,1.16,2.53,0.43,01Jan2024-31Dec2024,Better than Expected,1,0.14,0.68,0.01,As Expected,1,103,72.8,90,51.8,01Jul2025-30Sep2025,1,0,280,93,816,,280,25,214,,280,0,,,280,0,,,22,1,2,1,41,280,118,1104,,280,122,1127,,,,,,1,103,917,16,280,0,,
52739,18,DaVita Chino Dialysis,01Jan2021-31Dec2024,4,1,4445 Riverside Drive,,Chino,CA,91710,San Bernardino,(909) 464-0347,Profit,Yes,DaVita,No,24,Yes,No,No,11/8/93,01Oct2024-30Sep2025,01Oct2024-30Sep2025,01Jan2021-31Dec2024,As Expected,1,416,17.6,29,11,01Jan2024-31Dec2024,As Expected,1,111,126.7,204.7,84.5,01Jan2024-31Dec2024,As Expected,1,83,21.7,34,11.9,01Jan2024-31Dec2024,As Expected,1,26,6.2,115.6,0.7,01Jan2021-31Dec2023,As Expected,1,39,1.15,2.68,0.37,As Expected,1,103,19.6,39.5,8.4,01Jan2024-31Dec2024,As Expected,1,29,0.96,1.97,0.5,01Jan2023-31Dec2024,As Expected,1,38,0.82,1.98,0.22,01Jan2021-31Dec2023,As Expected,1,68,1.63,2.99,0.78,01Jan2024-31Dec2024,Better than Expected,1,0.2,0.67,0.03,As Expected,1,146,67.3,83.5,47.7,01Jul2025-30Sep2025,1,0,280,125,1145,,280,0,,,280,0,,,280,0,,,4,1,4,1,26,280,136,1248,,280,147,1324,,,,,,1,146,1307,15,280,0,,
52740,18,RAI - FLETCHER PARKWAY - EL CAJON,01Jan2021-31Dec2024,3,1,858 Fletcher Parkway,,El Cajon,CA,92020,San Diego,(619) 442-4122,Profit,Yes,Fresenius Medical Care,No,22,Yes,No,No,10/1/87,01Oct2024-30Sep2025,01Oct2024-30Sep2025,01Jan2021-31Dec2024,As Expected,1,412,18.7,29.3,12.4,01Jan2024-31Dec2024,As Expected,1,96,91.5,164.9,55.7,01Jan2024-31Dec2024,As Expected,1,68,22.2,37.7,11.1,01Jan2024-31Dec2024,Not Available,199,14,,,,01Jan2021-31Dec2023,As Expected,1,35,0,1.57,0,As Expected,1,74,15.3,34.6,5.8,01Jan2024-31Dec2024,As Expected,1,15,1.12,2.78,0.46,01Jan2023-31Dec2024,As Expected,1,19,0,2.14,0,01Jan2021-31Dec2023,As Expected,1,66,1.04,2.26,0.38,01Jan2024-31Dec2024,Better than Expected,1,0.35,0.95,0.09,As Expected,1,111,70.2,90.1,46.1,01Jul2025-30Sep2025,201,,1,106,941,100,257,0,,,259,0,,,259,0,,,,199,,199,5,1,106,943,0,1,114,1002,9,25,26,27,13,1,111,988,16,259,0,,
52743,18,DaVita Mountain Vista Dialysis Center,01Jan2021-31Dec2024,2,1,4041 University Parkway,,San Bernardino,CA,92407,San Bernardino,(909) 887-0173,Profit,Yes,DaVita,No,28,Yes,Yes,No,1/1/94,01Oct2024-30Sep2025,01Oct2024-30Sep2025,01Jan2021-31Dec2024,As Expected,1,582,22.9,33.9,16,01Jan2024-31Dec2024,As Expected,1,153,187.1,257.2,143,01Jan2024-31Dec2024,As Expected,1,185,32,40.1,25,01Jan2024-31Dec2024,As Expected,1,52,22.4,63,10.2,01Jan2021-31Dec2023,As Expected,1,74,0.44,1.29,0.09,As Expected,1,158,16.7,31.4,8.1,01Jan2024-31Dec2024,As Expected,1,61,1.13,2.05,0.72,01Jan2023-31Dec2024,As Expected,1,104,0.97,1.66,0.47,01Jan2021-31Dec2023,As Expected,1,102,0.65,1.41,0.24,01Jan2024-31Dec2024,As Expected,1,0.83,1.38,0.46,As Expected,1,196,63.1,78.3,44.5,01Jul2025-30Sep2025,1,3,280,178,1581,,280,9,72,,280,0,,,280,0,,,20,1,0,1,49,280,199,1740,,280,206,1748,,,,,,1,196,1724,24,280,0,,
52744,18,DaVita South Valley Dialysis,01Jan2021-31Dec2024,4,1,"17815 Ventura Blvd., Suite 100",,Encino,CA,91316,Los Angeles,(818) 757-4520,Profit,Yes,DaVita,No,25,Yes,No,No,1/1/94,01Oct2024-30Sep2025,01Oct2024-30Sep2025,01Jan2021-31Dec2024,As Expected,1,348,17.8,27.4,12,01Jan2024-31Dec2024,As Expected,1,82,180.4,273,125,01Jan2024-31Dec2024,As Expected,1,86,31.2,44,20.3,01Jan2024-31Dec2024,As Expected,1,48,33,87.6,15.7,01Jan2021-31Dec2023,As Expected,1,25,1.95,4.99,0.53,As Expected,1,65,6.5,31.5,1,01Jan2024-31Dec2024,As Expected,1,60,1,1.93,0.61,01Jan2023-31Dec2024,As Expected,1,108,0.43,1.11,0.11,01Jan2021-31Dec2023,As Expected,1,59,0.41,1.48,0.05,01Jan2024-31Dec2024,Better than Expected,1,0.21,0.71,0.04,As Expected,1,104,60,80.6,35.1,01Jul2025-30Sep2025,1,0,280,83,711,,280,0,,,280,0,,,280,0,,,14,1,2,1,44,280,97,800,,280,105,794,,,,,,1,104,860,27,280,0,,
52746,18,DaVita Airport Sunrise Dialysis Center,01Jan2021-31Dec2024,3,1,11300 Hawthorne Blvd,,INGLEWOOD,CA,90304,Los Angeles,(310) 680-0601,Profit,Yes,DaVita,Yes,56,Yes,Yes,Yes,1/1/94,01Oct2024-30Sep2025,01Oct2024-30Sep2025,01Jan2021-31Dec2024,As Expected,1,1038,18.1,24.9,13.6,01Jan2024-31Dec2024,As Expected,1,230,142.2,189.6,111.6,01Jan2024-31Dec2024,As Expected,1,228,26.6,33.5,20.5,01Jan2024-31Dec2024,As Expected,1,93,28.8,59.9,16.5,01Jan2021-31Dec2023,As Expected,1,87,0.52,1.34,0.14,As Expected,1,276,15.3,25.2,8.8,01Jan2024-31Dec2024,As Expected,1,110,0.79,1.29,0.54,01Jan2023-31Dec2024,As Expected,1,227,0.8,1.32,0.45,01Jan2021-31Dec2023,Worse than Expected,1,119,0.08,0.45,0,01Jan2024-31Dec2024,Better than Expected,1,0.08,0.28,0.01,As Expected,1,301,57.1,69.5,42.1,01Jul2025-30Sep2025,1,1,280,279,2646,,280,38,353,,280,0,,,280,0,,,24,1,0,1,80,280,333,3181,,280,339,3158,,,,,,1,301,2883,21,280,0,,
52747,18,USRC West Coast Dialysis,01Jan2021-31Dec2024,3,1,"3780 Kilroy Airport Way, Suite 110",,Long Beach,CA,90806,Los Angeles,(562) 989-3010,Profit,Yes,"US Renal Care, Inc.",Yes,21,Yes,Yes,No,5/1/94,01Oct2024-30Sep2025,01Oct2024-30Sep2025,01Jan2021-31Dec2024,As Expected,1,509,18.1,28.5,11.9,01Jan2024-31Dec2024,As Expected,1,111,150.3,227.2,106.1,01Jan2024-31Dec2024,As Expected,1,111,27,37.4,18.1,01Jan2024-31Dec2024,As Expected,1,43,23.6,71.4,10.2,01Jan2021-31Dec2023,Worse than Expected,1,48,0,0.85,0,As Expected,1,97,27.7,48.2,13.6,01Jan2024-31Dec2024,As Expected,1,50,0.78,1.55,0.46,01Jan2023-31Dec2024,As Expected,1,88,0.78,1.47,0.33,01Jan2021-31Dec2023,As Expected,1,50,0.38,1.36,0.05,01Jan2024-31Dec2024,Better than Expected,1,0.23,0.62,0.06,As Expected,1,107,55.5,76.8,29.6,01Jul2025-30Sep2025,1,0,1,97,843,95,1,24,232,95,259,0,,,259,0,,,17,1,0,1,36,1,127,1162,1,1,132,1200,10,25,25,26,15,1,107,950,25,259,0,,
52751,17,SHC Gilroy,01Jan2021-31Dec2024,3,1,8095 Camino Arroyo #100,,GILROY,CA,95020,Santa Clara,(408) 848-5410,Non-profit,Yes,"US Renal Care, Inc.",No,24,Yes,Yes,No,8/17/94,01Oct2024-30Sep2025,01Oct2024-30Sep2025,01Jan2021-31Dec2024,As Expected,1,625,24.6,35.2,17.9,01Jan2024-31Dec2024,As Expected,1,131,130.7,196,92.9,01Jan2024-31Dec2024,As Expected,1,127,32.2,42.4,23,01Jan2024-31Dec2024,As Expected,1,58,35.6,78,19.7,01Jan2021-31Dec2023,As Expected,1,84,1.51,2.64,0.78,Better than Expected,1,159,35.3,49.8,23,01Jan2024-31Dec2024,As Expected,1,72,1.3,2.08,0.91,01Jan2023-31Dec2024,As Expected,1,129,1.32,2.01,0.79,01Jan2021-31Dec2023,As Expected,1,94,1.2,2.15,0.6,01Jan2024-31Dec2024,Better than Expected,1,0.27,0.73,0.07,As Expected,1,143,64.2,82,42.6,01Jul2025-30Sep2025,1,0,1,128,1093,88,1,50,417,89,259,0,,,259,0,,,36,1,0,1,50,1,181,1629,1,1,195,1700,5,20,21,28,26,1,143,1214,21,259,0,,
52752,17,RAI-CERES AVE-CHICO,01Jan2021-31Dec2024,5,1,3011 CERES AVENUE #125,,CHICO,CA,95973,Butte,(530) 343-5279,Profit,Yes,Fresenius Medical Care,No,20,Yes,Yes,Yes,8/26/94,01Oct2024-30Sep2025,01Oct2024-30Sep2025,01Jan2021-31Dec2024,As Expected,1,326,21,34.1,13.3,01Jan2024-31Dec2024,As Expected,1,80,115.7,182.6,77.2,01Jan2024-31Dec2024,As Expected,1,66,16.8,27.7,8.8,01Jan2024-31Dec2024,As Expected,1,54,12.3,53.1,4,01Jan2021-31Dec2023,As Expected,1,29,0.96,3.48,0.12,As Expected,1,62,22,45.6,8.7,01Jan2024-31Dec2024,As Expected,1,66,1.06,1.8,0.71,01Jan2023-31Dec2024,As Expected,1,155,1.09,1.64,0.66,01Jan2021-31Dec2023,Better than Expected,1,37,5.04,8.61,2.68,01Jan2024-31Dec2024,As Expected,1,1.43,2.98,0.58,Better than Expected,1,68,76.3,92.7,59,01Jul2025-30Sep2025,201,,1,62,566,99,1,15,137,100,259,0,,,259,0,,,9,1,0,1,32,1,79,755,1,1,83,791,8,22,25,22,23,1,68,630,9,259,0,,
52753,17,DaVita Lodi Dialysis Center,01Jan2021-31Dec2024,2,1,"1610 WEST KETTLEMAN LANE, SUITE D",,LODI,CA,95242,San Joaquin,(209) 334-9888,Profit,Yes,DaVita,No,21,Yes,No,No,10/26/97,01Oct2024-30Sep2025,01Oct2024-30Sep2025,01Jan2021-31Dec2024,As Expected,1,363,22.7,34.5,15.5,01Jan2024-31Dec2024,As Expected,1,94,164.4,255.4,113.4,01Jan2024-31Dec2024,As Expected,1,109,30.3,42.7,20.2,01Jan2024-31Dec2024,As Expected,1,51,37.7,87.8,19.8,01Jan2021-31Dec2023,As Expected,1,39,0.27,1.52,0.01,As Expected,1,96,13.1,31.1,4.8,01Jan2024-31Dec2024,As Expected,1,62,1.48,2.59,0.97,01Jan2023-31Dec2024,As Expected,1,105,1.73,2.7,1.03,01Jan2021-31Dec2023,As Expected,1,76,0.31,1.11,0.04,01Jan2024-31Dec2024,Better than Expected,1,0.39,0.93,0.12,As Expected,1,128,57.3,76.4,34.1,01Jul2025-30Sep2025,1,6,280,122,976,,280,0,,,280,0,,,280,0,,,16,1,0,1,38,280,123,992,,280,128,981,,,,,,1,128,1052,25,280,0,,
52756,18,DaVita Encinitas Dialysis,01Jan2021-31Dec2024,4,1,"332 Santa Fe Drive, Suite 100",,Encinitas,CA,92024,San Diego,(760) 632-2323,Profit,Yes,DaVita,No,15,Yes,Yes,Yes,3/27/95,01Oct2024-30Sep2025,01Oct2024-30Sep2025,01Jan2021-31Dec2024,Better than Expected,1,276,12.9,20.9,8.3,01Jan2024-31Dec2024,As Expected,1,68,143.9,230.3,94.8,01Jan2024-31Dec2024,As Expected,1,87,32,42.9,22.2,01Jan2024-31Dec2024,As Expected,1,35,13.8,75,3.8,01Jan2021-31Dec2023,As Expected,1,30,1.76,4.1,0.57,As Expected,1,55,24.3,48.6,9.8,01Jan2024-31Dec2024,As Expected,1,45,0.99,2.09,0.56,01Jan2023-31Dec2024,As Expected,1,83,1.18,1.98,0.61,01Jan2021-31Dec2023,As Expected,1,47,0.79,2.31,0.16,01Jan2024-31Dec2024,As Expected,1,0.56,1.53,0.14,As Expected,1,77,61.1,84.9,37.5,01Jul2025-30Sep2025,1,2,280,71,650,,280,10,74,,280,0,,,280,0,,,11,1,0,1,35,280,83,801,,280,86,775,,,,,,1,77,711,11,280,0,,
52757,17,FRESENIUS MEDICAL CARE - PITTSBURG,01Jan2021-31Dec2024,5,1,1800 N. Park Blvd,,Pittsburg,CA,94565,Contra Costa,(925) 635-9523,Profit,Yes,Fresenius Medical Care,No,36,Yes,No,No,1/1/95,01Oct2024-30Sep2025,01Oct2024-30Sep2025,01Jan2021-31Dec2024,As Expected,1,267,18.4,29.3,11.9,01Jan2024-31Dec2024,As Expected,1,71,109.7,185.7,68.8,01Jan2024-31Dec2024,As Expected,1,65,24.7,40,13.2,01Jan2024-31Dec2024,As Expected,1,42,19.8,73.3,7.3,01Jan2021-31Dec2023,As Expected,1,47,1.38,3.23,0.45,Better than Expected,1,107,34.8,52.5,20.5,01Jan2024-31Dec2024,As Expected,1,54,1.22,2.2,0.78,01Jan2023-31Dec2024,As Expected,1,68,1.29,2.26,0.63,01Jan2021-31Dec2023,As Expected,1,64,0.53,1.53,0.11,01Jan2024-31Dec2024,As Expected,1,0.46,1.26,0.12,As Expected,1,135,66.3,83.2,45.6,01Jul2025-30Sep2025,201,,1,132,1144,100,257,0,,,259,0,,,259,0,,,6,1,0,1,47,1,133,1182,0,1,137,1261,6,25,28,22,20,1,135,1255,13,259,0,,
52758,17,FRESENIUS MEDICAL CARE - DIABLO WALNUT CREEK,01Jan2021-31Dec2024,5,1,365 LENNON LANE #160,,WALNUT CREEK,CA,94598,Contra Costa,(925) 947-4545,Profit,Yes,Fresenius Medical Care,No,20,Yes,Yes,Yes,1/1/95,01Oct2024-30Sep2025,01Oct2024-30Sep2025,01Jan2021-31Dec2024,Better than Expected,1,437,13.3,22,8.2,01Jan2024-31Dec2024,As Expected,1,101,94,164.9,58.5,01Jan2024-31Dec2024,As Expected,1,69,19.5,33.3,9.6,01Jan2024-31Dec2024,As Expected,1,53,17.5,58,7.1,01Jan2021-31Dec2023,Better than Expected,1,40,3.74,6.69,1.87,Better than Expected,1,92,41.3,62.5,23,01Jan2024-31Dec2024,As Expected,1,73,0.72,1.41,0.43,01Jan2023-31Dec2024,As Expected,1,109,1.34,2.18,0.71,01Jan2021-31Dec2023,As Expected,1,37,0.95,2.78,0.2,01Jan2024-31Dec2024,Better than Expected,1,0.18,0.89,0.01,As Expected,1,91,70.1,90,50.4,01Jul2025-30Sep2025,201,,1,74,629,100,1,51,440,97,259,0,,,259,0,,,22,1,0,1,49,1,127,1177,0,1,138,1238,6,27,34,22,10,1,91,748,16,259,0,,
52759,17,FRESENIUS MEDICAL CARE - DIABLO CONCORD,01Jan2021-31Dec2024,5,1,508 CONTRA COSTA BLVD #D,,PLEASANT HILL,CA,94523,Contra Costa,(925) 798-8844,Profit,Yes,Fresenius Medical Care,Yes,22,Yes,No,No,1/1/95,01Oct2024-30Sep2025,01Oct2024-30Sep2025,01Jan2021-31Dec2024,As Expected,1,400,19.3,29.7,13,01Jan2024-31Dec2024,As Expected,1,92,148.7,234,101.4,01Jan2024-31Dec2024,As Expected,1,85,30.1,43.2,19.9,01Jan2024-31Dec2024,As Expected,1,36,8.2,65.4,1.7,01Jan2021-31Dec2023,As Expected,1,53,0.57,1.65,0.12,Better than Expected,1,101,32.9,51.8,18.3,01Jan2024-31Dec2024,As Expected,1,46,1.23,2.28,0.78,01Jan2023-31Dec2024,As Expected,1,81,0.69,1.36,0.27,01Jan2021-31Dec2023,As Expected,1,81,0.79,1.72,0.29,01Jan2024-31Dec2024,Better than Expected,1,0.12,0.61,0.01,As Expected,1,137,65.7,83.3,44.4,01Jul2025-30Sep2025,201,,1,127,1148,99,257,0,,,259,0,,,259,0,,,7,1,0,1,29,1,128,1163,1,1,139,1226,6,18,27,27,22,1,137,1209,11,259,0,,
52760,18,BMA SAN GABRIEL,01Jan2021-31Dec2024,5,1,"1801 W. Valley Blvd., Suite 102",,Alhambra,CA,91803,Los Angeles,(626) 457-9002,Profit,Yes,Fresenius Medical Care,Yes,38,Yes,No,No,3/20/95,01Oct2024-30Sep2025,01Oct2024-30Sep2025,01Jan2021-31Dec2024,As Expected,1,208,23.4,37.5,14.4,01Jan2024-31Dec2024,As Expected,1,48,76.8,185.6,35.7,01Jan2024-31Dec2024,As Expected,1,19,29.1,54.8,10.2,01Jan2024-31Dec2024,Not Available,199,15,,,,01Jan2021-31Dec2023,Not Available,199,14,,,,As Expected,1,40,27.3,59.9,8.7,01Jan2024-31Dec2024,As Expected,1,19,0.48,2.32,0.1,01Jan2023-31Dec2024,As Expected,1,14,1.11,3.48,0.11,01Jan2021-31Dec2023,As Expected,1,22,0.47,2.63,0.01,01Jan2024-31Dec2024,As Expected,1,0.61,2.02,0.1,As Expected,1,60,73.2,92.9,52.3,01Jul2025-30Sep2025,201,,1,60,484,100,257,0,,,259,0,,,259,0,,,13,1,0,1,15,1,61,493,0,1,61,528,8,24,31,24,13,1,60,513,15,259,0,,
52761,18,DaVita Premier Dialysis Center,01Jan2021-31Dec2024,3,1,7612 Atlantic Avenue,,Cudahy,CA,90201,Los Angeles,(323) 562-5511,Profit,Yes,DaVita,No,36,Yes,Yes,No,4/11/95,01Oct2024-30Sep2025,01Oct2024-30Sep2025,01Jan2021-31Dec2024,As Expected,1,597,18.2,28.2,12.2,01Jan2024-31Dec2024,As Expected,1,149,130.4,193.5,93.5,01Jan2024-31Dec2024,As Expected,1,134,33,45.1,21.5,01Jan2024-31Dec2024,As Expected,1,61,19,57.4,8.2,01Jan2021-31Dec2023,Worse than Expected,1,76,0.13,0.7,0,As Expected,1,221,14.1,25.2,7.4,01Jan2024-31Dec2024,As Expected,1,66,0.83,1.55,0.52,01Jan2023-31Dec2024,As Expected,1,100,1.09,1.89,0.52,01Jan2021-31Dec2023,Worse than Expected,1,100,0.09,0.48,0,01Jan2024-31Dec2024,Better than Expected,1,0.18,0.49,0.05,As Expected,1,234,64.8,78,48.7,01Jul2025-30Sep2025,1,3,280,220,2133,,280,32,237,,280,0,,,280,0,,,13,1,2,1,53,280,258,2496,,280,263,2560,,,,,,1,234,2331,19,280,0,,
52762,18,BMA OXNARD,01Jan2021-31Dec2024,4,1,"1801 Holser Walk, Suite 310",,Oxnard,CA,93030,Ventura,(805) 988-3339,Profit,Yes,Fresenius Medical Care,Yes,21,Yes,No,No,6/12/95,01Oct2024-30Sep2025,01Oct2024-30Sep2025,01Jan2021-31Dec2024,As Expected,1,489,16.1,25.1,10.6,01Jan2024-31Dec2024,As Expected,1,124,105.1,168.2,70.8,01Jan2024-31Dec2024,As Expected,1,96,29.1,41.8,18.6,01Jan2024-31Dec2024,As Expected,1,60,18.6,56.3,8,01Jan2021-31Dec2023,As Expected,1,37,0.34,1.87,0.01,As Expected,1,109,20.9,38.9,9.9,01Jan2024-31Dec2024,As Expected,1,68,1.29,2.11,0.89,01Jan2023-31Dec2024,As Expected,1,102,1.08,1.92,0.54,01Jan2021-31Dec2023,As Expected,1,72,0.31,1.11,0.04,01Jan2024-31Dec2024,Better than Expected,1,0.21,0.7,0.04,As Expected,1,147,61,78.5,39.8,01Jul2025-30Sep2025,201,,1,138,1373,100,257,0,,,259,0,,,259,0,,,7,1,0,1,58,1,141,1399,0,1,147,1443,7,25,29,26,12,1,147,1441,8,259,0,,
52764,18,BMA SAN GABRIEL VALLEY PD CLINIC,01Jan2021-31Dec2024,4,1,"1801 W. Valley Blvd., Suite 204",,Alhambra,CA,91803,Los Angeles,(626) 457-6540,Profit,Yes,Fresenius Medical Care,No,6,No,Yes,No,4/27/95,01Oct2024-30Sep2025,01Oct2024-30Sep2025,01Jan2021-31Dec2024,As Expected,1,125,26.8,49.2,13.1,01Jan2024-31Dec2024,As Expected,1,21,143.9,362.9,64,01Jan2024-31Dec2024,Not Available,199,10,,,,01Jan2024-31Dec2024,Not Available,199,7,,,,01Jan2021-31Dec2023,As Expected,1,25,0.89,2.6,0.18,As Expected,1,27,40.1,71.9,14.9,01Jan2024-31Dec2024,Not Available,199,8,,,,01Jan2023-31Dec2024,As Expected,1,23,1.03,2.78,0.19,01Jan2021-31Dec2023,Not Available,201,0,,,,01Jan2024-31Dec2024,Not Available,201,,,,Not Available,256,0,,,,01Jul2025-30Sep2025,201,,256,0,,,1,29,269,99,259,0,,,259,0,,,,199,,199,6,1,29,269,0,1,29,269,4,25,29,21,21,256,0,,,259,0,,
52768,18,DaVita Diamond Valley Dialysis Center,01Jan2021-31Dec2024,3,1,1181 N. State St.,,San Jacinto,CA,92583,Riverside,(951) 487-6528,Profit,Yes,DaVita,No,36,Yes,No,No,7/6/95,01Oct2024-30Sep2025,01Oct2024-30Sep2025,01Jan2021-31Dec2024,As Expected,1,559,27.2,39.4,19.5,01Jan2024-31Dec2024,As Expected,1,172,150.8,213.7,112.4,01Jan2024-31Dec2024,As Expected,1,152,22.8,30.7,15.9,01Jan2024-31Dec2024,As Expected,1,51,34.7,87.7,17.2,01Jan2021-31Dec2023,As Expected,1,70,0.6,1.53,0.16,As Expected,1,198,16,28.6,8.4,01Jan2024-31Dec2024,As Expected,1,55,1.46,2.5,0.97,01Jan2023-31Dec2024,As Expected,1,90,1.24,2.12,0.64,01Jan2021-31Dec2023,As Expected,1,109,1.25,2.18,0.64,01Jan2024-31Dec2024,Better than Expected,1,0.13,0.42,0.02,As Expected,1,243,63.7,77.3,47.2,01Jul2025-30Sep2025,1,0,280,226,1979,,280,0,,,280,0,,,280,0,,,32,1,0,1,47,280,234,2080,,280,247,1975,,,,,,1,243,2147,18,280,0,,
52769,17,DaVita Chinatown Dialysis,01Jan2021-31Dec2024,5,1,636 CLAY STREET,,SAN FRANCISCO,CA,94111,San Francisco,(415) 291-8992,Profit,Yes,DaVita,No,22,Yes,No,No,9/19/95,01Oct2024-30Sep2025,01Oct2024-30Sep2025,01Jan2021-31Dec2024,As Expected,1,341,17.8,28.7,11.4,01Jan2024-31Dec2024,As Expected,1,76,110.1,189.8,68,01Jan2024-31Dec2024,As Expected,1,66,24.5,39.2,13.8,01Jan2024-31Dec2024,As Expected,1,37,8.4,66.9,1.7,01Jan2021-31Dec2023,Not Available,199,17,,,,As Expected,1,29,32.8,67.6,10.2,01Jan2024-31Dec2024,As Expected,1,40,0.49,1.47,0.21,01Jan2023-31Dec2024,As Expected,1,40,0.71,2.36,0.09,01Jan2021-31Dec2023,As Expected,1,42,1,2.91,0.21,01Jan2024-31Dec2024,Better than Expected,1,0,0.66,,Better than Expected,1,83,87.1,99,75.3,01Jul2025-30Sep2025,1,8,280,76,742,,280,0,,,280,0,,,280,0,,,6,1,0,1,35,280,77,754,,280,83,785,,,,,,1,83,794,6,280,0,,
52770,17,DaVita Selma Dialysis,01Jan2021-31Dec2024,2,1,2711 CINEMA WAY #111,,SELMA,CA,93662,Fresno,(559) 891-2750,Profit,Yes,DaVita,No,16,Yes,No,No,9/27/95,01Oct2024-30Sep2025,01Oct2024-30Sep2025,01Jan2021-31Dec2024,As Expected,1,489,26.4,39.4,18.4,01Jan2024-31Dec2024,As Expected,1,128,136,205.5,95.9,01Jan2024-31Dec2024,As Expected,1,115,33.1,45.8,22.5,01Jan2024-31Dec2024,As Expected,1,55,37.5,82.2,20.7,01Jan2021-31Dec2023,As Expected,1,75,0.44,1.28,0.09,As Expected,1,137,20.4,36,10.5,01Jan2024-31Dec2024,Worse than Expected,1,60,1.51,2.52,1.03,01Jan2023-31Dec2024,Worse than Expected,1,85,2.23,3.36,1.31,01Jan2021-31Dec2023,Worse than Expected,1,103,0.2,0.73,0.02,01Jan2024-31Dec2024,Better than Expected,1,0.07,0.36,0,As Expected,1,169,66.6,81.9,47.9,01Jul2025-30Sep2025,1,0,280,148,1357,,280,16,134,,280,0,,,280,0,,,11,1,0,1,44,280,168,1593,,280,183,1635,,,,,,1,169,1497,22,280,0,,
52772,18,RAI - HOSPITAL CIRCLE - WESTMINSTER,01Jan2021-31Dec2024,3,1,290 Hospital Circle,,Westminster,CA,92683,Orange,(714) 895-3698,Profit,Yes,Fresenius Medical Care,No,16,Yes,No,No,12/20/95,01Oct2024-30Sep2025,01Oct2024-30Sep2025,01Jan2021-31Dec2024,As Expected,1,234,22.6,35.8,14.7,01Jan2024-31Dec2024,As Expected,1,50,177.5,287.9,116.8,01Jan2024-31Dec2024,As Expected,1,51,26.4,40.2,15,01Jan2024-31Dec2024,As Expected,1,19,16.4,130.4,3.4,01Jan2021-31Dec2023,As Expected,1,23,0.82,2.95,0.1,As Expected,1,51,9.9,32.2,2.5,01Jan2024-31Dec2024,As Expected,1,24,0.63,1.46,0.28,01Jan2023-31Dec2024,As Expected,1,42,0.4,1.12,0.08,01Jan2021-31Dec2023,As Expected,1,34,0,1.16,0,01Jan2024-31Dec2024,Better than Expected,1,0,0.89,,As Expected,1,64,65.2,83.4,46,01Jul2025-30Sep2025,201,,1,61,549,98,257,0,,,259,0,,,259,0,,,0,1,0,1,15,1,63,600,2,1,64,621,6,15,25,27,26,1,64,616,15,259,0,,
52773,18,DaVita Westminster South Dialysis,01Jan2021-31Dec2024,4,1,14014 Magnolia St.,,Westminster,CA,92683,Orange,(714) 894-8712,Profit,Yes,DaVita,No,24,Yes,Yes,No,9/29/95,01Oct2024-30Sep2025,01Oct2024-30Sep2025,01Jan2021-31Dec2024,As Expected,1,610,19.4,28.3,13.8,01Jan2024-31Dec2024,As Expected,1,140,127.3,190.9,90.5,01Jan2024-31Dec2024,As Expected,1,106,28.5,41.7,17.9,01Jan2024-31Dec2024,As Expected,1,65,27.2,63.3,14.3,01Jan2021-31Dec2023,As Expected,1,76,0.48,1.23,0.13,As Expected,1,135,20,35.3,10.3,01Jan2024-31Dec2024,As Expected,1,79,0.51,1.05,0.29,01Jan2023-31Dec2024,As Expected,1,112,0.52,1.11,0.17,01Jan2021-31Dec2023,As Expected,1,104,1.1,2.03,0.53,01Jan2024-31Dec2024,Better than Expected,1,0,0.25,,Better than Expected,1,163,75.1,89.4,57.7,01Jul2025-30Sep2025,1,2,280,149,1325,,280,39,292,,280,0,,,280,0,,,13,1,0,1,85,280,193,1748,,280,197,1717,,,,,,1,163,1492,10,280,0,,
52776,18,DaVita HI-Desert Dialysis,01Jan2021-31Dec2024,3,1,"56845 Twenty-Nine Palms Highway,",,Yucca Valley,CA,92284,San Bernardino,(760) 365-8706,Profit,Yes,DaVita,No,25,Yes,Yes,No,2/6/96,01Oct2024-30Sep2025,01Oct2024-30Sep2025,01Jan2021-31Dec2024,As Expected,1,421,23,35.2,15.5,01Jan2024-31Dec2024,As Expected,1,104,163.1,252.4,112.8,01Jan2024-31Dec2024,As Expected,1,100,34.2,48.7,22.8,01Jan2024-31Dec2024,As Expected,1,33,42.3,107,21,01Jan2021-31Dec2023,As Expected,1,51,0.42,1.51,0.05,As Expected,1,93,18.5,37.3,8,01Jan2024-31Dec2024,As Expected,1,37,1.31,2.22,0.81,01Jan2023-31Dec2024,As Expected,1,75,1.13,2.04,0.48,01Jan2021-31Dec2023,Better than Expected,1,73,2.04,3.56,1.05,01Jan2024-31Dec2024,As Expected,1,0.59,1.43,0.19,As Expected,1,98,58.3,79.1,37.7,01Jul2025-30Sep2025,1,2,280,89,711,,280,27,198,,280,0,,,280,0,,,39,1,0,1,26,280,111,965,,280,117,1006,,,,,,1,98,788,25,280,0,,
52778,18,Santa Clarita Kidney Center,01Jan2021-31Dec2024,3,1,"23861 W. McBean Parkway, Suite E-11",,Valencia,CA,91355,Los Angeles,(661) 222-7370,Profit,Yes,Other,Yes,24,Yes,No,No,2/19/96,01Oct2024-30Sep2025,01Oct2024-30Sep2025,01Jan2021-31Dec2024,As Expected,1,359,16.2,27.1,9.9,01Jan2024-31Dec2024,As Expected,1,87,136.4,216.6,92.3,01Jan2024-31Dec2024,As Expected,1,90,28.9,42.8,18,01Jan2024-31Dec2024,As Expected,1,30,21.5,93,7.1,01Jan2021-31Dec2023,As Expected,1,48,0.7,2.06,0.15,As Expected,1,70,22.3,45.1,9.1,01Jan2024-31Dec2024,As Expected,1,35,0.88,1.86,0.45,01Jan2023-31Dec2024,As Expected,1,58,0.54,1.34,0.15,01Jan2021-31Dec2023,Worse than Expected,1,69,0.14,0.77,0,01Jan2024-31Dec2024,Better than Expected,1,0,0.34,,As Expected,1,114,62,81.6,38.3,01Jul2025-30Sep2025,201,,1,101,923,94,257,0,,,259,0,,,259,0,,,17,1,0,1,24,1,109,1002,0,1,115,1029,5,33,37,20,5,1,114,1025,24,259,0,,
52779,18,RAI - MISSION GORGE - SAN DIEGO,01Jan2021-31Dec2024,4,1,"7007 Mission Gorge Road, 1st Floor",,San Diego,CA,92120,San Diego,(619) 229-1070,Profit,Yes,Fresenius Medical Care,Yes,33,Yes,Yes,Yes,3/4/96,01Oct2024-30Sep2025,01Oct2024-30Sep2025,01Jan2021-31Dec2024,As Expected,1,984,19.5,26.7,14.8,01Jan2024-31Dec2024,As Expected,1,207,117.1,165.6,87.4,01Jan2024-31Dec2024,As Expected,1,173,26.2,35.8,17.6,01Jan2024-31Dec2024,As Expected,1,33,25,108.1,8.2,01Jan2021-31Dec2023,As Expected,1,106,1.42,2.38,0.78,As Expected,1,206,22.9,35.5,13.8,01Jan2024-31Dec2024,As Expected,1,35,1.66,3.02,0.96,01Jan2023-31Dec2024,As Expected,1,52,1.97,3.81,0.85,01Jan2021-31Dec2023,As Expected,1,99,0.57,1.23,0.21,01Jan2024-31Dec2024,Better than Expected,1,0.07,0.34,0,As Expected,1,218,61.1,76.7,42.3,01Jul2025-30Sep2025,201,,1,204,1751,100,1,72,562,92,259,0,,,259,0,,,6,1,0,1,16,1,272,2385,1,1,284,2494,11,24,28,24,13,1,218,1850,15,259,0,,
52780,18,FRESENIUS MEDICAL CARE BALBOA EAST COUNTY,01Jan2021-31Dec2024,4,1,570 N. Second Street,,El Cajon,CA,92021,San Diego,(619) 588-7500,Profit,Yes,Fresenius Medical Care,No,24,Yes,Yes,No,2/19/96,01Oct2024-30Sep2025,01Oct2024-30Sep2025,01Jan2021-31Dec2024,As Expected,1,681,21.4,30.1,15.7,01Jan2024-31Dec2024,As Expected,1,154,140.8,205.4,102.3,01Jan2024-31Dec2024,As Expected,1,141,25.8,33.8,18.2,01Jan2024-31Dec2024,As Expected,1,81,13.7,41.5,5.9,01Jan2021-31Dec2023,As Expected,1,70,0.93,2.03,0.34,As Expected,1,202,21.4,34,12.6,01Jan2024-31Dec2024,As Expected,1,89,0.84,1.49,0.54,01Jan2023-31Dec2024,As Expected,1,113,1.14,1.91,0.58,01Jan2021-31Dec2023,Worse than Expected,1,64,0.18,0.98,0,01Jan2024-31Dec2024,Better than Expected,1,0,0.37,,As Expected,1,170,64.9,81.3,44.9,01Jul2025-30Sep2025,201,,1,162,1444,99,1,71,548,100,259,0,,,259,0,,,15,1,0,1,48,1,227,2079,1,1,241,2161,6,17,23,31,23,1,170,1572,10,259,0,,
52781,18,DaVita North Hollywood Dialysis,01Jan2021-31Dec2024,3,1,12126 Victory Blvd.,,North Hollywood,CA,91606,Los Angeles,(818) 980-5070,Profit,Yes,DaVita,No,28,Yes,Yes,No,3/11/96,01Oct2024-30Sep2025,01Oct2024-30Sep2025,01Jan2021-31Dec2024,As Expected,1,501,22.3,33.2,15.5,01Jan2024-31Dec2024,As Expected,1,121,162.4,241.2,116.2,01Jan2024-31Dec2024,As Expected,1,108,31.2,43.6,19.9,01Jan2024-31Dec2024,As Expected,1,49,28.4,75.5,13.6,01Jan2021-31Dec2023,As Expected,1,58,0.76,1.93,0.21,As Expected,1,163,10.1,22,4.3,01Jan2024-31Dec2024,As Expected,1,62,1.07,1.89,0.69,01Jan2023-31Dec2024,As Expected,1,84,0.58,1.28,0.17,01Jan2021-31Dec2023,As Expected,1,83,0.37,1.07,0.08,01Jan2024-31Dec2024,Better than Expected,1,0.22,0.59,0.06,As Expected,1,181,70.6,85,53.1,01Jul2025-30Sep2025,1,5,280,171,1576,,280,21,195,,280,0,,,280,0,,,18,1,0,1,57,280,196,1827,,280,201,1747,,,,,,1,181,1675,17,280,0,,
52782,18,"Mountain View Dialysis Center, Inc.",01Jan2021-31Dec2024,2,1,900 S. Mountain Avenue,,Monrovia,CA,91016,Los Angeles,(626) 932-1810,Profit,No,Independent,No,24,Yes,Yes,No,5/1/96,01Oct2024-30Sep2025,01Oct2024-30Sep2025,01Jan2021-31Dec2024,As Expected,1,271,29.6,45.5,20,01Jan2024-31Dec2024,As Expected,1,66,113.2,204.5,67,01Jan2024-31Dec2024,As Expected,1,46,25.4,39.9,13.7,01Jan2024-31Dec2024,As Expected,1,29,27.5,90.9,11.1,01Jan2021-31Dec2023,As Expected,1,37,1.01,2.6,0.28,As Expected,1,59,25.3,51.6,9.8,01Jan2024-31Dec2024,As Expected,1,38,0.76,1.82,0.4,01Jan2023-31Dec2024,As Expected,1,37,0.43,1.72,0.03,01Jan2021-31Dec2023,As Expected,1,47,0.44,1.58,0.05,01Jan2024-31Dec2024,Not Available,201,,,,As Expected,1,82,60.2,80.6,40,01Jul2025-30Sep2025,201,,1,64,630,87,199,6,61,,259,0,,,259,0,,,73,1,0,1,26,1,82,804,1,1,90,818,4,25,39,19,14,1,82,748,24,259,0,,
52783,17,USRC MODESTO DIALYSIS,01Jan2021-31Dec2024,4,1,"305 E. GRANGER AVE.., STE. 102",,MODESTO,CA,95350,Stanislaus,(209) 574-6800,Profit,Yes,"US Renal Care, Inc.",No,17,Yes,Yes,No,4/9/96,01Oct2024-30Sep2025,01Oct2024-30Sep2025,01Jan2021-31Dec2024,As Expected,1,413,23.3,36.4,15.4,01Jan2024-31Dec2024,As Expected,1,93,177.9,278.1,122,01Jan2024-31Dec2024,As Expected,1,106,25.6,36.5,16,01Jan2024-31Dec2024,As Expected,1,33,0,30.5,0,01Jan2021-31Dec2023,As Expected,1,50,1.26,2.94,0.41,Better than Expected,1,105,31,50.2,16.6,01Jan2024-31Dec2024,As Expected,1,39,0.69,1.71,0.35,01Jan2023-31Dec2024,As Expected,1,53,0.89,1.8,0.35,01Jan2021-31Dec2023,As Expected,1,78,0.54,1.38,0.15,01Jan2024-31Dec2024,Better than Expected,1,0.34,0.93,0.09,As Expected,1,106,57.6,76.8,34.2,01Jul2025-30Sep2025,1,0,1,98,833,90,1,32,290,99,259,0,,,259,0,,,12,1,0,1,25,1,129,1142,1,1,138,1243,10,23,30,27,11,1,106,920,31,259,0,,
52784,17,DaVita Delta Sierra Dialysis Center,01Jan2021-31Dec2024,3,1,7500 WEST LANE,,STOCKTON,CA,95210,San Joaquin,(209) 473-7472,Profit,Yes,DaVita,Yes,36,Yes,No,No,4/12/96,01Oct2024-30Sep2025,01Oct2024-30Sep2025,01Jan2021-31Dec2024,As Expected,1,486,21,31.9,14.3,01Jan2024-31Dec2024,As Expected,1,137,141.5,208.2,102.2,01Jan2024-31Dec2024,As Expected,1,124,28.1,38.8,18.1,01Jan2024-31Dec2024,As Expected,1,58,29.4,68.4,15.5,01Jan2021-31Dec2023,As Expected,1,81,0.97,1.85,0.44,As Expected,1,170,25.3,40.3,14.6,01Jan2024-31Dec2024,As Expected,1,64,1.28,2.08,0.89,01Jan2023-31Dec2024,As Expected,1,97,1.08,1.91,0.53,01Jan2021-31Dec2023,As Expected,1,122,0.51,1.06,0.21,01Jan2024-31Dec2024,Better than Expected,1,0.18,0.5,0.05,As Expected,1,214,61.7,76.2,44,01Jul2025-30Sep2025,1,0,280,204,1641,,280,0,,,280,0,,,280,0,,,10,1,2,1,50,280,210,1710,,280,220,1795,,,,,,1,214,1771,22,280,0,,
52785,18,DaVita Doctors Dialysis Center of Montebello,01Jan2021-31Dec2024,2,1,1721 W. Whittier Blvd.,,Montebello,CA,90640,Los Angeles,(323) 722-1116,Profit,Yes,DaVita,No,26,Yes,No,No,5/3/96,01Oct2024-30Sep2025,01Oct2024-30Sep2025,01Jan2021-31Dec2024,As Expected,1,363,25.4,40.7,16.4,01Jan2024-31Dec2024,As Expected,1,79,154.2,244.1,102.7,01Jan2024-31Dec2024,As Expected,1,66,32.1,48,19,01Jan2024-31Dec2024,As Expected,1,29,27.6,102.3,10.2,01Jan2021-31Dec2023,As Expected,1,35,0.32,1.77,0.01,As Expected,1,76,13.7,34.2,4.6,01Jan2024-31Dec2024,As Expected,1,35,0.72,1.6,0.34,01Jan2023-31Dec2024,As Expected,1,48,0.97,2,0.34,01Jan2021-31Dec2023,As Expected,1,58,0.37,1.34,0.05,01Jan2024-31Dec2024,Better than Expected,1,0,0.36,,As Expected,1,94,64.3,83.2,45.6,01Jul2025-30Sep2025,1,4,280,90,896,,280,0,,,280,0,,,280,0,,,21,1,0,1,24,280,93,940,,280,94,890,,,,,,1,94,950,21,280,0,,
52786,17,DaVita El Cerrito Dialysis,01Jan2021-31Dec2024,2,1,10690 SAN PABLO AVENUE,,EL CERRITO,CA,94530,Contra Costa,(510) 528-9590,Profit,Yes,DaVita,No,20,Yes,Yes,No,4/24/96,01Oct2024-30Sep2025,01Oct2024-30Sep2025,01Jan2021-31Dec2024,As Expected,1,350,21.3,30.8,15.4,01Jan2024-31Dec2024,As Expected,1,87,148.6,232.7,99.9,01Jan2024-31Dec2024,As Expected,1,78,29.1,42.3,18.5,01Jan2024-31Dec2024,As Expected,1,33,20.5,88.9,6.8,01Jan2021-31Dec2023,Not Available,199,17,,,,As Expected,1,77,25.7,47.4,11.7,01Jan2024-31Dec2024,As Expected,1,38,1.58,2.72,0.95,01Jan2023-31Dec2024,As Expected,1,77,1.37,2.41,0.67,01Jan2021-31Dec2023,As Expected,1,36,0.28,1.56,0.01,01Jan2024-31Dec2024,Better than Expected,1,0.22,0.72,0.04,As Expected,1,105,49.1,71.6,21.7,01Jul2025-30Sep2025,1,9,280,94,849,,280,0,,,280,0,,,280,0,,,6,1,0,1,16,280,104,947,,280,104,934,,,,,,1,105,966,26,280,0,,
52787,17,DaVita Alameda County Dialysis,01Jan2021-31Dec2024,2,1,10700 MacArthur Blvd. Building 7,,Oakland,CA,94605,Alameda,(510) 568-5849,Profit,Yes,DaVita,No,24,Yes,No,No,4/24/96,01Oct2024-30Sep2025,01Oct2024-30Sep2025,01Jan2021-31Dec2024,As Expected,1,218,30.6,45.6,20.6,01Jan2024-31Dec2024,As Expected,1,48,174.5,272.2,118.8,01Jan2024-31Dec2024,As Expected,1,60,35.4,47.2,23,01Jan2024-31Dec2024,As Expected,1,28,49.6,150.2,21.4,01Jan2021-31Dec2023,As Expected,1,17,0.44,2.46,0.01,As Expected,1,68,24,47.1,10.1,01Jan2024-31Dec2024,Worse than Expected,1,36,1.99,3.18,1.29,01Jan2023-31Dec2024,As Expected,1,80,1.2,1.93,0.65,01Jan2021-31Dec2023,Worse than Expected,1,33,0,0.94,0,01Jan2024-31Dec2024,As Expected,1,1.02,2.26,0.37,As Expected,1,88,57.7,80.3,35.4,01Jul2025-30Sep2025,1,0,280,83,756,,280,0,,,280,0,,,280,0,,,29,1,0,1,17,280,84,758,,280,86,703,,,,,,1,88,767,15,280,0,,
52788,18,DaVita Nephron Dialysis,01Jan2021-31Dec2024,2,1,5820 Downey Avenue,,Long Beach,CA,90805,Los Angeles,(562) 663-0788,Profit,Yes,DaVita,No,21,Yes,No,No,8/8/96,01Oct2024-30Sep2025,01Oct2024-30Sep2025,01Jan2021-31Dec2024,As Expected,1,339,19.7,33.2,12,01Jan2024-31Dec2024,As Expected,1,84,154.8,243.7,103.6,01Jan2024-31Dec2024,As Expected,1,74,24,38.3,13.6,01Jan2024-31Dec2024,As Expected,1,30,32.7,121.2,12.1,01Jan2021-31Dec2023,As Expected,1,26,0,1.36,0,As Expected,1,94,8.7,28.7,2.2,01Jan2024-31Dec2024,As Expected,1,35,1.04,2.15,0.53,01Jan2023-31Dec2024,As Expected,1,54,1.33,2.53,0.5,01Jan2021-31Dec2023,As Expected,1,48,0.47,1.7,0.06,01Jan2024-31Dec2024,Better than Expected,1,0.24,0.8,0.04,As Expected,1,121,56.3,77,31.1,01Jul2025-30Sep2025,1,1,280,113,976,,280,0,,,280,0,,,280,0,,,12,1,0,1,26,280,115,1032,,280,122,1076,,,,,,1,121,1072,19,280,0,,
52789,18,SRS-Ridgecrest Dialysis,01Jan2021-31Dec2024,1,1,212 S. Richmond Road,,Ridgecrest,CA,93555,Kern,(760) 371-7506,Profit,No,Independent,No,12,Yes,No,No,6/3/96,01Oct2024-30Sep2025,01Oct2024-30Sep2025,01Jan2021-31Dec2024,As Expected,1,177,23.2,36.7,14.6,01Jan2024-31Dec2024,As Expected,1,44,129.5,235.9,77,01Jan2024-31Dec2024,As Expected,1,25,19.1,40.5,5.3,01Jan2024-31Dec2024,As Expected,1,29,23.7,102.7,7.8,01Jan2021-31Dec2023,As Expected,1,24,0.4,2.2,0.01,As Expected,1,59,9.9,34.6,2.2,01Jan2024-31Dec2024,Worse than Expected,1,32,2.01,3.22,1.3,01Jan2023-31Dec2024,As Expected,1,30,0.95,2.26,0.26,01Jan2021-31Dec2023,As Expected,1,30,1.19,3.05,0.32,01Jan2024-31Dec2024,Not Available,201,,,,Worse than Expected,1,68,24.1,35.1,12.6,01Jul2025-30Sep2025,201,,1,61,443,63,257,0,,,259,0,,,259,0,,,38,1,0,1,24,1,67,521,60,1,42,189,5,16,24,27,28,1,68,530,43,259,0,,
52791,18,Rosemead Dialysis Center,01Jan2021-31Dec2024,3,1,7403 Hellman Avenue,,Rosemead,CA,91770,Los Angeles,(626) 280-6161,Profit,No,Independent,Yes,17,Yes,Yes,No,8/20/96,01Oct2024-30Sep2025,01Oct2024-30Sep2025,01Jan2021-31Dec2024,As Expected,1,306,24.1,36.2,16.7,01Jan2024-31Dec2024,As Expected,1,79,121.5,205.7,76.1,01Jan2024-31Dec2024,As Expected,1,68,27.5,42.6,16.1,01Jan2024-31Dec2024,As Expected,1,39,10.8,58.4,3,01Jan2021-31Dec2023,As Expected,1,54,0.19,1.05,0,As Expected,1,75,16.8,38.8,6.1,01Jan2024-31Dec2024,As Expected,1,45,1.01,2.08,0.59,01Jan2023-31Dec2024,As Expected,1,56,1.19,2.47,0.39,01Jan2021-31Dec2023,As Expected,1,72,0.6,1.53,0.16,01Jan2024-31Dec2024,Not Available,201,,,,As Expected,1,100,67.2,85.7,44.8,01Jul2025-30Sep2025,201,,1,80,768,97,199,5,45,,259,0,,,259,0,,,,201,,201,0,1,103,977,0,1,107,1016,9,21,28,28,14,1,100,947,14,259,0,,
52792,18,FRESENIUS MEDICAL CARE OF IMPERIAL COUNTY,01Jan2021-31Dec2024,3,1,200 Wake Avenue,,El Centro,CA,92243,Imperial,(760) 353-3323,Profit,Yes,Fresenius Medical Care,No,36,Yes,No,No,8/20/96,01Oct2024-30Sep2025,01Oct2024-30Sep2025,01Jan2021-31Dec2024,As Expected,1,708,25.9,36.2,19.2,01Jan2024-31Dec2024,As Expected,1,174,106.6,160.3,75.5,01Jan2024-31Dec2024,As Expected,1,107,26.5,39.5,16.4,01Jan2024-31Dec2024,As Expected,1,111,24.5,47.2,14.9,01Jan2021-31Dec2023,As Expected,1,53,0.25,1.41,0.01,As Expected,1,154,12.5,26.2,5.5,01Jan2024-31Dec2024,Worse than Expected,1,135,1.31,1.84,1.02,01Jan2023-31Dec2024,As Expected,1,149,1.44,2.16,0.91,01Jan2021-31Dec2023,Worse than Expected,1,82,0.13,0.7,0,01Jan2024-31Dec2024,As Expected,1,1.32,2.05,0.81,As Expected,1,186,55.7,71.8,36,01Jul2025-30Sep2025,201,,1,180,1661,99,257,0,,,259,0,,,259,0,,,15,1,0,1,104,1,182,1762,1,1,192,1809,9,24,27,26,12,1,186,1749,17,259,0,,
52793,17,SHC San Carlos,01Jan2021-31Dec2024,5,1,1125 INDUSTRIAL RD SUITE G,,SAN CARLOS,CA,94070,San Mateo,(650) 366-0789,Non-profit,Yes,"US Renal Care, Inc.",Yes,23,Yes,No,No,7/25/96,01Oct2024-30Sep2025,01Oct2024-30Sep2025,01Jan2021-31Dec2024,As Expected,1,450,15.9,25.6,10.2,01Jan2024-31Dec2024,As Expected,1,117,119.9,194.8,79.7,01Jan2024-31Dec2024,As Expected,1,88,23.1,36,13.1,01Jan2024-31Dec2024,As Expected,1,64,32.4,75.6,17.1,01Jan2021-31Dec2023,Better than Expected,1,50,2.39,4.27,1.19,Better than Expected,1,150,37.3,52.1,24.6,01Jan2024-31Dec2024,As Expected,1,77,1.09,1.95,0.71,01Jan2023-31Dec2024,As Expected,1,85,1.43,2.49,0.67,01Jan2021-31Dec2023,As Expected,1,85,0.75,1.64,0.28,01Jan2024-31Dec2024,Better than Expected,1,0.23,0.63,0.06,As Expected,1,182,70.6,84.2,54,01Jul2025-30Sep2025,1,0,1,163,1522,97,1,30,270,93,201,0,,,259,0,,,22,1,0,1,51,1,207,1950,0,1,212,2034,6,20,30,28,18,1,182,1733,18,201,0,,
52794,18,DaVita USC Kidney Center,01Jan2021-31Dec2024,3,1,2310 Alcazar Street,,Los Angeles,CA,90033,Los Angeles,(323) 441-9966,Profit,Yes,DaVita,No,59,Yes,Yes,No,11/5/96,01Oct2024-30Sep2025,01Oct2024-30Sep2025,01Jan2021-31Dec2024,As Expected,1,665,18.5,28.3,12.5,01Jan2024-31Dec2024,As Expected,1,174,143.2,202.4,107,01Jan2024-31Dec2024,As Expected,1,162,24.4,32.9,17.1,01Jan2024-31Dec2024,As Expected,1,117,22.4,46.7,12.9,01Jan2021-31Dec2023,As Expected,1,131,0.57,1.06,0.28,As Expected,1,339,22.4,31.4,15.4,01Jan2024-31Dec2024,As Expected,1,137,0.79,1.25,0.57,01Jan2023-31Dec2024,As Expected,1,195,0.8,1.33,0.42,01Jan2021-31Dec2023,As Expected,1,99,0.62,1.28,0.25,01Jan2024-31Dec2024,Better than Expected,1,0.23,0.52,0.09,As Expected,1,270,65.9,78.2,51,01Jul2025-30Sep2025,1,4,280,252,2436,,280,94,895,,280,0,,,280,0,,,15,1,0,1,104,280,356,3518,,280,365,3515,,,,,,1,270,2640,18,280,0,,
52796,17,DCI MADISON DIALYSIS CLINIC,01Jan2021-31Dec2024,2,1,5244 MADISON AVENUE,,SACRAMENTO,CA,95841,Sacramento,(916) 338-6644,Non-profit,Yes,"Dialysis Clinic, Inc.",No,12,Yes,No,No,12/23/96,01Oct2024-30Sep2025,01Oct2024-30Sep2025,01Jan2021-31Dec2024,As Expected,1,184,26.4,41.7,16.6,01Jan2024-31Dec2024,As Expected,1,49,113.8,205.7,68.1,01Jan2024-31Dec2024,As Expected,1,43,25.1,43.1,11.1,01Jan2024-31Dec2024,As Expected,1,25,23.3,100.8,7.7,01Jan2021-31Dec2023,Not Available,199,22,,,,As Expected,1,61,21.9,47.2,8.1,01Jan2024-31Dec2024,Worse than Expected,1,30,1.9,3.26,1.15,01Jan2023-31Dec2024,As Expected,1,36,1.1,2.66,0.28,01Jan2021-31Dec2023,As Expected,1,36,0.31,1.71,0.01,01Jan2024-31Dec2024,Better than Expected,1,0,0.51,,As Expected,1,75,49.4,73.5,25.5,01Jul2025-30Sep2025,1,0,1,65,584,95,257,0,,,259,0,,,259,0,,,0,1,0,1,21,1,70,623,4,1,75,648,9,19,21,28,23,1,75,645,27,259,0,,
52798,18,RAI - NEW HOPE - FOUNTAIN VALLEY,01Jan2021-31Dec2024,3,1,"17197 Newhope Street, Suite A, B, C & D",,Fountain Valley,CA,92708,Orange,(714) 241-0196,Profit,Yes,Fresenius Medical Care,Yes,24,Yes,Yes,Yes,5/1/97,01Oct2024-30Sep2025,01Oct2024-30Sep2025,01Jan2021-31Dec2024,As Expected,1,411,21,32.4,14.1,01Jan2024-31Dec2024,As Expected,1,102,125.6,201.8,84.2,01Jan2024-31Dec2024,As Expected,1,85,27.7,43.5,16.3,01Jan2024-31Dec2024,As Expected,1,38,25.3,93.8,9.4,01Jan2021-31Dec2023,Worse than Expected,1,32,0,0.85,0,As Expected,1,103,16.5,36.3,6.4,01Jan2024-31Dec2024,As Expected,1,44,0.86,1.88,0.48,01Jan2023-31Dec2024,As Expected,1,63,0.65,1.48,0.2,01Jan2021-31Dec2023,As Expected,1,64,1.08,2.22,0.43,01Jan2024-31Dec2024,Better than Expected,1,0.4,0.96,0.13,As Expected,1,138,68.8,85.1,49,01Jul2025-30Sep2025,201,,1,117,1067,99,201,0,,,259,0,,,259,0,,,5,1,0,1,38,1,129,1193,0,1,138,1254,9,25,26,25,15,1,138,1261,17,259,0,,
52799,18,DaVita San Diego South Dialysis,01Jan2021-31Dec2024,3,1,1220 E. Plaza Blvd Suite 502,,National City,CA,91950,San Diego,(858) 786-1448,Profit,Yes,DaVita,Yes,17,Yes,No,No,2/28/97,01Oct2024-30Sep2025,01Oct2024-30Sep2025,01Jan2021-31Dec2024,As Expected,1,353,17,28.2,10.6,01Jan2024-31Dec2024,As Expected,1,90,147.6,231.2,101,01Jan2024-31Dec2024,As Expected,1,84,25.7,37,16,01Jan2024-31Dec2024,As Expected,1,32,4.4,83.3,0.5,01Jan2021-31Dec2023,As Expected,1,41,0.25,1.38,0.01,As Expected,1,77,11.2,33,3.1,01Jan2024-31Dec2024,As Expected,1,40,1.06,1.91,0.62,01Jan2023-31Dec2024,As Expected,1,66,0.95,1.55,0.5,01Jan2021-31Dec2023,As Expected,1,72,0.67,1.71,0.18,01Jan2024-31Dec2024,Better than Expected,1,0.27,0.88,0.05,As Expected,1,97,52.5,73.3,32.1,01Jul2025-30Sep2025,1,0,280,100,962,,280,1,12,,280,0,,,280,0,,,24,1,3,1,34,280,102,981,,280,101,975,,,,,,1,97,948,11,280,0,,
52800,18,DaVita Santa Paula Dialysis,01Jan2021-31Dec2024,3,1,253 March Street,,Santa Paula,CA,93060,Ventura,(805) 525-3977,Profit,Yes,DaVita,No,10,Yes,No,No,3/17/97,01Oct2024-30Sep2025,01Oct2024-30Sep2025,01Jan2021-31Dec2024,As Expected,1,158,25.5,41.2,15.6,01Jan2024-31Dec2024,As Expected,1,39,129.1,240.9,74.8,01Jan2024-31Dec2024,As Expected,1,28,31.2,52.8,14.5,01Jan2024-31Dec2024,As Expected,1,23,13.9,110.1,2.9,01Jan2021-31Dec2023,Not Available,199,14,,,,As Expected,1,52,16,43.3,4.5,01Jan2024-31Dec2024,As Expected,1,24,1.45,2.76,0.79,01Jan2023-31Dec2024,As Expected,1,35,1.46,2.87,0.52,01Jan2021-31Dec2023,As Expected,1,36,0.89,2.59,0.18,01Jan2024-31Dec2024,As Expected,1,0.98,2.37,0.31,As Expected,1,67,59.2,80.2,37.1,01Jul2025-30Sep2025,1,0,280,59,567,,280,0,,,280,0,,,280,0,,,9,1,0,1,22,280,67,637,,280,68,603,,,,,,1,67,645,10,280,0,,
52801,18,DaVita Hollywood Dialysis Center,01Jan2021-31Dec2024,3,1,5108 W Sunset Blvd.,,Los Angeles,CA,90027,Los Angeles,(323) 913-4010,Profit,Yes,DaVita,Yes,20,Yes,No,No,4/4/97,01Oct2024-30Sep2025,01Oct2024-30Sep2025,01Jan2021-31Dec2024,As Expected,1,352,20.7,34.5,12.8,01Jan2024-31Dec2024,As Expected,1,92,171,262.1,117.2,01Jan2024-31Dec2024,As Expected,1,103,31.8,44.7,21,01Jan2024-31Dec2024,As Expected,1,53,25.2,70.9,11.5,01Jan2021-31Dec2023,As Expected,1,57,0.68,1.75,0.19,As Expected,1,119,11.1,27.1,4,01Jan2024-31Dec2024,As Expected,1,59,1.02,2.04,0.6,01Jan2023-31Dec2024,As Expected,1,97,0.74,1.53,0.26,01Jan2021-31Dec2023,Worse than Expected,1,89,0.34,0.99,0.07,01Jan2024-31Dec2024,Better than Expected,1,0.1,0.47,0.01,As Expected,1,151,71.3,86.6,52.6,01Jul2025-30Sep2025,1,0,280,142,1362,,280,0,,,280,0,,,280,0,,,10,1,2,1,41,280,147,1409,,280,154,1431,,,,,,1,151,1482,13,280,0,,
52802,18,DaVita Harbor UCLA,01Jan2021-31Dec2024,4,1,21602 S. Vermont Avenue,,Torrance,CA,90502,Los Angeles,(310) 533-0413,Profit,Yes,DaVita,No,30,Yes,Yes,No,4/2/97,01Oct2024-30Sep2025,01Oct2024-30Sep2025,01Jan2021-31Dec2024,As Expected,1,501,13.4,23.6,7.8,01Jan2024-31Dec2024,As Expected,1,121,116.2,178.7,80.8,01Jan2024-31Dec2024,As Expected,1,110,30.2,41.9,19.9,01Jan2024-31Dec2024,As Expected,1,86,15.3,40.7,7.3,01Jan2021-31Dec2023,Worse than Expected,1,88,0.23,0.66,0.05,As Expected,1,225,24.7,37.3,15.3,01Jan2024-31Dec2024,As Expected,1,98,0.82,1.41,0.55,01Jan2023-31Dec2024,As Expected,1,162,1.15,1.87,0.64,01Jan2021-31Dec2023,As Expected,1,69,0.55,1.27,0.18,01Jan2024-31Dec2024,As Expected,1,0.58,1.11,0.27,As Expected,1,192,66.9,81.4,49.3,01Jul2025-30Sep2025,1,3,280,172,1682,,280,50,483,,280,0,,,280,0,,,18,1,3,1,77,280,228,2255,,280,241,2303,,,,,,1,192,1808,13,280,0,,
52803,18,DaVita Carson Dialysis,01Jan2021-31Dec2024,4,1,1309 E. Carson Street,,Carson,CA,90745,Los Angeles,(310) 513-1427,Profit,Yes,DaVita,Yes,16,Yes,Yes,No,4/23/97,01Oct2024-30Sep2025,01Oct2024-30Sep2025,01Jan2021-31Dec2024,As Expected,1,375,17.1,28,10.7,01Jan2024-31Dec2024,As Expected,1,91,158.7,242.3,111,01Jan2024-31Dec2024,Worse than Expected,1,100,39.4,50.4,29.1,01Jan2024-31Dec2024,As Expected,1,40,9.9,78.9,2.1,01Jan2021-31Dec2023,Not Available,199,25,,,,As Expected,1,76,21.9,44,9.1,01Jan2024-31Dec2024,As Expected,1,45,1.08,2.38,0.6,01Jan2023-31Dec2024,As Expected,1,80,1.11,2.12,0.46,01Jan2021-31Dec2023,Worse than Expected,1,42,0,0.92,0,01Jan2024-31Dec2024,As Expected,1,0.58,1.39,0.18,As Expected,1,101,70.7,89.6,47.8,01Jul2025-30Sep2025,1,0,280,97,893,,280,0,,,280,0,,,280,0,,,18,1,0,1,34,280,101,946,,280,101,949,,,,,,1,101,950,12,280,0,,
52804,18,DaVita Montclair Dialysis Center,01Jan2021-31Dec2024,3,1,9142 Monte Vista Ave,,Montclair,CA,91763,San Bernardino,(909) 626-6505,Profit,Yes,DaVita,No,30,Yes,Yes,Yes,5/23/97,01Oct2024-30Sep2025,01Oct2024-30Sep2025,01Jan2021-31Dec2024,As Expected,1,393,22,34.9,14.3,01Jan2024-31Dec2024,As Expected,1,87,143.3,233.3,94.9,01Jan2024-31Dec2024,As Expected,1,73,27,39.9,16.2,01Jan2024-31Dec2024,As Expected,1,28,57.5,152.8,27.4,01Jan2021-31Dec2023,As Expected,1,29,1.29,3.78,0.27,As Expected,1,107,17.7,36.1,7.6,01Jan2024-31Dec2024,As Expected,1,33,0.68,1.52,0.32,01Jan2023-31Dec2024,As Expected,1,71,0.67,1.31,0.28,01Jan2021-31Dec2023,As Expected,1,53,0.93,2.37,0.25,01Jan2024-31Dec2024,Better than Expected,1,0.1,0.47,0.01,As Expected,1,137,64.5,82.3,42.9,01Jul2025-30Sep2025,1,0,280,128,1240,,280,0,,,280,0,,,280,0,,,15,1,0,1,20,280,133,1297,,280,134,1312,,,,,,1,137,1333,16,280,0,,
52805,17,DaVita Grass Valley Dialysis,01Jan2021-31Dec2024,5,1,"36O CROWN POINT CIRCLE, SUITE 210",,GRASS VALLEY,CA,95945,Nevada,(530) 477-0734,Profit,Yes,DaVita,No,18,Yes,Yes,Yes,5/2/97,01Oct2024-30Sep2025,01Oct2024-30Sep2025,01Jan2021-31Dec2024,As Expected,1,271,17.8,27.7,11.8,01Jan2024-31Dec2024,As Expected,1,63,130.9,215,85.2,01Jan2024-31Dec2024,As Expected,1,69,27.9,41.1,16.9,01Jan2024-31Dec2024,As Expected,1,42,30.3,91.8,13.1,01Jan2021-31Dec2023,Not Available,199,26,,,,As Expected,1,47,32.8,61.7,12.9,01Jan2024-31Dec2024,As Expected,1,49,1.13,2.26,0.68,01Jan2023-31Dec2024,As Expected,1,78,1.61,2.58,0.85,01Jan2021-31Dec2023,As Expected,1,44,1.81,3.73,0.73,01Jan2024-31Dec2024,As Expected,1,0.3,1.49,0.02,As Expected,1,65,71.3,90.7,50.8,01Jul2025-30Sep2025,1,2,280,49,455,,280,10,79,,280,0,,,280,0,,,3,1,0,1,29,280,68,660,,280,75,684,,,,,,1,65,601,8,280,0,,
52806,18,USRC Baldwin Hills,01Jan2021-31Dec2024,2,1,3705 S. La Brea Avenue,,Los Angeles,CA,90016,Los Angeles,(323) 293-4488,Profit,Yes,"US Renal Care, Inc.",No,17,Yes,No,No,7/3/97,01Oct2024-30Sep2025,01Oct2024-30Sep2025,01Jan2021-31Dec2024,As Expected,1,231,20.4,33.5,12.2,01Jan2024-31Dec2024,As Expected,1,74,130.5,216.6,83.2,01Jan2024-31Dec2024,As Expected,1,58,33,48.6,20.1,01Jan2024-31Dec2024,Not Available,199,18,,,,01Jan2021-31Dec2023,As Expected,1,49,0.29,1.62,0.01,As Expected,1,74,16.8,38.6,6.1,01Jan2024-31Dec2024,As Expected,1,21,0.5,1.46,0.18,01Jan2023-31Dec2024,As Expected,1,39,0.95,2.05,0.3,01Jan2021-31Dec2023,As Expected,1,74,0.56,1.44,0.15,01Jan2024-31Dec2024,Better than Expected,1,0,0.3,,As Expected,1,106,62.3,83.3,36.7,01Jul2025-30Sep2025,1,0,1,98,929,97,257,0,,,259,0,,,259,0,,,20,1,0,1,15,1,103,989,0,1,109,1036,16,31,27,20,7,1,106,1028,26,259,0,,
52807,18,DaVita Valley View Dialysis,01Jan2021-31Dec2024,2,1,26900 Cactus Avenue,,Moreno Valley,CA,92555,Riverside,(951) 247-2844,Profit,Yes,DaVita,No,34,Yes,No,No,11/6/98,01Oct2024-30Sep2025,01Oct2024-30Sep2025,01Jan2021-31Dec2024,As Expected,1,567,26.2,38.4,18.5,01Jan2024-31Dec2024,As Expected,1,136,154.5,224.1,112.9,01Jan2024-31Dec2024,As Expected,1,149,31.6,42.3,22.4,01Jan2024-31Dec2024,As Expected,1,52,49.7,101.1,29,01Jan2021-31Dec2023,Worse than Expected,1,78,0.34,1,0.07,As Expected,1,174,17.6,31,9.2,01Jan2024-31Dec2024,Worse than Expected,1,58,1.55,2.56,1.07,01Jan2023-31Dec2024,As Expected,1,114,0.87,1.61,0.38,01Jan2021-31Dec2023,As Expected,1,108,0.69,1.35,0.3,01Jan2024-31Dec2024,As Expected,1,0.98,1.6,0.56,As Expected,1,200,61.8,76.9,43.3,01Jul2025-30Sep2025,1,2,280,191,1699,,280,0,,,280,0,,,280,0,,,30,1,2,1,43,280,192,1719,,280,204,1780,,,,,,1,200,1739,18,280,0,,
52808,18,DaVita Saddleback Dialysis,01Jan2021-31Dec2024,5,1,23141 Plaza Pointe Drive,,Laguna Hills,CA,92653,Orange,(949) 588-9211,Profit,Yes,DaVita,Yes,25,Yes,No,No,9/10/97,01Oct2024-30Sep2025,01Oct2024-30Sep2025,01Jan2021-31Dec2024,As Expected,1,364,14.4,23.7,9,01Jan2024-31Dec2024,As Expected,1,94,142.7,222.5,98,01Jan2024-31Dec2024,As Expected,1,95,19.3,31.1,10.8,01Jan2024-31Dec2024,As Expected,1,30,55.4,140,27.4,01Jan2021-31Dec2023,As Expected,1,38,1.29,3.31,0.35,As Expected,1,81,23.4,44.3,10.6,01Jan2024-31Dec2024,As Expected,1,35,0.84,1.73,0.43,01Jan2023-31Dec2024,As Expected,1,78,1.09,2.02,0.45,01Jan2021-31Dec2023,As Expected,1,82,1.21,2.39,0.52,01Jan2024-31Dec2024,As Expected,1,0.78,1.63,0.32,As Expected,1,129,66.4,84.1,44.8,01Jul2025-30Sep2025,1,7,280,114,1047,,280,0,,,280,0,,,280,0,,,6,1,6,1,35,280,128,1158,,280,130,1188,,,,,,1,129,1183,13,280,0,,
52809,18,USRC  West LA Dialysis,01Jan2021-31Dec2024,5,1,1801 S. La Cienega Blvd.,,Los Angeles,CA,90035,Los Angeles,(310) 840-5688,Profit,Yes,"US Renal Care, Inc.",No,22,Yes,Yes,Yes,9/3/97,01Oct2024-30Sep2025,01Oct2024-30Sep2025,01Jan2021-31Dec2024,As Expected,1,637,16.6,24.5,11.7,01Jan2024-31Dec2024,As Expected,1,147,113.9,178,78.1,01Jan2024-31Dec2024,As Expected,1,97,28.4,41.9,17.7,01Jan2024-31Dec2024,As Expected,1,53,37.2,93.9,18.4,01Jan2021-31Dec2023,As Expected,1,64,1.27,2.96,0.41,As Expected,1,142,22,37.1,11.9,01Jan2024-31Dec2024,As Expected,1,63,0.71,1.54,0.39,01Jan2023-31Dec2024,As Expected,1,113,1.01,1.83,0.44,01Jan2021-31Dec2023,Worse than Expected,1,81,0.13,0.75,0,01Jan2024-31Dec2024,Better than Expected,1,0.25,0.83,0.04,Better than Expected,1,181,78.1,90.9,62.4,01Jul2025-30Sep2025,1,0,1,152,1403,94,1,12,101,100,259,0,,,259,0,,,19,1,0,1,27,1,188,1716,0,1,196,1794,14,29,32,16,9,1,181,1676,8,259,0,,
52810,17,DaVita Benicia Dialysis,01Jan2021-31Dec2024,4,1,560 1st Street,STE D103,BENICIA,CA,94510,Solano,(707) 745-1488,Profit,Yes,DaVita,No,14,Yes,Yes,No,6/30/97,01Oct2024-30Sep2025,01Oct2024-30Sep2025,01Jan2021-31Dec2024,As Expected,1,301,22.9,33.7,16.1,01Jan2024-31Dec2024,As Expected,1,72,153.9,245.7,101.7,01Jan2024-31Dec2024,As Expected,1,71,24.4,36.9,14.5,01Jan2024-31Dec2024,As Expected,1,32,50.8,122.9,26,01Jan2021-31Dec2023,Not Available,199,29,,,,As Expected,1,56,35.8,63.2,15.4,01Jan2024-31Dec2024,Worse than Expected,1,37,1.72,3.1,1.1,01Jan2023-31Dec2024,Worse than Expected,1,66,2.67,3.7,1.74,01Jan2021-31Dec2023,As Expected,1,35,1.66,3.87,0.54,01Jan2024-31Dec2024,Better than Expected,1,0,0.61,,As Expected,1,73,64.2,87.7,40.9,01Jul2025-30Sep2025,1,5,280,70,575,,280,14,105,,280,0,,,280,0,,,24,1,0,1,21,280,84,697,,280,88,679,,,,,,1,73,608,14,280,0,,
52811,18,DaVita San Luis Obispo Dialysis,01Jan2021-31Dec2024,4,1,1043 Marsh Street,,San Luis Obispo,CA,93401,San Luis Obispo,(805) 543-1013,Profit,Yes,DaVita,No,20,Yes,Yes,No,11/19/97,01Oct2024-30Sep2025,01Oct2024-30Sep2025,01Jan2021-31Dec2024,As Expected,1,250,19.6,29.3,13.1,01Jan2024-31Dec2024,As Expected,1,63,98.3,175.1,59.6,01Jan2024-31Dec2024,As Expected,1,31,15.9,34.5,4.7,01Jan2024-31Dec2024,As Expected,1,47,20.2,66.9,8.2,01Jan2021-31Dec2023,Not Available,199,28,,,,As Expected,1,45,24,52.9,8.1,01Jan2024-31Dec2024,Worse than Expected,1,51,1.72,3.01,1.13,01Jan2023-31Dec2024,As Expected,1,47,1.38,2.85,0.48,01Jan2021-31Dec2023,As Expected,1,60,0.78,1.99,0.21,01Jan2024-31Dec2024,As Expected,1,0.36,1.19,0.06,As Expected,1,74,54.7,79.9,29.8,01Jul2025-30Sep2025,1,0,280,52,462,,280,0,,,280,0,,,280,0,,,14,1,0,1,29,280,68,583,,280,71,595,,,,,,1,74,589,15,280,0,,
52812,18,BMA BLYTHE DESERT DIALYSIS,01Jan2021-31Dec2024,3,1,737 W. Hobson Way,,Blythe,CA,92225,Riverside,(760) 922-4415,Profit,Yes,Fresenius Medical Care,No,13,Yes,No,No,10/9/97,01Oct2024-30Sep2025,01Oct2024-30Sep2025,01Jan2021-31Dec2024,As Expected,1,104,25.3,43.2,13.6,01Jan2024-31Dec2024,As Expected,1,27,137.3,281,73.3,01Jan2024-31Dec2024,As Expected,1,18,28.5,53.9,10,01Jan2024-31Dec2024,As Expected,1,18,17.8,141.8,3.7,01Jan2021-31Dec2023,Not Available,199,4,,,,As Expected,1,28,14.3,59,1.9,01Jan2024-31Dec2024,As Expected,1,20,0.95,2.4,0.4,01Jan2023-31Dec2024,As Expected,1,22,1.5,3.24,0.43,01Jan2021-31Dec2023,As Expected,1,14,0,3.2,0,01Jan2024-31Dec2024,As Expected,1,0.86,2.84,0.14,As Expected,1,35,57.1,83.4,29.8,01Jul2025-30Sep2025,201,,1,35,261,96,257,0,,,259,0,,,259,0,,,17,1,0,1,12,1,35,271,0,1,35,282,10,24,28,16,23,1,35,270,19,259,0,,
52813,17,SAN FRANCISCO GENERAL HOSPITAL RENAL CENTER,01Jan2021-31Dec2024,3,1,"1001 POTRERO BLDG. 100, ROOM 342",,SAN FRANCISCO,CA,94110,San Francisco,(628) 206-8242,Non-profit,No,Independent,No,13,Yes,Yes,No,11/1/97,01Oct2024-30Sep2025,01Oct2024-30Sep2025,01Jan2021-31Dec2024,As Expected,1,213,21.6,34.6,13.3,01Jan2024-31Dec2024,As Expected,1,55,170.4,258.4,118.9,01Jan2024-31Dec2024,As Expected,1,63,38.2,50.3,27,01Jan2024-31Dec2024,As Expected,1,46,30.3,76.4,15,01Jan2021-31Dec2023,As Expected,1,74,0.98,2.03,0.4,As Expected,1,129,24.9,41.4,13.5,01Jan2024-31Dec2024,As Expected,1,52,1.12,2.03,0.72,01Jan2023-31Dec2024,As Expected,1,97,1.12,2.05,0.53,01Jan2021-31Dec2023,As Expected,1,78,0.74,1.72,0.24,01Jan2024-31Dec2024,As Expected,1,0.31,1.02,0.05,As Expected,1,111,65.6,85.5,41.5,01Jul2025-30Sep2025,201,,1,102,849,93,1,38,361,81,259,0,,,259,0,,,16,1,0,1,43,1,136,1228,0,1,148,1296,7,17,20,26,30,1,111,908,21,259,0,,
52814,17,DaVita Tracy Dialysis,01Jan2021-31Dec2024,5,1,"425 BEVERLY PLACE, SUITE A",,TRACY,CA,95376,San Joaquin,(209) 839-0398,Profit,Yes,DaVita,No,12,Yes,Yes,No,10/1/97,01Oct2024-30Sep2025,01Oct2024-30Sep2025,01Jan2021-31Dec2024,As Expected,1,336,19.2,29.8,12.8,01Jan2024-31Dec2024,As Expected,1,75,82.5,153.8,47.5,01Jan2024-31Dec2024,As Expected,1,46,28.1,46.9,13.9,01Jan2024-31Dec2024,As Expected,1,36,8.2,65.5,1.7,01Jan2021-31Dec2023,As Expected,1,34,0.83,2.43,0.17,As Expected,1,96,29.3,48.1,15.6,01Jan2024-31Dec2024,As Expected,1,38,1.13,2.11,0.63,01Jan2023-31Dec2024,Worse than Expected,1,45,2.98,4.56,1.61,01Jan2021-31Dec2023,As Expected,1,51,0.84,2.16,0.23,01Jan2024-31Dec2024,Better than Expected,1,0.17,0.84,0.01,As Expected,1,88,67.9,87,49.1,01Jul2025-30Sep2025,1,0,280,84,704,,280,29,241,,280,0,,,280,0,,,9,1,0,1,23,280,110,974,,280,118,995,,,,,,1,88,774,17,280,0,,
52815,17,RAI - BANCROFT AVE - OAKLAND,01Jan2021-31Dec2024,3,1,610 HEGENBERGER RD,SUITE 101B,OAKLAND,CA,94621,Alameda,(510) 553-1333,Profit,Yes,Fresenius Medical Care,No,26,Yes,No,No,10/28/97,01Oct2024-30Sep2025,01Oct2024-30Sep2025,01Jan2021-31Dec2024,Worse than Expected,1,350,31.7,44.6,23.3,01Jan2024-31Dec2024,As Expected,1,81,137.5,219.5,90.9,01Jan2024-31Dec2024,As Expected,1,67,22.7,33.8,13.6,01Jan2024-31Dec2024,As Expected,1,33,38.8,109.2,17.7,01Jan2021-31Dec2023,As Expected,1,52,0.93,2.38,0.25,As Expected,1,98,23.4,43.8,10.7,01Jan2024-31Dec2024,As Expected,1,37,1.48,2.51,0.9,01Jan2023-31Dec2024,As Expected,1,67,1.79,2.89,0.95,01Jan2021-31Dec2023,Worse than Expected,1,76,0.14,0.75,0,01Jan2024-31Dec2024,Better than Expected,1,0,0.31,,As Expected,1,127,53.3,74.3,27.8,01Jul2025-30Sep2025,201,,1,117,1057,98,257,0,,,259,0,,,259,0,,,14,1,0,1,21,1,118,1084,0,1,132,1138,8,20,26,26,20,1,127,1125,21,259,0,,
52816,18,Desert Cities Dialysis of Barstow,01Jan2021-31Dec2024,2,1,655 Helen Runyon Dr,,Barstow,CA,92311,San Bernardino,(760) 256-3918,Profit,No,Independent,No,16,Yes,Yes,No,11/12/97,01Oct2024-30Sep2025,01Oct2024-30Sep2025,01Jan2021-31Dec2024,As Expected,1,298,30.8,46.2,21.3,01Jan2024-31Dec2024,As Expected,1,66,131.2,228,81.4,01Jan2024-31Dec2024,As Expected,1,41,21.2,42.3,7.8,01Jan2024-31Dec2024,As Expected,1,33,30.9,133.6,10.2,01Jan2021-31Dec2023,As Expected,1,42,0.52,1.88,0.06,As Expected,1,71,5.6,28.1,0.9,01Jan2024-31Dec2024,As Expected,1,36,1.35,2.63,0.72,01Jan2023-31Dec2024,As Expected,1,48,1.34,2.71,0.48,01Jan2021-31Dec2023,Worse than Expected,1,53,0,0.72,0,01Jan2024-31Dec2024,Better than Expected,1,0,0.46,,As Expected,1,83,59.3,80.2,38.7,01Jul2025-30Sep2025,1,72,1,80,676,96,199,2,24,,259,0,,,259,0,,,23,1,0,1,22,1,84,728,1,1,87,747,5,13,23,22,38,1,83,729,20,259,0,,
52817,18,RAI - WEST C - COLTON,01Jan2021-31Dec2024,2,1,"1275 W. ""C"" Street",,Colton,CA,92324,San Bernardino,(909) 430-0930,Profit,Yes,Fresenius Medical Care,Yes,20,Yes,No,No,1/23/98,01Oct2024-30Sep2025,01Oct2024-30Sep2025,01Jan2021-31Dec2024,As Expected,1,409,22.3,35.7,14.3,01Jan2024-31Dec2024,As Expected,1,95,146.4,238.3,97,01Jan2024-31Dec2024,As Expected,1,80,39.1,56.6,24.5,01Jan2024-31Dec2024,As Expected,1,36,48.5,113.1,25.6,01Jan2021-31Dec2023,As Expected,1,65,0.52,1.51,0.11,As Expected,1,145,13.2,28,5.6,01Jan2024-31Dec2024,As Expected,1,41,0.9,2.08,0.48,01Jan2023-31Dec2024,As Expected,1,46,1.13,2.5,0.36,01Jan2021-31Dec2023,Worse than Expected,1,89,0.24,0.88,0.03,01Jan2024-31Dec2024,Better than Expected,1,0.17,0.56,0.03,As Expected,1,165,55.1,72,34.6,01Jul2025-30Sep2025,201,,1,154,1415,99,257,0,,,259,0,,,259,0,,,21,1,0,1,24,1,155,1434,1,1,164,1492,7,20,25,27,22,1,165,1494,23,259,0,,
52818,18,UCSD Dialysis Center,01Jan2021-31Dec2024,4,1,UCSD Dialysis Center,"200 W. Arbor Drive, Mail Code 8781",San Diego,CA,92103,San Diego,(619) 543-5646,Non-profit,No,Independent,Yes,18,Yes,No,No,2/17/98,01Oct2024-30Sep2025,01Oct2024-30Sep2025,01Jan2021-31Dec2024,As Expected,1,353,15.2,26.3,9,01Jan2024-31Dec2024,As Expected,1,87,104.8,172.7,68.8,01Jan2024-31Dec2024,As Expected,1,75,18.9,30.4,10.4,01Jan2024-31Dec2024,As Expected,1,56,27.1,68.5,13.4,01Jan2021-31Dec2023,As Expected,1,38,0.6,2.16,0.07,As Expected,1,105,21.4,38.7,10.5,01Jan2024-31Dec2024,As Expected,1,70,0.95,1.64,0.63,01Jan2023-31Dec2024,As Expected,1,113,0.99,1.78,0.48,01Jan2021-31Dec2023,Worse than Expected,1,48,0,0.67,0,01Jan2024-31Dec2024,Better than Expected,1,0.25,0.83,0.04,As Expected,1,122,57.5,77.7,33,01Jul2025-30Sep2025,1,100,1,113,1123,99,257,0,,,259,0,,,259,0,,,20,1,0,1,51,1,119,1155,1,1,124,1191,9,22,26,26,17,1,122,1175,13,259,0,,
52819,17,SHC San Mateo,01Jan2021-31Dec2024,4,1,2000 SOUTH EL CAMINO REAL,,SAN MATEO,CA,94403,San Mateo,(650) 377-0888,Non-profit,Yes,"US Renal Care, Inc.",No,24,Yes,Yes,No,3/10/98,01Oct2024-30Sep2025,01Oct2024-30Sep2025,01Jan2021-31Dec2024,As Expected,1,395,20.8,31.7,14.2,01Jan2024-31Dec2024,As Expected,1,92,119.9,197.5,78.7,01Jan2024-31Dec2024,As Expected,1,82,28.2,41.5,16.6,01Jan2024-31Dec2024,As Expected,1,29,22.8,98.7,7.5,01Jan2021-31Dec2023,As Expected,1,49,1.34,2.77,0.54,As Expected,1,113,24.6,42.7,12.5,01Jan2024-31Dec2024,As Expected,1,37,1.11,2.31,0.64,01Jan2023-31Dec2024,As Expected,1,69,1.63,2.73,0.79,01Jan2021-31Dec2023,As Expected,1,86,0.77,1.58,0.31,01Jan2024-31Dec2024,Better than Expected,1,0,0.25,,As Expected,1,163,65.5,82.2,45.1,01Jul2025-30Sep2025,1,0,1,146,1299,96,201,0,,,259,0,,,259,0,,,23,1,0,1,30,1,156,1405,0,1,165,1465,9,28,29,22,11,1,163,1441,13,259,0,,
52820,18,RAI - FOOTHILL BLVD - GLENDORA,01Jan2021-31Dec2024,3,1,120 W. Foothill Blvd.,,Glendora,CA,91740,Los Angeles,(626) 335-7551,Profit,Yes,Fresenius Medical Care,No,32,Yes,Yes,Yes,1/29/98,01Oct2024-30Sep2025,01Oct2024-30Sep2025,01Jan2021-31Dec2024,As Expected,1,327,26.1,38.5,18.3,01Jan2024-31Dec2024,As Expected,1,82,117.4,202.4,72.5,01Jan2024-31Dec2024,As Expected,1,57,20.3,35.9,9.1,01Jan2024-31Dec2024,As Expected,1,28,37.6,124.5,15.2,01Jan2021-31Dec2023,As Expected,1,26,0.34,1.87,0.01,As Expected,1,72,15.2,38.2,5,01Jan2024-31Dec2024,As Expected,1,31,0.36,1.23,0.12,01Jan2023-31Dec2024,As Expected,1,48,0.39,1.41,0.04,01Jan2021-31Dec2023,As Expected,1,38,0.68,1.99,0.14,01Jan2024-31Dec2024,As Expected,1,0.87,1.82,0.35,As Expected,1,94,70.8,88,53.7,01Jul2025-30Sep2025,201,,1,74,631,99,199,4,19,,259,0,,,259,0,,,17,1,0,1,18,1,91,834,0,1,96,881,7,21,27,23,21,1,94,856,18,259,0,,
52821,18,USRC Pacific Gateway,01Jan2021-31Dec2024,4,1,"1149 W. 190th Street, Suite 1004",,Gardena,CA,90248,Los Angeles,(310) 965-0830,Profit,Yes,"US Renal Care, Inc.",No,21,Yes,Yes,No,2/4/98,01Oct2024-30Sep2025,01Oct2024-30Sep2025,01Jan2021-31Dec2024,As Expected,1,496,16.2,24.7,10.9,01Jan2024-31Dec2024,As Expected,1,126,118.6,183.1,82.2,01Jan2024-31Dec2024,As Expected,1,113,22,33.5,13.1,01Jan2024-31Dec2024,As Expected,1,32,10.9,86.7,2.3,01Jan2021-31Dec2023,As Expected,1,62,1.42,2.93,0.57,As Expected,1,98,25.6,44,13.1,01Jan2024-31Dec2024,As Expected,1,39,0.53,1.31,0.23,01Jan2023-31Dec2024,As Expected,1,59,1.18,2.43,0.42,01Jan2021-31Dec2023,As Expected,1,62,0.76,1.95,0.21,01Jan2024-31Dec2024,Better than Expected,1,0.2,0.66,0.03,As Expected,1,127,61.9,81.9,37.5,01Jul2025-30Sep2025,1,0,1,119,1119,97,1,35,319,98,259,0,,,259,0,,,35,1,0,1,23,1,152,1462,0,1,158,1507,10,23,25,26,16,1,127,1170,20,259,0,,
52822,17,DaVita Oakland Peritoneal Dialysis Center,01Jan2021-31Dec2024,3,1,5352 CLAREMONT AVE,,OAKLAND,CA,94618,Alameda,(510) 597-0398,Profit,Yes,DaVita,No,4,No,Yes,No,3/10/98,01Oct2024-30Sep2025,01Oct2024-30Sep2025,01Jan2021-31Dec2024,As Expected,1,166,22.5,34.6,13.9,01Jan2024-31Dec2024,As Expected,1,51,140.4,244,87.1,01Jan2024-31Dec2024,As Expected,1,32,36.6,60.2,16.1,01Jan2024-31Dec2024,As Expected,1,19,0,43.7,0,01Jan2021-31Dec2023,Not Available,199,15,,,,Better than Expected,1,32,55.5,81,26.7,01Jan2024-31Dec2024,As Expected,1,20,1.72,3.24,0.95,01Jan2023-31Dec2024,As Expected,1,15,0.96,3.01,0.11,01Jan2021-31Dec2023,Not Available,201,0,,,,01Jan2024-31Dec2024,Not Available,201,,,,As Expected,1,15,42.1,85.8,0,01Jul2025-30Sep2025,1,15,280,1,11,,280,35,346,,280,0,,,280,0,,,,199,,199,10,280,52,463,,280,53,470,,,,,,1,15,102,32,280,0,,
52826,17,DaVita North Highlands Dialysis Center,01Jan2021-31Dec2024,3,1,4612 ROSEVILLE ROAD SUITE 100,,NORTH HIGHLANDS,CA,95660,Sacramento,(916) 334-1368,Profit,Yes,DaVita,Yes,24,Yes,Yes,No,3/19/98,01Oct2024-30Sep2025,01Oct2024-30Sep2025,01Jan2021-31Dec2024,Worse than Expected,1,523,31.6,45.1,22.9,01Jan2024-31Dec2024,As Expected,1,117,184.9,269.1,134.7,01Jan2024-31Dec2024,As Expected,1,135,33.4,43.2,24.8,01Jan2024-31Dec2024,As Expected,1,46,44.7,104.3,23.6,01Jan2021-31Dec2023,As Expected,1,55,0.58,1.69,0.12,As Expected,1,124,17.8,34.5,8.1,01Jan2024-31Dec2024,As Expected,1,51,1.31,2.32,0.85,01Jan2023-31Dec2024,As Expected,1,117,1.16,1.88,0.66,01Jan2021-31Dec2023,As Expected,1,67,0.59,1.5,0.16,01Jan2024-31Dec2024,As Expected,1,0.55,1.21,0.2,As Expected,1,136,58.4,76.6,36.1,01Jul2025-30Sep2025,1,0,280,120,1027,,280,13,118,,280,0,,,280,0,,,18,1,0,1,34,280,138,1225,,280,146,1276,,,,,,1,136,1179,24,280,0,,
52827,18,USRC Panorama Dialysis,01Jan2021-31Dec2024,3,1,14600 Roscoe Blvd.,,Panorama City,CA,91402,Los Angeles,(818) 901-9822,Profit,Yes,"US Renal Care, Inc.",Yes,36,Yes,Yes,No,4/27/98,01Oct2024-30Sep2025,01Oct2024-30Sep2025,01Jan2021-31Dec2024,As Expected,1,617,16.6,24.8,11.5,01Jan2024-31Dec2024,As Expected,1,147,136.3,195.4,100.5,01Jan2024-31Dec2024,As Expected,1,160,29.4,38,20.8,01Jan2024-31Dec2024,As Expected,1,74,18.4,48.9,8.8,01Jan2021-31Dec2023,As Expected,1,78,0.29,1.03,0.03,As Expected,1,205,12.2,22.8,6.1,01Jan2024-31Dec2024,As Expected,1,81,0.91,1.55,0.6,01Jan2023-31Dec2024,As Expected,1,176,0.84,1.36,0.45,01Jan2021-31Dec2023,Worse than Expected,1,123,0.18,0.65,0.02,01Jan2024-31Dec2024,Better than Expected,1,0.24,0.53,0.09,As Expected,1,236,65.4,78.2,49.9,01Jul2025-30Sep2025,1,0,1,219,2234,98,199,6,66,,259,0,,,259,0,,,42,1,0,1,71,1,238,2417,0,1,245,2472,6,31,26,25,12,1,236,2341,25,259,0,,
52828,18,DaVita Los Angeles Downtown Dialysis,01Jan2021-31Dec2024,3,1,2021 S. Flower Street,,Los Angeles,CA,90007,Los Angeles,(213) 745-4222,Profit,Yes,DaVita,No,27,Yes,No,No,4/24/98,01Oct2024-30Sep2025,01Oct2024-30Sep2025,01Jan2021-31Dec2024,As Expected,1,356,23.3,37.8,14.7,01Jan2024-31Dec2024,Worse than Expected,1,86,216.4,321.9,152.3,01Jan2024-31Dec2024,As Expected,1,94,23.1,31.7,15.8,01Jan2024-31Dec2024,As Expected,1,45,46.8,113.3,24,01Jan2021-31Dec2023,As Expected,1,63,0.44,1.28,0.09,As Expected,1,138,9.9,23.2,3.9,01Jan2024-31Dec2024,As Expected,1,49,1.08,2.29,0.62,01Jan2023-31Dec2024,As Expected,1,85,0.53,1.27,0.15,01Jan2021-31Dec2023,As Expected,1,80,0.86,1.76,0.34,01Jan2024-31Dec2024,Better than Expected,1,0.26,0.71,0.07,As Expected,1,158,64.8,80.7,45.5,01Jul2025-30Sep2025,1,3,280,146,1380,,280,0,,,280,0,,,280,0,,,16,1,3,1,38,280,151,1442,,280,158,1481,,,,,,1,158,1484,18,280,0,,
52829,18,BMA SANTA PAULA,01Jan2021-31Dec2024,5,1,242 E. Harvard Blvd.,,Santa Paula,CA,93060,Ventura,(805) 525-1500,Profit,Yes,Fresenius Medical Care,No,16,Yes,No,No,5/29/98,01Oct2024-30Sep2025,01Oct2024-30Sep2025,01Jan2021-31Dec2024,As Expected,1,180,17.2,28.3,10.3,01Jan2024-31Dec2024,As Expected,1,40,111.8,212.6,64.1,01Jan2024-31Dec2024,As Expected,1,32,18.9,42.7,5.6,01Jan2024-31Dec2024,As Expected,1,18,9.1,170.6,1,01Jan2021-31Dec2023,Not Available,199,16,,,,As Expected,1,41,24,56.6,7.1,01Jan2024-31Dec2024,As Expected,1,20,1.58,3.19,0.81,01Jan2023-31Dec2024,As Expected,1,32,1.63,3.11,0.58,01Jan2021-31Dec2023,As Expected,1,28,1.63,4.17,0.44,01Jan2024-31Dec2024,Better than Expected,1,0,0.99,,As Expected,1,57,72,90.6,52.4,01Jul2025-30Sep2025,201,,1,54,488,98,257,0,,,259,0,,,259,0,,,17,1,0,1,18,1,55,503,0,1,58,519,13,28,26,20,13,1,57,517,6,259,0,,
52830,18,FRESENIUS MEDICAL CARE CALEXICO DIALYSIS,01Jan2021-31Dec2024,3,1,351 E. Birch St,,Calexico,CA,92231,Imperial,(760) 357-2400,Profit,Yes,Fresenius Medical Care,No,24,Yes,No,No,10/1/13,01Oct2024-30Sep2025,01Oct2024-30Sep2025,01Jan2021-31Dec2024,As Expected,1,475,22.6,35.7,14.8,01Jan2024-31Dec2024,Better than Expected,1,134,86.6,146.3,55.6,01Jan2024-31Dec2024,As Expected,1,61,34.7,55.7,17.9,01Jan2024-31Dec2024,As Expected,1,98,24.8,52.8,14,01Jan2021-31Dec2023,As Expected,1,43,0.46,2.54,0.01,As Expected,1,124,12.5,28.8,4.8,01Jan2024-31Dec2024,As Expected,1,110,0.82,1.37,0.56,01Jan2023-31Dec2024,As Expected,1,77,0.4,1.24,0.07,01Jan2021-31Dec2023,Worse than Expected,1,60,0,0.64,0,01Jan2024-31Dec2024,As Expected,1,0.89,1.64,0.44,As Expected,1,145,58.5,77,36,01Jul2025-30Sep2025,201,,1,140,1302,100,257,0,,,259,0,,,259,0,,,11,1,0,1,80,1,143,1354,0,1,148,1404,11,27,31,23,8,1,145,1376,15,259,0,,
52831,17,FRESENIUS MEDICAL CARE - DIABLO WEST ANTIOCH,01Jan2021-31Dec2024,5,1,2386 BUCHANAN ROAD,,ANTIOCH,CA,94509,Contra Costa,(925) 756-2490,Profit,Yes,Fresenius Medical Care,No,15,Yes,No,No,6/13/98,01Oct2024-30Sep2025,01Oct2024-30Sep2025,01Jan2021-31Dec2024,As Expected,1,262,14,23.6,8.6,01Jan2024-31Dec2024,As Expected,1,66,134.7,218.3,87.8,01Jan2024-31Dec2024,As Expected,1,73,24.5,35.7,14.6,01Jan2024-31Dec2024,As Expected,1,41,20.4,67.6,8.2,01Jan2021-31Dec2023,As Expected,1,26,1.2,3.5,0.25,As Expected,1,62,12.9,36.5,3.7,01Jan2024-31Dec2024,Worse than Expected,1,52,1.51,2.47,1.04,01Jan2023-31Dec2024,As Expected,1,97,1.33,2.12,0.73,01Jan2021-31Dec2023,As Expected,1,40,0.23,1.26,0.01,01Jan2024-31Dec2024,As Expected,1,0.24,1.16,0.01,As Expected,1,82,69.6,89.6,49.9,01Jul2025-30Sep2025,201,,1,72,645,100,257,0,,,259,0,,,259,0,,,11,1,0,1,38,1,78,732,0,1,82,756,7,22,27,27,17,1,82,723,8,259,0,,
52832,18,Kidney Institute at Eisenhower Medical Center,01Jan2021-31Dec2024,2,1,"Probst Building 39000 Bob Hope Drive, Suite 103",,Rancho Mirage,CA,92270,Riverside,(760) 837-9696,Profit,No,Independent,No,20,Yes,No,No,3/25/98,01Oct2024-30Sep2025,01Oct2024-30Sep2025,01Jan2021-31Dec2024,As Expected,1,226,18.1,30.4,10.6,01Jan2024-31Dec2024,As Expected,1,33,152.9,273.4,91.9,01Jan2024-31Dec2024,As Expected,1,35,26,43.7,12.2,01Jan2024-31Dec2024,Not Available,199,14,,,,01Jan2021-31Dec2023,Not Available,199,14,,,,As Expected,1,34,11.1,38.6,2.4,01Jan2024-31Dec2024,As Expected,1,23,1.64,2.94,0.95,01Jan2023-31Dec2024,As Expected,1,71,1.15,2.09,0.5,01Jan2021-31Dec2023,As Expected,1,23,0,1.91,0,01Jan2024-31Dec2024,Not Available,201,,,,As Expected,1,47,67,89.6,43.1,01Jul2025-30Sep2025,1,62,1,43,305,94,257,0,,,259,0,,,259,0,,,13,1,0,1,15,1,43,305,1,1,47,329,16,29,28,17,10,1,47,315,22,259,0,,
52834,18,USRC Oceanside Dialysis,01Jan2021-31Dec2024,3,1,2227 El Camino Real,Suite B,Oceanside,CA,92054,San Diego,(760) 757-1838,Profit,Yes,"US Renal Care, Inc.",No,21,Yes,Yes,Yes,7/10/98,01Oct2024-30Sep2025,01Oct2024-30Sep2025,01Jan2021-31Dec2024,As Expected,1,558,17.4,26.7,11.7,01Jan2024-31Dec2024,As Expected,1,134,138.1,209.7,97,01Jan2024-31Dec2024,As Expected,1,113,27.3,39.8,16.6,01Jan2024-31Dec2024,As Expected,1,28,50.2,141.6,22.9,01Jan2021-31Dec2023,As Expected,1,63,0.47,1.37,0.1,As Expected,1,129,22.7,38.9,12,01Jan2024-31Dec2024,As Expected,1,32,1.47,2.8,0.81,01Jan2023-31Dec2024,Worse than Expected,1,45,2.22,3.71,1.07,01Jan2021-31Dec2023,As Expected,1,86,0.63,1.47,0.2,01Jan2024-31Dec2024,Better than Expected,1,0.29,0.78,0.07,As Expected,1,137,68.1,85.7,46.7,01Jul2025-30Sep2025,1,0,1,124,1199,96,1,37,375,96,259,0,,,259,0,,,50,1,0,1,18,1,165,1645,0,1,174,1714,13,28,27,23,9,1,137,1310,14,259,0,,
52835,18,USRC Chula Vista Broadway,01Jan2021-31Dec2024,4,1,"1181 Broadway, Suite 5",,Chula Vista,CA,91911,San Diego,(619) 585-0016,Profit,Yes,"US Renal Care, Inc.",Yes,32,Yes,No,No,7/10/98,01Oct2024-30Sep2025,01Oct2024-30Sep2025,01Jan2021-31Dec2024,As Expected,1,711,18.3,26,13.3,01Jan2024-31Dec2024,As Expected,1,176,115.2,169.2,83.2,01Jan2024-31Dec2024,As Expected,1,154,22.2,32.9,13.8,01Jan2024-31Dec2024,As Expected,1,32,7.1,132.3,0.8,01Jan2021-31Dec2023,As Expected,1,98,0.95,1.87,0.41,As Expected,1,156,23,37.1,13.1,01Jan2024-31Dec2024,As Expected,1,36,0.57,1.6,0.22,01Jan2023-31Dec2024,As Expected,1,48,0.72,1.82,0.18,01Jan2021-31Dec2023,As Expected,1,137,0.55,1.09,0.24,01Jan2024-31Dec2024,Not Available,201,,,,As Expected,1,223,59.8,74.8,41.5,01Jul2025-30Sep2025,1,0,1,209,2149,99,257,0,,,259,0,,,259,0,,,0,1,0,1,18,1,211,2162,0,1,224,2241,4,32,41,16,7,1,223,2236,14,259,0,,
52836,18,Toiyabe Dialysis Center,01Jan2021-31Dec2024,3,1,44 Tu Su Lane,,Bishop,CA,93514,Inyo,(760) 873-7611,Non-profit,No,Independent,No,12,Yes,No,No,8/10/98,01Oct2024-30Sep2025,01Oct2024-30Sep2025,01Jan2021-31Dec2024,As Expected,1,118,22.7,38.8,12.2,01Jan2024-31Dec2024,As Expected,1,35,94.5,202.8,48.4,01Jan2024-31Dec2024,As Expected,1,17,28.9,55.1,10.2,01Jan2024-31Dec2024,As Expected,1,27,15.7,85.5,4.4,01Jan2021-31Dec2023,Not Available,199,19,,,,As Expected,1,36,7.6,35.9,1.2,01Jan2024-31Dec2024,As Expected,1,30,1.44,2.74,0.8,01Jan2023-31Dec2024,As Expected,1,26,1.6,4.09,0.31,01Jan2021-31Dec2023,As Expected,1,27,0,1.41,0,01Jan2024-31Dec2024,Not Available,201,,,,As Expected,1,44,58.1,75.5,40.1,01Jul2025-30Sep2025,201,,1,41,361,95,257,0,,,259,0,,,259,0,,,15,1,0,1,20,1,44,397,0,1,45,411,6,19,24,29,22,1,44,403,28,259,0,,
52837,18,USRC Westside Dialysis,01Jan2021-31Dec2024,4,1,300 S. Robertson Blvd.,,Los Angeles,CA,90048,Los Angeles,(310) 385-8683,Profit,Yes,"US Renal Care, Inc.",No,24,Yes,Yes,No,8/19/98,01Oct2024-30Sep2025,01Oct2024-30Sep2025,01Jan2021-31Dec2024,As Expected,1,639,15.9,23.9,11,01Jan2024-31Dec2024,As Expected,1,148,117.2,178.1,82.4,01Jan2024-31Dec2024,As Expected,1,112,20.4,30.3,12.5,01Jan2024-31Dec2024,As Expected,1,72,14.9,49.2,6,01Jan2021-31Dec2023,Better than Expected,1,69,2.02,3.46,1.08,Better than Expected,1,142,33.8,49.1,21.3,01Jan2024-31Dec2024,Better than Expected,1,97,0.47,0.97,0.27,01Jan2023-31Dec2024,As Expected,1,150,0.79,1.45,0.37,01Jan2021-31Dec2023,As Expected,1,100,0.73,1.5,0.29,01Jan2024-31Dec2024,Better than Expected,1,0.13,0.42,0.02,As Expected,1,148,60.1,78.2,38.1,01Jul2025-30Sep2025,1,0,1,129,1083,95,1,52,450,91,259,0,,,259,0,,,17,1,0,1,76,1,188,1683,2,1,199,1766,8,21,29,29,13,1,148,1265,24,259,0,,
52838,18,"Lompoc Artificial Kidney Center, LLC",01Jan2021-31Dec2024,4,1,127 W. Pine Avenue,,Lompoc,CA,93436,Santa Barbara,(805) 740-2000,Profit,No,Independent,Yes,18,Yes,Yes,No,10/10/98,01Oct2024-30Sep2025,01Oct2024-30Sep2025,01Jan2021-31Dec2024,As Expected,1,429,16.8,26.5,10.9,01Jan2024-31Dec2024,As Expected,1,106,128.8,199.7,89,01Jan2024-31Dec2024,As Expected,1,100,23.7,35.3,14.3,01Jan2024-31Dec2024,As Expected,1,81,14.7,39.1,7,01Jan2021-31Dec2023,As Expected,1,51,1.2,2.8,0.39,As Expected,1,122,20.8,38.1,10.1,01Jan2024-31Dec2024,As Expected,1,95,1.16,1.78,0.84,01Jan2023-31Dec2024,As Expected,1,163,1.09,1.75,0.63,01Jan2021-31Dec2023,As Expected,1,74,1.01,2.2,0.37,01Jan2024-31Dec2024,Better than Expected,1,0.26,0.85,0.04,As Expected,1,127,68.9,82.7,52,01Jul2025-30Sep2025,1,7,1,117,1100,91,1,20,181,92,201,0,,,201,0,,,0,1,7,1,71,1,141,1335,1,1,142,1204,9,30,35,18,8,1,127,1165,12,201,0,,
52839,18,DaVita Northeast Dialysis,01Jan2021-31Dec2024,3,1,3501 MALL VIEW RD,STE 109,Bakersfield,CA,93306,Kern,(661) 872-3580,Profit,Yes,DaVita,No,38,Yes,No,No,12/14/98,01Oct2024-30Sep2025,01Oct2024-30Sep2025,01Jan2021-31Dec2024,As Expected,1,448,28.4,43.4,19.2,01Jan2024-31Dec2024,As Expected,1,130,148.9,230.8,102.8,01Jan2024-31Dec2024,As Expected,1,102,25.6,36.1,16.8,01Jan2024-31Dec2024,As Expected,1,64,11.9,51.5,3.9,01Jan2021-31Dec2023,As Expected,1,63,0.3,1.1,0.04,As Expected,1,155,15.1,29.2,7.1,01Jan2024-31Dec2024,Worse than Expected,1,71,1.51,2.47,1.04,01Jan2023-31Dec2024,As Expected,1,74,1.63,2.67,0.81,01Jan2021-31Dec2023,As Expected,1,79,0.84,1.74,0.34,01Jan2024-31Dec2024,As Expected,1,0.48,1.07,0.18,As Expected,1,182,71.2,85.8,53.4,01Jul2025-30Sep2025,1,0,280,167,1487,,280,0,,,280,0,,,280,0,,,13,1,4,1,55,280,173,1543,,280,183,1538,,,,,,1,182,1605,14,280,0,,
52840,18,USRC Long Beach Dialysis,01Jan2021-31Dec2024,1,1,"1045 Atlantic Avenue, Suite 108",,Long Beach,CA,90813,Los Angeles,(562) 435-3637,Profit,Yes,"US Renal Care, Inc.",Yes,24,Yes,No,No,12/2/98,01Oct2024-30Sep2025,01Oct2024-30Sep2025,01Jan2021-31Dec2024,As Expected,1,373,17.9,30.2,11,01Jan2024-31Dec2024,As Expected,1,98,172.8,259.2,122.8,01Jan2024-31Dec2024,As Expected,1,115,27.8,39.4,18.1,01Jan2024-31Dec2024,As Expected,1,52,20.6,62.3,8.9,01Jan2021-31Dec2023,As Expected,1,64,0.29,1.04,0.03,As Expected,1,118,6,23,1.3,01Jan2024-31Dec2024,As Expected,1,58,0.86,1.61,0.54,01Jan2023-31Dec2024,As Expected,1,92,0.92,1.73,0.4,01Jan2021-31Dec2023,Worse than Expected,1,85,0.23,0.82,0.03,01Jan2024-31Dec2024,As Expected,1,1.27,1.97,0.78,As Expected,1,152,53.2,70.8,31.9,01Jul2025-30Sep2025,1,0,1,134,1281,97,257,0,,,259,0,,,259,0,,,36,1,0,1,42,1,139,1322,1,1,151,1414,8,28,26,24,14,1,152,1398,28,259,0,,
52841,17,DaVita Antioch Dialysis Center,01Jan2021-31Dec2024,4,1,3100 DELTA FAIR BLVD,,ANTIOCH,CA,94509,Contra Costa,(925) 753-5000,Profit,Yes,DaVita,Yes,20,Yes,Yes,No,10/14/98,01Oct2024-30Sep2025,01Oct2024-30Sep2025,01Jan2021-31Dec2024,As Expected,1,334,18.9,31.8,11.6,01Jan2024-31Dec2024,As Expected,1,82,143.4,236.2,94.1,01Jan2024-31Dec2024,As Expected,1,80,22.2,35.7,12.1,01Jan2024-31Dec2024,As Expected,1,30,20.8,90.1,6.9,01Jan2021-31Dec2023,As Expected,1,27,1.38,3.53,0.38,Better than Expected,1,88,37,56.4,21.1,01Jan2024-31Dec2024,As Expected,1,32,0.9,1.85,0.47,01Jan2023-31Dec2024,As Expected,1,44,0.81,1.81,0.25,01Jan2021-31Dec2023,As Expected,1,50,0.38,1.39,0.05,01Jan2024-31Dec2024,Better than Expected,1,0,0.34,,As Expected,1,111,60.2,81.8,34,01Jul2025-30Sep2025,1,3,280,98,934,,280,0,,,280,0,,,280,0,,,18,1,0,1,22,280,104,956,,280,111,986,,,,,,1,111,994,18,280,0,,
52842,18,FRESENIUS MEDICAL CARE BUENA CREEK,01Jan2021-31Dec2024,5,1,950 Hacienda Drive,,Vista,CA,92081,San Diego,(760) 631-7900,Profit,Yes,Fresenius Medical Care,No,22,Yes,Yes,Yes,3/1/98,01Oct2024-30Sep2025,01Oct2024-30Sep2025,01Jan2021-31Dec2024,As Expected,1,730,17.2,25.2,12.2,01Jan2024-31Dec2024,As Expected,1,176,107,159,76.6,01Jan2024-31Dec2024,As Expected,1,122,23.8,33.3,15.6,01Jan2024-31Dec2024,As Expected,1,70,34,72.4,19.1,01Jan2021-31Dec2023,As Expected,1,76,1.28,2.44,0.59,As Expected,1,192,23.9,36.5,14.7,01Jan2024-31Dec2024,As Expected,1,84,0.92,1.65,0.59,01Jan2023-31Dec2024,As Expected,1,102,1.22,2.24,0.58,01Jan2021-31Dec2023,As Expected,1,84,0.87,1.8,0.35,01Jan2024-31Dec2024,As Expected,1,0.37,1.01,0.09,As Expected,1,184,69,84.9,49.8,01Jul2025-30Sep2025,201,,1,169,1300,99,1,65,529,98,259,0,,,259,0,,,10,1,0,1,41,1,235,2226,0,1,245,2322,8,26,29,24,13,1,184,1733,6,259,0,,
52843,18,USRC Montebello Dialysis,01Jan2021-31Dec2024,1,1,"433 N. 4th. St., Suite 102",,Montebello,CA,90640,Los Angeles,(323) 278-5555,Profit,Yes,"US Renal Care, Inc.",No,15,Yes,No,No,4/5/99,01Oct2024-30Sep2025,01Oct2024-30Sep2025,01Jan2021-31Dec2024,As Expected,1,254,21.3,33.2,14.1,01Jan2024-31Dec2024,As Expected,1,67,141.2,234.4,90.1,01Jan2024-31Dec2024,As Expected,1,52,37.7,54.5,22.9,01Jan2024-31Dec2024,As Expected,1,24,48.2,146,20.8,01Jan2021-31Dec2023,As Expected,1,32,0,1.66,0,As Expected,1,51,21.3,51.6,6.5,01Jan2024-31Dec2024,As Expected,1,27,1.11,2.25,0.58,01Jan2023-31Dec2024,As Expected,1,22,1.73,3.67,0.48,01Jan2021-31Dec2023,Worse than Expected,1,57,0,0.78,0,01Jan2024-31Dec2024,Better than Expected,1,0.12,0.61,0.01,As Expected,1,74,53.2,74.8,31.8,01Jul2025-30Sep2025,1,0,1,71,650,96,257,0,,,259,0,,,259,0,,,28,1,0,1,18,1,74,680,0,1,76,715,7,31,32,22,8,1,74,700,30,259,0,,
52844,18,DaVita Imperial Care Dialysis Center,01Jan2021-31Dec2024,3,1,4345 E. Imperial Highway,,Lynwood,CA,90262,Los Angeles,(310) 900-0333,Profit,Yes,DaVita,Yes,31,Yes,No,No,4/23/99,01Oct2024-30Sep2025,01Oct2024-30Sep2025,01Jan2021-31Dec2024,As Expected,1,568,23.4,34.9,16.3,01Jan2024-31Dec2024,As Expected,1,138,147.5,217.9,106.1,01Jan2024-31Dec2024,As Expected,1,117,32.1,45,20.5,01Jan2024-31Dec2024,As Expected,1,62,27.3,69.1,13.5,01Jan2021-31Dec2023,Worse than Expected,1,92,0,0.37,0,As Expected,1,185,12.5,25,5.8,01Jan2024-31Dec2024,As Expected,1,69,0.82,1.62,0.5,01Jan2023-31Dec2024,As Expected,1,100,1.41,2.29,0.74,01Jan2021-31Dec2023,Worse than Expected,1,124,0.39,0.92,0.13,01Jan2024-31Dec2024,Better than Expected,1,0.41,0.85,0.17,As Expected,1,217,69.3,82.5,53.1,01Jul2025-30Sep2025,1,4,280,202,1917,,280,0,,,280,0,,,280,0,,,13,1,0,1,53,280,206,1964,,280,220,2025,,,,,,1,217,2019,15,280,0,,
52845,17,DaVita South Hayward Dialysis,01Jan2021-31Dec2024,3,1,254 JACKSON STREET,,HAYWARD,CA,94544,Alameda,(510) 583-1255,Profit,Yes,DaVita,No,24,Yes,No,No,4/23/99,01Oct2024-30Sep2025,01Oct2024-30Sep2025,01Jan2021-31Dec2024,As Expected,1,353,24.5,37.5,16.6,01Jan2024-31Dec2024,As Expected,1,88,143.7,231.5,96.1,01Jan2024-31Dec2024,As Expected,1,83,30.7,44.4,19.7,01Jan2024-31Dec2024,As Expected,1,29,45.2,136.9,19.5,01Jan2021-31Dec2023,As Expected,1,28,1.6,3.73,0.52,As Expected,1,86,28.8,49.8,14.1,01Jan2024-31Dec2024,As Expected,1,34,1.61,2.94,0.92,01Jan2023-31Dec2024,As Expected,1,79,1.27,2.14,0.62,01Jan2021-31Dec2023,As Expected,1,51,0.37,1.35,0.05,01Jan2024-31Dec2024,Better than Expected,1,0.1,0.51,0.01,As Expected,1,118,64.4,84.7,39.6,01Jul2025-30Sep2025,1,2,280,109,984,,280,0,,,280,0,,,280,0,,,15,1,0,1,20,280,111,1003,,280,118,1043,,,,,,1,118,1035,17,280,0,,
52847,18,FMC DIALYSIS SERVICES OF WEST COVINA,01Jan2021-31Dec2024,5,1,1540 W. Covina Parkway,,West Covina,CA,91790,Los Angeles,(626) 337-8007,Profit,Yes,Fresenius Medical Care,No,20,Yes,No,No,6/24/99,01Oct2024-30Sep2025,01Oct2024-30Sep2025,01Jan2021-31Dec2024,As Expected,1,422,17,27.7,10.8,01Jan2024-31Dec2024,Better than Expected,1,100,62.4,135.7,32.4,01Jan2024-31Dec2024,As Expected,1,28,25.3,55,7.4,01Jan2024-31Dec2024,As Expected,1,21,49.7,164.6,20.1,01Jan2021-31Dec2023,As Expected,1,32,0.95,3.44,0.12,As Expected,1,80,17.4,39.4,6.4,01Jan2024-31Dec2024,As Expected,1,24,0.7,1.9,0.28,01Jan2023-31Dec2024,As Expected,1,11,1.82,5.39,0.14,01Jan2021-31Dec2023,As Expected,1,48,0.22,1.21,0.01,01Jan2024-31Dec2024,Better than Expected,1,0.15,0.75,0.01,As Expected,1,123,76.1,93.3,55.1,01Jul2025-30Sep2025,201,,1,106,1007,99,257,0,,,259,0,,,259,0,,,6,1,0,1,17,1,120,1138,1,1,124,1176,12,27,31,23,8,1,123,1164,10,259,0,,
52848,18,FRESENIUS MEDICAL CARE OF RIVERSIDE,01Jan2021-31Dec2024,4,1,"3470 La Sierra Avenue, Suite E",,Riverside,CA,92503,Riverside,(951) 343-7700,Profit,Yes,Fresenius Medical Care,No,26,Yes,No,No,7/16/99,01Oct2024-30Sep2025,01Oct2024-30Sep2025,01Jan2021-31Dec2024,As Expected,1,623,21.2,30.8,15.1,01Jan2024-31Dec2024,As Expected,1,148,114.3,174.5,79.9,01Jan2024-31Dec2024,As Expected,1,107,21.1,31.1,13,01Jan2024-31Dec2024,As Expected,1,32,18.5,80.1,6.1,01Jan2021-31Dec2023,As Expected,1,48,0.43,1.57,0.05,As Expected,1,140,20.8,36.7,10.6,01Jan2024-31Dec2024,As Expected,1,39,1,1.92,0.55,01Jan2023-31Dec2024,As Expected,1,69,0.91,1.81,0.35,01Jan2021-31Dec2023,As Expected,1,74,0.68,1.59,0.22,01Jan2024-31Dec2024,Better than Expected,1,0.17,0.55,0.03,As Expected,1,186,59.3,75.4,39.6,01Jul2025-30Sep2025,201,,1,178,1515,97,257,0,,,259,0,,,259,0,,,21,1,0,1,19,1,182,1587,1,1,189,1638,10,22,27,26,15,1,186,1620,21,259,0,,
52850,17,DaVita Orangevale Dialysis Center,01Jan2021-31Dec2024,3,1,9267 GREENBACK LANE #A2,,ORANGEVALE,CA,95662,Sacramento,(916) 988-5666,Profit,Yes,DaVita,No,20,Yes,No,No,9/8/99,01Oct2024-30Sep2025,01Oct2024-30Sep2025,01Jan2021-31Dec2024,As Expected,1,346,27.2,37.5,20.5,01Jan2024-31Dec2024,As Expected,1,74,172,271.5,114.8,01Jan2024-31Dec2024,As Expected,1,70,31.4,44.3,20.7,01Jan2024-31Dec2024,As Expected,1,24,0,38.1,0,01Jan2021-31Dec2023,As Expected,1,42,1.86,4.05,0.68,As Expected,1,64,20.7,47.1,7.1,01Jan2024-31Dec2024,Worse than Expected,1,29,2.05,3.55,1.23,01Jan2023-31Dec2024,As Expected,1,32,1.75,3.42,0.64,01Jan2021-31Dec2023,As Expected,1,74,1.79,3.3,0.86,01Jan2024-31Dec2024,As Expected,1,0.92,1.83,0.4,As Expected,1,92,54.5,77.7,31.7,01Jul2025-30Sep2025,1,0,280,81,697,,280,0,,,280,0,,,280,0,,,7,1,0,1,14,280,88,777,,280,92,820,,,,,,1,92,811,28,280,0,,
52852,18,DaVita Crescent Heights Dialysis Center,01Jan2021-31Dec2024,3,1,8151 Beverly Blvd.,,Los Angeles,CA,90048,Los Angeles,(323) 655-6226,Profit,Yes,DaVita,Yes,20,Yes,Yes,No,10/27/99,01Oct2024-30Sep2025,01Oct2024-30Sep2025,01Jan2021-31Dec2024,As Expected,1,413,14.6,23.7,9.3,01Jan2024-31Dec2024,As Expected,1,101,121.1,191.8,82.1,01Jan2024-31Dec2024,As Expected,1,92,29.6,42.4,19.3,01Jan2024-31Dec2024,As Expected,1,69,16.3,53.8,6.6,01Jan2021-31Dec2023,As Expected,1,43,1.2,2.8,0.39,As Expected,1,84,18,38.9,7,01Jan2024-31Dec2024,Better than Expected,1,80,0.42,0.94,0.23,01Jan2023-31Dec2024,Better than Expected,1,171,0.47,0.96,0.16,01Jan2021-31Dec2023,As Expected,1,67,0.32,1.14,0.04,01Jan2024-31Dec2024,As Expected,1,0.82,1.71,0.33,As Expected,1,114,62.5,81.4,39.4,01Jul2025-30Sep2025,1,0,280,98,866,,280,16,120,,280,0,,,280,0,,,18,1,0,1,62,280,124,1091,,280,126,1106,,,,,,1,114,1005,16,280,0,,
52853,17,USRC OAKDALE,01Jan2021-31Dec2024,3,1,4 WILLOW GLEN AVENUE,4Willow Glen Avenue,Oakdale,CA,95361,Stanislaus,(209) 848-5780,Profit,Yes,"US Renal Care, Inc.",No,13,Yes,No,No,10/8/99,01Oct2024-30Sep2025,01Oct2024-30Sep2025,01Jan2021-31Dec2024,As Expected,1,191,23.7,37.3,15,01Jan2024-31Dec2024,As Expected,1,46,130.5,239.6,77.1,01Jan2024-31Dec2024,As Expected,1,36,40.7,66.9,19.1,01Jan2024-31Dec2024,As Expected,1,18,13.6,107.9,2.8,01Jan2021-31Dec2023,As Expected,1,22,1.62,4.15,0.44,As Expected,1,43,10.8,38.1,2.3,01Jan2024-31Dec2024,As Expected,1,25,1.07,2.24,0.54,01Jan2023-31Dec2024,As Expected,1,24,1.54,3.32,0.43,01Jan2021-31Dec2023,As Expected,1,41,0.98,2.51,0.27,01Jan2024-31Dec2024,As Expected,1,0.23,1.11,0.01,As Expected,1,66,67.2,85.4,47.9,01Jul2025-30Sep2025,1,0,1,58,499,96,257,0,,,259,0,,,259,0,,,18,1,0,1,17,1,61,530,0,1,68,556,7,24,26,34,10,1,66,552,17,259,0,,
52854,18,Mohan Dialysis Center of Industry,01Jan2021-31Dec2024,4,1,15757 E. Valley Blvd.,,City of Industry,CA,91744,Los Angeles,(626) 333-3801,Profit,No,Independent,No,32,Yes,Yes,No,1/26/00,01Oct2024-30Sep2025,01Oct2024-30Sep2025,01Jan2021-31Dec2024,As Expected,1,575,18.2,27.5,12.4,01Jan2024-31Dec2024,As Expected,1,140,121.2,186.4,84.2,01Jan2024-31Dec2024,As Expected,1,102,25.5,39.3,15.1,01Jan2024-31Dec2024,As Expected,1,66,26.8,64.8,13.7,01Jan2021-31Dec2023,As Expected,1,66,1.45,3.71,0.39,As Expected,1,134,17.7,33.1,8.5,01Jan2024-31Dec2024,As Expected,1,71,0.71,1.44,0.41,01Jan2023-31Dec2024,As Expected,1,110,1.56,2.53,0.81,01Jan2021-31Dec2023,Worse than Expected,1,88,0.16,0.91,0,01Jan2024-31Dec2024,Better than Expected,1,0.25,0.67,0.06,As Expected,1,164,62.2,78.9,41.8,01Jul2025-30Sep2025,1,10,1,152,1440,99,1,11,98,86,259,0,,,259,0,,,6,1,0,1,54,1,169,1609,0,1,177,1687,6,26,33,32,3,1,164,1570,22,259,0,,
52855,18,FMC DIALYSIS SERVICES RANCHO CUCAMONGA,01Jan2021-31Dec2024,3,1,"10532 Acacia Street, Suite B2-B3",,Rancho Cucamonga,CA,91730,San Bernardino,(909) 987-8887,Profit,Yes,Fresenius Medical Care,No,25,Yes,Yes,Yes,2/7/00,01Oct2024-30Sep2025,01Oct2024-30Sep2025,01Jan2021-31Dec2024,As Expected,1,582,17.6,26.7,12,01Jan2024-31Dec2024,As Expected,1,146,132,199.5,93.2,01Jan2024-31Dec2024,As Expected,1,108,26,38.6,16.1,01Jan2024-31Dec2024,As Expected,1,30,15.2,120.8,3.2,01Jan2021-31Dec2023,As Expected,1,38,0.64,2.32,0.08,As Expected,1,135,22,37.2,11.8,01Jan2024-31Dec2024,As Expected,1,32,1.62,2.94,0.92,01Jan2023-31Dec2024,As Expected,1,37,0.83,2,0.2,01Jan2021-31Dec2023,As Expected,1,71,0.31,1.13,0.04,01Jan2024-31Dec2024,Better than Expected,1,0.26,0.7,0.07,As Expected,1,177,62.6,79.1,42.5,01Jul2025-30Sep2025,201,,1,150,1222,99,201,0,,,259,0,,,259,0,,,25,1,0,1,12,1,178,1549,1,1,182,1595,7,22,31,25,14,1,177,1570,21,259,0,,
52856,18,DaVita Washington Plaza Dialysis Center,01Jan2021-31Dec2024,2,1,516 E. Washington Blvd.,STE 522,Los Angeles,CA,90015,Los Angeles,(213) 749-2433,Profit,Yes,DaVita,No,25,Yes,No,No,1/26/00,01Oct2024-30Sep2025,01Oct2024-30Sep2025,01Jan2021-31Dec2024,As Expected,1,275,27.8,41.4,19.4,01Jan2024-31Dec2024,As Expected,1,62,173.6,281.3,113.2,01Jan2024-31Dec2024,As Expected,1,66,27.8,43.8,15.5,01Jan2024-31Dec2024,As Expected,1,20,20.7,164.5,4.3,01Jan2021-31Dec2023,As Expected,1,31,0,1.4,0,As Expected,1,93,9.2,26.8,2.7,01Jan2024-31Dec2024,As Expected,1,25,1.21,2.52,0.61,01Jan2023-31Dec2024,As Expected,1,45,1.11,2.34,0.37,01Jan2021-31Dec2023,As Expected,1,49,0.23,1.31,0.01,01Jan2024-31Dec2024,Better than Expected,1,0.1,0.51,0.01,As Expected,1,110,67,85.8,44,01Jul2025-30Sep2025,1,0,280,109,1036,,280,0,,,280,0,,,280,0,,,33,1,0,1,21,280,110,1043,,280,110,1067,,,,,,1,110,1065,18,280,0,,
52857,17,DaVita Florin Dialysis Center,01Jan2021-31Dec2024,2,1,7000 STOCKTON BLVD.,,SACRAMENTO,CA,95823,Sacramento,(916) 424-3990,Profit,Yes,DaVita,Yes,31,Yes,No,No,3/10/00,01Oct2024-30Sep2025,01Oct2024-30Sep2025,01Jan2021-31Dec2024,As Expected,1,636,25.4,35.6,18.8,01Jan2024-31Dec2024,As Expected,1,159,129.3,186.7,94.9,01Jan2024-31Dec2024,As Expected,1,146,34.9,44.6,25.7,01Jan2024-31Dec2024,As Expected,1,51,26.1,73.6,11.9,01Jan2021-31Dec2023,As Expected,1,65,0.27,1.49,0.01,As Expected,1,147,18.1,33.2,8.9,01Jan2024-31Dec2024,As Expected,1,60,1.25,2.13,0.84,01Jan2023-31Dec2024,As Expected,1,77,1.34,2.24,0.68,01Jan2021-31Dec2023,Worse than Expected,1,108,0.12,0.64,0,01Jan2024-31Dec2024,As Expected,1,0.72,1.23,0.39,As Expected,1,207,61.6,76.1,43.9,01Jul2025-30Sep2025,1,1,280,185,1733,,280,0,,,280,0,,,280,0,,,40,1,0,1,38,280,192,1804,,280,206,1883,,,,,,1,207,1885,22,280,0,,
52858,18,DaVita Kenneth Hahn Plaza Dialysis Center,01Jan2021-31Dec2024,2,1,11854 S. Wilmington  Avenue,,Los Angeles,CA,90059,Los Angeles,(323) 567-5077,Profit,Yes,DaVita,No,20,Yes,No,No,3/2/00,01Oct2024-30Sep2025,01Oct2024-30Sep2025,01Jan2021-31Dec2024,As Expected,1,255,24.3,39,15.6,01Jan2024-31Dec2024,As Expected,1,66,132.3,220.6,84.2,01Jan2024-31Dec2024,As Expected,1,66,20.1,32.9,9.9,01Jan2024-31Dec2024,As Expected,1,29,20.6,89,6.8,01Jan2021-31Dec2023,Worse than Expected,1,71,0.3,0.88,0.06,As Expected,1,117,12.1,28.2,4.6,01Jan2024-31Dec2024,As Expected,1,32,1.15,2.38,0.58,01Jan2023-31Dec2024,As Expected,1,31,0.84,2.31,0.18,01Jan2021-31Dec2023,As Expected,1,80,0.4,1.01,0.11,01Jan2024-31Dec2024,As Expected,1,0.73,1.34,0.36,As Expected,1,127,57.1,76.4,33.7,01Jul2025-30Sep2025,1,0,280,116,1147,,280,0,,,280,0,,,280,0,,,17,1,0,1,23,280,123,1208,,280,128,1127,,,,,,1,127,1237,21,280,0,,
52859,18,DaVita West Glendale Dialysis,01Jan2021-31Dec2024,5,1,1427 S. Glendale Avenue,,Glendale,CA,91205,Los Angeles,(818) 241-0016,Profit,Yes,DaVita,Yes,19,Yes,No,Yes,4/25/00,01Oct2024-30Sep2025,01Oct2024-30Sep2025,01Jan2021-31Dec2024,As Expected,1,391,20.3,31.9,13.3,01Jan2024-31Dec2024,As Expected,1,90,169.1,262.7,116.6,01Jan2024-31Dec2024,As Expected,1,81,28.3,43.3,16.9,01Jan2024-31Dec2024,As Expected,1,46,7,55.7,1.5,01Jan2021-31Dec2023,As Expected,1,56,1.09,2.37,0.4,As Expected,1,103,20.1,37.7,9.4,01Jan2024-31Dec2024,As Expected,1,56,0.79,1.5,0.49,01Jan2023-31Dec2024,As Expected,1,88,0.85,1.77,0.34,01Jan2021-31Dec2023,As Expected,1,75,0.36,1.04,0.07,01Jan2024-31Dec2024,Better than Expected,1,0,0.43,,Better than Expected,1,140,77.6,92.2,59.9,01Jul2025-30Sep2025,1,0,280,124,1150,,280,0,,,280,0,,,280,0,,,10,1,0,1,61,280,137,1257,,280,140,1291,,,,,,1,140,1303,7,280,0,,
52860,18,FMC DIALYSIS SERVICES CHANNEL ISLANDS,01Jan2021-31Dec2024,4,1,"2679 S. Saviers Road, Suite B",,Oxnard,CA,93033,Ventura,(805) 486-2929,Profit,Yes,Fresenius Medical Care,No,20,Yes,No,No,5/15/00,01Oct2024-30Sep2025,01Oct2024-30Sep2025,01Jan2021-31Dec2024,As Expected,1,486,15.8,24.6,10.4,01Jan2024-31Dec2024,As Expected,1,126,123.9,194.1,84.8,01Jan2024-31Dec2024,As Expected,1,98,25.1,37,14.6,01Jan2024-31Dec2024,As Expected,1,74,20.3,53.9,9.7,01Jan2021-31Dec2023,As Expected,1,44,0.22,1.22,0.01,As Expected,1,128,21.7,39.8,10.4,01Jan2024-31Dec2024,As Expected,1,84,1.06,1.76,0.72,01Jan2023-31Dec2024,Worse than Expected,1,95,1.97,3.02,1.16,01Jan2021-31Dec2023,As Expected,1,78,0.91,1.98,0.33,01Jan2024-31Dec2024,Better than Expected,1,0.24,0.78,0.04,As Expected,1,174,62.8,78.8,43.4,01Jul2025-30Sep2025,201,,1,156,1417,98,257,0,,,259,0,,,259,0,,,14,1,0,1,64,1,167,1538,0,1,176,1605,13,27,27,22,11,1,174,1595,11,259,0,,
52862,18,FRESENIUS MEDICAL CARE DIALYSIS SERVICES NORTH ORANGE COUNTY,01Jan2021-31Dec2024,5,1,"511 N. Brookhurst Street, Suite 100",,Anaheim,CA,92801,Orange,(714) 778-0488,Profit,Yes,Fresenius Medical Care,Yes,18,Yes,No,No,8/8/00,01Oct2024-30Sep2025,01Oct2024-30Sep2025,01Jan2021-31Dec2024,As Expected,1,488,16.4,26.1,10.6,01Jan2024-31Dec2024,As Expected,1,118,96.3,162.2,62.1,01Jan2024-31Dec2024,As Expected,1,65,14.7,28.3,5.8,01Jan2024-31Dec2024,Not Available,199,18,,,,01Jan2021-31Dec2023,As Expected,1,60,0.32,1.16,0.04,As Expected,1,123,24.5,42.5,12.5,01Jan2024-31Dec2024,As Expected,1,19,1.12,2.78,0.46,01Jan2023-31Dec2024,As Expected,1,22,1.51,3.98,0.28,01Jan2021-31Dec2023,As Expected,1,79,1,1.9,0.46,01Jan2024-31Dec2024,Better than Expected,1,0.22,0.74,0.04,As Expected,1,154,72.8,88.8,53.4,01Jul2025-30Sep2025,201,,1,137,1207,100,257,0,,,259,0,,,259,0,,,,199,,199,6,1,150,1346,0,1,154,1415,7,27,36,16,13,1,154,1402,10,259,0,,
52863,18,RAI - NORTH RIVERSIDE - RIALTO,01Jan2021-31Dec2024,2,1,"1850 N. Riverside Avenue, Suite 150",,Rialto,CA,92376,San Bernardino,(909) 879-1185,Profit,Yes,Fresenius Medical Care,No,21,Yes,No,No,6/28/00,01Oct2024-30Sep2025,01Oct2024-30Sep2025,01Jan2021-31Dec2024,As Expected,1,429,25.7,40.1,17.1,01Jan2024-31Dec2024,As Expected,1,111,132.3,209.1,89.9,01Jan2024-31Dec2024,As Expected,1,92,30.8,45,19.4,01Jan2024-31Dec2024,As Expected,1,44,21.4,79.5,7.9,01Jan2021-31Dec2023,As Expected,1,82,0.62,1.45,0.2,As Expected,1,142,15.1,29.2,7.1,01Jan2024-31Dec2024,As Expected,1,46,1.07,2.13,0.64,01Jan2023-31Dec2024,As Expected,1,59,1.27,2.39,0.56,01Jan2021-31Dec2023,Worse than Expected,1,102,0.18,0.63,0.02,01Jan2024-31Dec2024,Better than Expected,1,0.27,0.64,0.08,As Expected,1,173,56.2,72.4,36.5,01Jul2025-30Sep2025,201,,1,162,1505,100,257,0,,,259,0,,,259,0,,,22,1,0,1,32,1,167,1624,1,1,175,1663,8,19,26,29,18,1,173,1641,25,259,0,,
52864,18,FRESENIUS MEDICAL CARE SAN YSIDRO,01Jan2021-31Dec2024,3,1,3010 Del Sol Blvd.,,San Diego,CA,92154,San Diego,(619) 429-9690,Profit,Yes,Fresenius Medical Care,Yes,20,Yes,No,No,8/17/00,01Oct2024-30Sep2025,01Oct2024-30Sep2025,01Jan2021-31Dec2024,As Expected,1,467,17.8,28.6,11.4,01Jan2024-31Dec2024,As Expected,1,112,162.5,240.4,116.8,01Jan2024-31Dec2024,As Expected,1,138,36.9,49.1,26,01Jan2024-31Dec2024,As Expected,1,46,12.7,55,4.2,01Jan2021-31Dec2023,Worse than Expected,1,54,0,0.65,0,As Expected,1,120,10.7,25.2,4.1,01Jan2024-31Dec2024,As Expected,1,52,0.82,1.8,0.45,01Jan2023-31Dec2024,As Expected,1,74,0.55,1.32,0.15,01Jan2021-31Dec2023,As Expected,1,83,0.49,1.25,0.13,01Jan2024-31Dec2024,As Expected,1,0.45,1.22,0.11,As Expected,1,156,64.1,82,42.3,01Jul2025-30Sep2025,201,,1,153,1432,100,257,0,,,259,0,,,259,0,,,8,1,0,1,26,1,153,1448,1,1,155,1488,7,23,31,26,13,1,156,1482,3,259,0,,
52865,18,DaVita Century City Dialysis Center,01Jan2021-31Dec2024,2,1,10630 Santa Monica Blvd.,,Los Angeles,CA,90025,Los Angeles,(310) 954-2700,Profit,Yes,DaVita,No,40,Yes,Yes,Yes,8/1/98,01Oct2024-30Sep2025,01Oct2024-30Sep2025,01Jan2021-31Dec2024,As Expected,1,515,16.8,25.9,11.2,01Jan2024-31Dec2024,As Expected,1,104,133.7,210.8,91,01Jan2024-31Dec2024,As Expected,1,87,28.5,38.6,19.3,01Jan2024-31Dec2024,Worse than Expected,1,48,100.9,177.4,65.8,01Jan2021-31Dec2023,Better than Expected,1,69,2.12,3.25,1.31,As Expected,1,108,24.9,42.7,12.8,01Jan2024-31Dec2024,As Expected,1,67,0.75,1.52,0.44,01Jan2023-31Dec2024,As Expected,1,133,0.73,1.31,0.33,01Jan2021-31Dec2023,As Expected,1,73,0.59,1.52,0.16,01Jan2024-31Dec2024,Better than Expected,1,0.13,0.64,0.01,As Expected,1,112,55.9,77.1,30.2,01Jul2025-30Sep2025,1,2,280,96,790,,280,18,125,,280,10,59,,280,8,60,,26,1,2,1,42,280,125,1023,,280,133,1039,,,,,,1,112,942,30,280,12,89,
52866,18,DaVita San Ysidro Dialysis,01Jan2021-31Dec2024,5,1,"1445 30th Street, Suite A and B",,San Diego,CA,92154,San Diego,(619) 575-3901,Profit,Yes,DaVita,No,41,Yes,Yes,No,1/3/01,01Oct2024-30Sep2025,01Oct2024-30Sep2025,01Jan2021-31Dec2024,As Expected,1,713,15.5,23.1,10.8,01Jan2024-31Dec2024,As Expected,1,166,121,173.9,89.1,01Jan2024-31Dec2024,As Expected,1,148,24.9,34.3,17.1,01Jan2024-31Dec2024,As Expected,1,73,13.8,41.8,6,01Jan2021-31Dec2023,As Expected,1,38,0.55,2,0.07,As Expected,1,160,20.3,35.4,10.6,01Jan2024-31Dec2024,As Expected,1,78,0.64,1.29,0.38,01Jan2023-31Dec2024,As Expected,1,108,0.81,1.55,0.35,01Jan2021-31Dec2023,As Expected,1,58,1.32,2.71,0.53,01Jan2024-31Dec2024,Better than Expected,1,0.25,0.81,0.04,As Expected,1,171,67.3,83.7,47.3,01Jul2025-30Sep2025,1,0,280,167,1513,,280,29,203,,280,0,,,280,0,,,22,1,4,1,55,280,191,1740,,280,195,1657,,,,,,1,171,1550,4,280,0,,
52867,18,East Palmdale Dialysis Center,01Jan2021-31Dec2024,2,1,2710 E. Palmdale Blvd.,,Palmdale,CA,93550,Los Angeles,(661) 456-1500,Profit,No,Independent,No,20,Yes,Yes,No,5/8/01,01Oct2024-30Sep2025,01Oct2024-30Sep2025,01Jan2021-31Dec2024,As Expected,1,346,24,38.5,15.4,01Jan2024-31Dec2024,As Expected,1,85,117.9,197.7,76.1,01Jan2024-31Dec2024,As Expected,1,76,21.2,34.5,11.1,01Jan2024-31Dec2024,As Expected,1,18,16.8,133.5,3.5,01Jan2021-31Dec2023,As Expected,1,67,0.33,1.19,0.04,As Expected,1,92,10.2,31.6,2.7,01Jan2024-31Dec2024,As Expected,1,23,0.82,1.78,0.39,01Jan2023-31Dec2024,As Expected,1,41,1.35,2.56,0.53,01Jan2021-31Dec2023,Worse than Expected,1,97,0.11,0.59,0,01Jan2024-31Dec2024,Not Available,201,,,,As Expected,1,110,54.4,75.2,29.1,01Jul2025-30Sep2025,201,,1,96,884,99,199,2,24,,259,0,,,259,0,,,26,1,0,1,23,1,105,983,2,1,114,1012,12,27,26,23,13,1,110,991,29,259,0,,
52868,18,"Queens Dialysis Unit, Inc.",01Jan2021-31Dec2024,2,1,"1135 S. Sunset Avenue, Suite 103",,West Covina,CA,91790,Los Angeles,(626) 337-4245,Profit,No,Independent,No,21,Yes,No,No,4/23/01,01Oct2024-30Sep2025,01Oct2024-30Sep2025,01Jan2021-31Dec2024,As Expected,1,433,29,43.6,20,01Jan2024-31Dec2024,As Expected,1,99,132.2,215.8,87.4,01Jan2024-31Dec2024,As Expected,1,98,30.1,44.4,18.6,01Jan2024-31Dec2024,As Expected,1,42,38.2,92.5,19.6,01Jan2021-31Dec2023,As Expected,1,62,0.29,1.05,0.04,As Expected,1,94,19.2,40.3,7.8,01Jan2024-31Dec2024,As Expected,1,45,0.9,1.93,0.51,01Jan2023-31Dec2024,As Expected,1,68,0.5,1.46,0.08,01Jan2021-31Dec2023,Worse than Expected,1,89,0.11,0.62,0,01Jan2024-31Dec2024,Not Available,201,,,,As Expected,1,128,58.8,77.3,36.3,01Jul2025-30Sep2025,201,,1,121,1202,98,257,0,,,259,0,,,259,0,,,21,1,0,1,44,1,123,1226,0,1,130,1276,6,30,37,18,8,1,128,1260,17,259,0,,
52869,18,DaVita Palmdale Regional Dialysis,01Jan2021-31Dec2024,1,1,1643 E. Palmdale Blvd.,,Palmdale,CA,93550,Los Angeles,(661) 540-0925,Profit,Yes,DaVita,No,24,Yes,No,No,7/3/01,01Oct2024-30Sep2025,01Oct2024-30Sep2025,01Jan2021-31Dec2024,As Expected,1,314,25.7,38.9,17.6,01Jan2024-31Dec2024,As Expected,1,51,170.7,294.7,106.3,01Jan2024-31Dec2024,As Expected,1,48,44.6,64.8,26.4,01Jan2024-31Dec2024,As Expected,1,25,14.8,117.4,3.1,01Jan2021-31Dec2023,Worse than Expected,1,37,0,1,0,As Expected,1,73,10.8,31.8,3,01Jan2024-31Dec2024,As Expected,1,29,1.13,2.28,0.58,01Jan2023-31Dec2024,As Expected,1,37,1.74,2.92,0.88,01Jan2021-31Dec2023,As Expected,1,50,0.41,1.47,0.05,01Jan2024-31Dec2024,Better than Expected,1,0.14,0.7,0.01,As Expected,1,85,53.7,76.3,31.5,01Jul2025-30Sep2025,1,0,280,74,617,,280,0,,,280,0,,,280,0,,,14,1,0,1,28,280,83,722,,280,87,729,,,,,,1,85,722,24,280,0,,
52871,18,DaVita Central Coast Kidney Center,01Jan2021-31Dec2024,3,1,2263 S. Depot Street,,Santa Maria,CA,93455,Santa Barbara,(805) 349-8600,Profit,Yes,DaVita,Yes,41,Yes,Yes,No,7/17/01,01Oct2024-30Sep2025,01Oct2024-30Sep2025,01Jan2021-31Dec2024,As Expected,1,779,24.4,33.7,18.2,01Jan2024-31Dec2024,As Expected,1,160,133.9,193,98.3,01Jan2024-31Dec2024,As Expected,1,133,20.3,29,13.2,01Jan2024-31Dec2024,As Expected,1,121,21.5,43.8,12.5,01Jan2021-31Dec2023,As Expected,1,99,0.73,1.45,0.32,As Expected,1,178,17.3,30.7,9,01Jan2024-31Dec2024,Worse than Expected,1,142,1.46,2.04,1.14,01Jan2023-31Dec2024,Worse than Expected,1,215,1.57,2.09,1.12,01Jan2021-31Dec2023,As Expected,1,144,0.73,1.31,0.37,01Jan2024-31Dec2024,As Expected,1,0.76,1.26,0.42,As Expected,1,215,64,78,47,01Jul2025-30Sep2025,1,4,280,202,1931,,280,0,,,280,0,,,280,0,,,23,1,0,1,94,280,210,1993,,280,218,2079,,,,,,1,215,2060,13,280,0,,
52872,18,Florence Dialysis Center,01Jan2021-31Dec2024,3,1,351 W. Florence Avenue,,Los Angeles,CA,90003,Los Angeles,(323) 789-5690,Profit,No,Independent,No,32,Yes,No,No,5/23/01,01Oct2024-30Sep2025,01Oct2024-30Sep2025,01Jan2021-31Dec2024,As Expected,1,174,25.3,41.2,15.3,01Jan2024-31Dec2024,As Expected,1,37,132.8,241.4,78.7,01Jan2024-31Dec2024,As Expected,1,35,19.9,43,6.3,01Jan2024-31Dec2024,As Expected,1,21,12.8,102,2.7,01Jan2021-31Dec2023,As Expected,1,38,0.49,1.76,0.06,As Expected,1,82,8.3,28.3,2,01Jan2024-31Dec2024,As Expected,1,21,1.2,2.58,0.59,01Jan2023-31Dec2024,Better than Expected,1,35,0,1,0,01Jan2021-31Dec2023,Worse than Expected,1,48,0,0.71,0,01Jan2024-31Dec2024,Not Available,201,,,,Better than Expected,1,91,79.8,96.5,63.3,01Jul2025-30Sep2025,201,,1,84,816,83,257,0,,,259,0,,,259,0,,,46,1,0,1,11,1,87,842,0,1,90,758,9,15,22,26,29,1,91,871,14,259,0,,
52873,18,SRS-Thousand Oaks Dialysis,01Jan2021-31Dec2024,1,1,"375 Rolling Oaks Drive, Suite 100",,Thousand Oaks,CA,91361,Ventura,(805) 557-1036,Profit,No,Independent,No,15,Yes,Yes,Yes,10/26/01,01Oct2024-30Sep2025,01Oct2024-30Sep2025,01Jan2021-31Dec2024,As Expected,1,186,18.8,29.1,12.1,01Jan2024-31Dec2024,As Expected,1,57,194.4,283.3,140.3,01Jan2024-31Dec2024,Worse than Expected,1,94,36.3,45.5,27.2,01Jan2024-31Dec2024,As Expected,1,26,30.3,112.4,11.2,01Jan2021-31Dec2023,Not Available,199,14,,,,As Expected,1,43,19.1,50.6,5.2,01Jan2024-31Dec2024,As Expected,1,35,0.76,1.64,0.37,01Jan2023-31Dec2024,As Expected,1,89,0.96,1.64,0.48,01Jan2021-31Dec2023,As Expected,1,35,0.39,2.17,0.01,01Jan2024-31Dec2024,Not Available,201,,,,Worse than Expected,1,68,25.1,36.8,12.8,01Jul2025-30Sep2025,201,,1,52,446,61,201,0,,,259,0,,,259,0,,,25,1,0,1,20,1,67,583,45,1,58,258,10,21,24,24,21,1,68,605,25,259,0,,
52874,17,SHC South San Francisco,01Jan2021-31Dec2024,5,1,205 KENWOOD WAY,,SOUTH SAN FRANCISCO,CA,94080,San Mateo,(650) 616-7788,Non-profit,Yes,"US Renal Care, Inc.",Yes,24,Yes,Yes,No,1/16/02,01Oct2024-30Sep2025,01Oct2024-30Sep2025,01Jan2021-31Dec2024,As Expected,1,404,14.8,24.4,9.3,01Jan2024-31Dec2024,As Expected,1,96,126.9,201.6,85.9,01Jan2024-31Dec2024,As Expected,1,96,27.5,41.7,16.1,01Jan2024-31Dec2024,As Expected,1,31,12.7,69,3.5,01Jan2021-31Dec2023,Better than Expected,1,46,2.66,4.89,1.27,Better than Expected,1,100,39.4,57.4,23.9,01Jan2024-31Dec2024,As Expected,1,34,1.11,2.1,0.61,01Jan2023-31Dec2024,As Expected,1,51,1.15,2.34,0.43,01Jan2021-31Dec2023,Worse than Expected,1,83,0.24,0.86,0.03,01Jan2024-31Dec2024,Better than Expected,1,0.25,0.81,0.04,Better than Expected,1,146,77.9,92.5,60.1,01Jul2025-30Sep2025,1,0,1,131,1253,96,201,0,,,259,0,,,259,0,,,21,1,0,1,24,1,135,1300,1,1,150,1343,11,24,24,26,15,1,146,1326,10,259,0,,
52875,18,USRC Culver City,01Jan2021-31Dec2024,2,1,"9808 Venice Blvd., Suite 200",,Culver City,CA,90232,Los Angeles,(310) 841-0500,Profit,Yes,"US Renal Care, Inc.",No,18,Yes,No,No,12/4/01,01Oct2024-30Sep2025,01Oct2024-30Sep2025,01Jan2021-31Dec2024,As Expected,1,266,17.6,26.9,12,01Jan2024-31Dec2024,As Expected,1,59,162.4,256.6,109.3,01Jan2024-31Dec2024,As Expected,1,52,29.1,43.4,16.8,01Jan2024-31Dec2024,As Expected,1,31,38.6,127.9,15.6,01Jan2021-31Dec2023,As Expected,1,56,0.45,1.33,0.09,As Expected,1,64,7.8,35.3,1.3,01Jan2024-31Dec2024,As Expected,1,39,1.22,2.25,0.69,01Jan2023-31Dec2024,As Expected,1,78,0.72,1.55,0.25,01Jan2021-31Dec2023,Worse than Expected,1,88,0,0.39,0,01Jan2024-31Dec2024,Better than Expected,1,0.3,1,0.05,As Expected,1,95,66.3,85.6,47.3,01Jul2025-30Sep2025,1,0,1,84,678,94,257,0,,,259,0,,,259,0,,,58,1,0,1,26,1,89,733,2,1,97,759,16,26,25,23,10,1,95,773,17,259,0,,
52876,17,OROVILLE DIALYSIS CLINIC,01Jan2021-31Dec2024,2,1,3012 OLIVE HIGHWAY,,OROVILLE,CA,95966,Butte,(530) 532-6800,Non-profit,Yes,"Dialysis Clinic, Inc.",No,15,Yes,Yes,No,1/9/02,01Oct2024-30Sep2025,01Oct2024-30Sep2025,01Jan2021-31Dec2024,As Expected,1,342,24.7,34.9,18.2,01Jan2024-31Dec2024,Worse than Expected,1,82,228.6,324.4,167.7,01Jan2024-31Dec2024,Worse than Expected,1,140,38,47.7,29.1,01Jan2024-31Dec2024,As Expected,1,57,4.9,39.3,1,01Jan2021-31Dec2023,As Expected,1,56,0.84,2.14,0.23,As Expected,1,85,18,40,6.7,01Jan2024-31Dec2024,As Expected,1,71,0.85,1.61,0.52,01Jan2023-31Dec2024,As Expected,1,189,1.1,1.87,0.59,01Jan2021-31Dec2023,Worse than Expected,1,81,0.23,0.84,0.03,01Jan2024-31Dec2024,Better than Expected,1,0.13,0.64,0.01,As Expected,1,105,55.1,75.4,30.4,01Jul2025-30Sep2025,1,0,1,93,794,88,199,6,34,,259,0,,,259,0,,,10,1,2,1,50,1,108,895,3,1,112,929,6,22,22,24,25,1,105,887,25,259,0,,
52877,17,YUBA SUTTER DIALYSIS,01Jan2021-31Dec2024,3,1,2115 EAST ONSTOTT ROAD,,YUBA CITY,CA,95991,Sutter,(530) 673-6656,Profit,Yes,American Renal Associates,No,21,Yes,Yes,No,11/20/01,01Oct2024-30Sep2025,01Oct2024-30Sep2025,01Jan2021-31Dec2024,As Expected,1,411,20.4,31.4,13.6,01Jan2024-31Dec2024,As Expected,1,111,154.6,227.8,111.5,01Jan2024-31Dec2024,As Expected,1,140,23.5,32.3,15.8,01Jan2024-31Dec2024,As Expected,1,71,24.8,57.7,13,01Jan2021-31Dec2023,As Expected,1,75,0.67,1.72,0.18,As Expected,1,97,23.1,42.9,10.7,01Jan2024-31Dec2024,As Expected,1,92,1.06,1.65,0.76,01Jan2023-31Dec2024,As Expected,1,193,1.4,1.95,0.9,01Jan2021-31Dec2023,Worse than Expected,1,101,0.1,0.54,0,01Jan2024-31Dec2024,Better than Expected,1,0,0.3,,As Expected,1,118,59,78.9,34.8,01Jul2025-30Sep2025,1,15,1,108,994,98,199,8,73,,201,0,,,201,0,,,30,1,0,1,54,1,121,1136,0,1,127,1183,15,34,37,9,5,1,118,1082,19,201,0,,
52878,18,FMC DIALYSIS SERVICES OF SAN BERNARDINO,01Jan2021-31Dec2024,4,1,"636 E. Brier Drive, Suite 150",,San Bernardino,CA,92408,San Bernardino,(909) 890-9508,Profit,Yes,Fresenius Medical Care,No,21,Yes,No,No,1/30/02,01Oct2024-30Sep2025,01Oct2024-30Sep2025,01Jan2021-31Dec2024,As Expected,1,395,25.3,39.5,16.7,01Jan2024-31Dec2024,As Expected,1,98,111.9,191.7,71.1,01Jan2024-31Dec2024,As Expected,1,70,28.2,46.1,15,01Jan2024-31Dec2024,Not Available,199,13,,,,01Jan2021-31Dec2023,As Expected,1,48,1.26,2.93,0.41,As Expected,1,106,19,37.3,8.5,01Jan2024-31Dec2024,As Expected,1,22,0.88,2.01,0.41,01Jan2023-31Dec2024,As Expected,1,42,0.81,2.02,0.21,01Jan2021-31Dec2023,As Expected,1,66,0.63,1.6,0.17,01Jan2024-31Dec2024,As Expected,1,0.45,1.07,0.14,As Expected,1,134,67.4,83.1,48.3,01Jul2025-30Sep2025,201,,1,121,999,99,257,0,,,259,0,,,259,0,,,,199,,199,10,1,128,1082,0,1,135,1143,7,18,25,31,18,1,134,1141,19,259,0,,
52879,18,Hacienda Dialysis Center,01Jan2021-31Dec2024,3,1,"2020 S. Hacienda Blvd., Suite G",,Hacienda Heights,CA,91745,Los Angeles,(626) 968-9558,Profit,No,Independent,No,19,Yes,Yes,No,12/17/01,01Oct2024-30Sep2025,01Oct2024-30Sep2025,01Jan2021-31Dec2024,As Expected,1,317,18.1,28.3,12,01Jan2024-31Dec2024,As Expected,1,78,85.2,171.9,47.2,01Jan2024-31Dec2024,As Expected,1,38,23.3,48.2,8.2,01Jan2024-31Dec2024,As Expected,1,33,44.5,112.4,22,01Jan2021-31Dec2023,As Expected,1,38,1.09,2.79,0.3,As Expected,1,60,20.3,46.7,6.9,01Jan2024-31Dec2024,As Expected,1,37,0.27,1.29,0.08,01Jan2023-31Dec2024,As Expected,1,33,0.71,1.92,0.15,01Jan2021-31Dec2023,As Expected,1,58,0.71,1.82,0.19,01Jan2024-31Dec2024,Better than Expected,1,0.19,0.92,0.01,As Expected,1,92,65.6,85.3,46.2,01Jul2025-30Sep2025,201,,1,80,807,98,199,10,89,,259,0,,,259,0,,,,201,,201,0,1,98,950,3,1,101,978,9,25,28,25,12,1,92,895,14,259,0,,
52880,18,FMC DIALYSIS SERVICES BELLFLOWER,01Jan2021-31Dec2024,4,1,10116 Rosecrans Avenue,,Bellflower,CA,90706,Los Angeles,(562) 920-2070,Profit,Yes,Fresenius Medical Care,Yes,36,Yes,No,Yes,1/30/02,01Oct2024-30Sep2025,01Oct2024-30Sep2025,01Jan2021-31Dec2024,As Expected,1,626,19.5,29,13.6,01Jan2024-31Dec2024,As Expected,1,158,112.6,174.6,77.8,01Jan2024-31Dec2024,As Expected,1,106,23.3,36,13.9,01Jan2024-31Dec2024,Not Available,199,19,,,,01Jan2021-31Dec2023,As Expected,1,53,0.88,2.57,0.18,As Expected,1,130,18.1,34.7,8.4,01Jan2024-31Dec2024,As Expected,1,23,0.97,2.53,0.39,01Jan2023-31Dec2024,As Expected,1,19,1.26,4.27,0.12,01Jan2021-31Dec2023,Worse than Expected,1,87,0.32,0.94,0.07,01Jan2024-31Dec2024,Better than Expected,1,0.34,0.82,0.11,As Expected,1,191,62.9,78.3,44.1,01Jul2025-30Sep2025,201,,1,182,1701,100,257,0,,,259,0,,,259,0,,,19,1,0,1,16,1,183,1723,0,1,194,1817,7,23,27,27,15,1,191,1799,10,259,0,,
52882,18,FMC DIALYSIS SERVICES WEST LOS ANGELES,01Jan2021-31Dec2024,3,1,"301 N. Prairie Avenue, Suite 100",,Inglewood,CA,90301,Los Angeles,(310) 674-9640,Profit,Yes,Fresenius Medical Care,Yes,21,Yes,Yes,Yes,3/12/02,01Oct2024-30Sep2025,01Oct2024-30Sep2025,01Jan2021-31Dec2024,As Expected,1,472,22.8,34.4,15.6,01Jan2024-31Dec2024,As Expected,1,112,108.1,179.2,70.6,01Jan2024-31Dec2024,As Expected,1,71,27.4,42.5,15.5,01Jan2024-31Dec2024,Not Available,199,16,,,,01Jan2021-31Dec2023,As Expected,1,46,0.26,1.43,0.01,As Expected,1,89,9.6,30.9,2.4,01Jan2024-31Dec2024,As Expected,1,16,1.74,3.91,0.78,01Jan2023-31Dec2024,As Expected,1,19,0,1.8,0,01Jan2021-31Dec2023,As Expected,1,76,0.43,1.26,0.09,01Jan2024-31Dec2024,Better than Expected,1,0.1,0.49,0.01,As Expected,1,141,68,86.9,45.1,01Jul2025-30Sep2025,201,,1,134,1126,99,201,0,,,259,0,,,259,0,,,,199,,199,6,1,139,1201,0,1,143,1287,13,37,35,11,4,1,141,1256,14,259,0,,
52883,18,DaVita San Diego East Dialysis,01Jan2021-31Dec2024,4,1,"292 Euclid Avenue, Suite 100",,San Diego,CA,92114,San Diego,(619) 262-7225,Profit,Yes,DaVita,No,21,Yes,Yes,No,5/29/02,01Oct2024-30Sep2025,01Oct2024-30Sep2025,01Jan2021-31Dec2024,As Expected,1,567,18.1,27.8,12.2,01Jan2024-31Dec2024,As Expected,1,146,117,181,80.9,01Jan2024-31Dec2024,As Expected,1,102,30.8,44.2,19.4,01Jan2024-31Dec2024,As Expected,1,62,33.4,77.9,17.6,01Jan2021-31Dec2023,As Expected,1,73,1.17,2.21,0.53,As Expected,1,139,16.8,31.1,8.3,01Jan2024-31Dec2024,As Expected,1,68,0.68,1.49,0.38,01Jan2023-31Dec2024,As Expected,1,76,1.26,2.31,0.57,01Jan2021-31Dec2023,As Expected,1,68,0.64,1.63,0.17,01Jan2024-31Dec2024,Better than Expected,1,0.27,0.88,0.04,As Expected,1,136,57.3,76.3,34.1,01Jul2025-30Sep2025,1,7,280,136,1328,,280,45,420,,280,0,,,280,0,,,29,1,0,1,41,280,176,1756,,280,179,1652,,,,,,1,136,1323,7,280,0,,
52884,18,DaVita Maybrook Dialysis,01Jan2021-31Dec2024,3,1,16417 E. Whittier Blvd.,,Whittier,CA,90603,Los Angeles,(562) 670-3839,Profit,Yes,DaVita,Yes,29,Yes,Yes,No,6/5/02,01Oct2024-30Sep2025,01Oct2024-30Sep2025,01Jan2021-31Dec2024,As Expected,1,623,23.7,32.9,17.7,01Jan2024-31Dec2024,As Expected,1,131,154.5,220.6,114.4,01Jan2024-31Dec2024,As Expected,1,140,28.4,39.2,19.1,01Jan2024-31Dec2024,As Expected,1,33,23.7,88,8.8,01Jan2021-31Dec2023,As Expected,1,51,1.11,2.85,0.3,Better than Expected,1,133,31.1,49.9,16.9,01Jan2024-31Dec2024,As Expected,1,41,0.71,1.76,0.36,01Jan2023-31Dec2024,As Expected,1,92,0.99,1.84,0.43,01Jan2021-31Dec2023,As Expected,1,83,1.29,2.54,0.56,01Jan2024-31Dec2024,Better than Expected,1,0,0.34,,Better than Expected,1,131,77.9,93,59.6,01Jul2025-30Sep2025,1,1,280,121,808,,280,24,179,,280,0,,,280,0,,,30,1,0,1,30,280,152,1065,,280,152,1011,,,,,,1,131,905,10,280,0,,
52885,18,FMC DIALYSIS SERVICES OF PARADISE,01Jan2021-31Dec2024,4,1,6919 Paradise Valley Road,,San Diego,CA,92139,San Diego,(619) 475-2872,Profit,Yes,Fresenius Medical Care,Yes,20,Yes,No,No,7/25/02,01Oct2024-30Sep2025,01Oct2024-30Sep2025,01Jan2021-31Dec2024,As Expected,1,421,17.4,27.8,11.2,01Jan2024-31Dec2024,As Expected,1,94,139.2,218.1,95.3,01Jan2024-31Dec2024,As Expected,1,83,25.1,36.6,15.5,01Jan2024-31Dec2024,As Expected,1,40,4.1,76,0.4,01Jan2021-31Dec2023,As Expected,1,40,0.33,1.82,0.01,As Expected,1,87,20,40.2,8.5,01Jan2024-31Dec2024,As Expected,1,43,0.57,1.51,0.27,01Jan2023-31Dec2024,As Expected,1,101,0.49,1.02,0.16,01Jan2021-31Dec2023,Worse than Expected,1,69,0,0.59,0,01Jan2024-31Dec2024,Better than Expected,1,0.3,0.99,0.05,As Expected,1,131,53.3,73.4,28.8,01Jul2025-30Sep2025,201,,1,123,1159,99,257,0,,,259,0,,,259,0,,,6,1,0,1,33,1,125,1219,1,1,132,1261,11,23,25,25,16,1,131,1253,6,259,0,,
52886,18,FMC DIALYSIS SERVICES OF COLLEGE,01Jan2021-31Dec2024,4,1,5961 University Avenue,Suite 317,San Diego,CA,92115,San Diego,(619) 286-0821,Profit,Yes,Fresenius Medical Care,No,25,Yes,No,No,7/24/02,01Oct2024-30Sep2025,01Oct2024-30Sep2025,01Jan2021-31Dec2024,As Expected,1,505,17.8,27.8,11.7,01Jan2024-31Dec2024,As Expected,1,139,115.5,180.1,79.3,01Jan2024-31Dec2024,As Expected,1,103,21.3,31.4,13,01Jan2024-31Dec2024,As Expected,1,54,10.3,56,2.9,01Jan2021-31Dec2023,As Expected,1,55,0.5,1.47,0.1,As Expected,1,153,12.9,26.8,5.6,01Jan2024-31Dec2024,As Expected,1,67,0.83,1.66,0.49,01Jan2023-31Dec2024,As Expected,1,80,1.11,2.02,0.49,01Jan2021-31Dec2023,As Expected,1,99,0.41,1.04,0.11,01Jan2024-31Dec2024,Better than Expected,1,0.2,0.65,0.03,As Expected,1,190,54.3,71.6,33.3,01Jul2025-30Sep2025,201,,1,189,1718,98,257,0,,,259,0,,,259,0,,,30,1,0,1,37,1,191,1753,1,1,191,1804,8,20,23,26,23,1,190,1794,9,259,0,,
52887,17,SHC Windsor,01Jan2021-31Dec2024,4,1,"8911 LAKEWOOD DRIVE, STE.16",,WINDSOR,CA,95492,Sonoma,(707) 836-1091,Non-profit,Yes,"US Renal Care, Inc.",No,12,Yes,No,No,9/4/02,01Oct2024-30Sep2025,01Oct2024-30Sep2025,01Jan2021-31Dec2024,As Expected,1,202,14.9,24.3,9,01Jan2024-31Dec2024,As Expected,1,53,135.4,226.4,86.7,01Jan2024-31Dec2024,As Expected,1,51,24.3,42.2,11.3,01Jan2024-31Dec2024,As Expected,1,29,21.5,93,7.1,01Jan2021-31Dec2023,Not Available,199,20,,,,Better than Expected,1,42,42,71.6,17.2,01Jan2024-31Dec2024,As Expected,1,33,1.45,2.59,0.84,01Jan2023-31Dec2024,As Expected,1,59,1.27,2.55,0.45,01Jan2021-31Dec2023,As Expected,1,35,0.91,2.67,0.19,01Jan2024-31Dec2024,Better than Expected,1,0.2,0.97,0.01,As Expected,1,68,56.5,76.9,35,01Jul2025-30Sep2025,1,0,1,64,561,99,257,0,,,259,0,,,259,0,,,16,1,0,1,19,1,64,561,0,1,67,589,6,19,34,29,12,1,68,587,19,259,0,,
52888,17,USRC PARKWAY,01Jan2021-31Dec2024,3,1,"2200 PLAZA PARKWAY,  SUITE B1-B4",,MODESTO,CA,95350,Stanislaus,(209) 574-6818,Profit,Yes,"US Renal Care, Inc.",No,24,Yes,No,No,9/4/02,01Oct2024-30Sep2025,01Oct2024-30Sep2025,01Jan2021-31Dec2024,As Expected,1,345,18,30.2,11,01Jan2024-31Dec2024,As Expected,1,92,146.6,234.4,98.6,01Jan2024-31Dec2024,As Expected,1,93,28,40.5,17.8,01Jan2024-31Dec2024,As Expected,1,41,10,54.2,2.8,01Jan2021-31Dec2023,As Expected,1,74,0.76,1.77,0.25,As Expected,1,112,22,40.3,10.5,01Jan2024-31Dec2024,As Expected,1,44,0.99,2.03,0.57,01Jan2023-31Dec2024,As Expected,1,92,1.02,1.74,0.51,01Jan2021-31Dec2023,Worse than Expected,1,92,0.12,0.64,0,01Jan2024-31Dec2024,Better than Expected,1,0.37,0.88,0.12,As Expected,1,139,60.2,76.4,40.5,01Jul2025-30Sep2025,1,0,1,122,1078,97,257,0,,,259,0,,,259,0,,,18,1,0,1,38,1,133,1160,1,1,141,1258,8,26,30,23,13,1,139,1230,27,259,0,,
52889,18,FMC DIALYSIS SERVICES OF NORTH LONG BEACH,01Jan2021-31Dec2024,5,1,145 W. Victoria Street,,Long Beach,CA,90805,Los Angeles,(310) 639-3122,Profit,Yes,Fresenius Medical Care,No,13,Yes,No,No,7/22/02,01Oct2024-30Sep2025,01Oct2024-30Sep2025,01Jan2021-31Dec2024,As Expected,1,275,20,32.1,12.9,01Jan2024-31Dec2024,As Expected,1,69,132.9,231.3,81.4,01Jan2024-31Dec2024,As Expected,1,54,36,51.4,23.1,01Jan2024-31Dec2024,Not Available,199,4,,,,01Jan2021-31Dec2023,As Expected,1,27,0.66,2.39,0.08,As Expected,1,72,17.8,42,6.1,01Jan2024-31Dec2024,Not Available,199,6,,,,01Jan2023-31Dec2024,As Expected,1,11,1.94,5.74,0.18,01Jan2021-31Dec2023,Worse than Expected,1,44,0,0.8,0,01Jan2024-31Dec2024,Better than Expected,1,0,0.86,,Better than Expected,1,98,76.1,93.2,59.3,01Jul2025-30Sep2025,201,,1,91,794,99,257,0,,,259,0,,,259,0,,,,199,,199,3,1,91,796,0,1,98,845,7,25,27,27,14,1,98,843,7,259,0,,
52890,18,FMC DIALYSIS SERVICES OF ANTELOPE VALLEY,01Jan2021-31Dec2024,2,1,"44950 Valley Central Way, Suite 108",,Lancaster,CA,93536,Los Angeles,(661) 802-0600,Profit,Yes,Fresenius Medical Care,Yes,22,Yes,Yes,Yes,11/20/02,01Oct2024-30Sep2025,01Oct2024-30Sep2025,01Jan2021-31Dec2024,As Expected,1,802,28.7,39.5,21.6,01Jan2024-31Dec2024,As Expected,1,203,133.9,191.8,98.9,01Jan2024-31Dec2024,As Expected,1,149,29.3,41.2,19.2,01Jan2024-31Dec2024,As Expected,1,43,32.2,106.4,13,01Jan2021-31Dec2023,As Expected,1,121,1.08,1.85,0.58,As Expected,1,222,22.1,34,13.5,01Jan2024-31Dec2024,As Expected,1,49,1.57,2.59,0.99,01Jan2023-31Dec2024,As Expected,1,58,1.32,2.36,0.56,01Jan2021-31Dec2023,As Expected,1,125,0.5,1.03,0.2,01Jan2024-31Dec2024,Better than Expected,1,0.11,0.36,0.02,As Expected,1,233,46.5,61,28.8,01Jul2025-30Sep2025,201,,1,169,1487,98,1,52,432,96,259,0,,,259,0,,,24,1,0,1,33,1,267,2430,1,1,283,2529,7,22,26,28,17,1,233,2052,28,259,0,,
52891,17,SHC WB San Jose,01Jan2021-31Dec2024,4,1,1525 MERIDIAN AVENUE SUITE 101,,SAN JOSE,CA,95125,Santa Clara,(408) 269-3600,Non-profit,Yes,"US Renal Care, Inc.",Yes,4,Yes,Yes,Yes,12/20/02,01Oct2024-30Sep2025,01Oct2024-30Sep2025,01Jan2021-31Dec2024,As Expected,1,315,13.5,24.2,7.7,01Jan2024-31Dec2024,As Expected,1,83,146.6,247.2,92.2,01Jan2024-31Dec2024,As Expected,1,55,34.6,53,19.3,01Jan2024-31Dec2024,As Expected,1,49,40,106.3,19.1,01Jan2021-31Dec2023,Not Available,199,20,,,,Better than Expected,1,93,56.1,72.9,37.8,01Jan2024-31Dec2024,As Expected,1,57,0.89,2.06,0.47,01Jan2023-31Dec2024,As Expected,1,64,1.18,2.42,0.44,01Jan2021-31Dec2023,Not Available,201,0,,,,01Jan2024-31Dec2024,Not Available,201,,,,As Expected,1,19,69.2,100,36.5,01Jul2025-30Sep2025,1,0,199,8,62,,1,88,705,89,201,0,,,201,0,,,8,1,0,1,25,1,107,863,0,1,108,892,6,23,28,26,17,1,19,166,13,201,0,,
52892,17,DaVita Soledad Dialysis Center,01Jan2021-31Dec2024,5,1,471 Nestles Road,,Soledad,CA,93960,Monterey,(831) 744-3387,Profit,Yes,DaVita,Yes,22,Yes,Yes,No,10/22/02,01Oct2024-30Sep2025,01Oct2024-30Sep2025,01Jan2021-31Dec2024,As Expected,1,335,17,30.5,9.6,01Jan2024-31Dec2024,As Expected,1,105,152.1,234.5,105.6,01Jan2024-31Dec2024,Worse than Expected,1,101,40.1,54,27.4,01Jan2024-31Dec2024,As Expected,1,77,16.9,47.6,7.7,01Jan2021-31Dec2023,As Expected,1,42,0.73,1.88,0.2,Better than Expected,1,114,28.7,45,16.6,01Jan2024-31Dec2024,As Expected,1,83,1.19,1.97,0.81,01Jan2023-31Dec2024,As Expected,1,132,0.9,1.51,0.44,01Jan2021-31Dec2023,As Expected,1,45,0.95,2.22,0.31,01Jan2024-31Dec2024,Better than Expected,1,0,0.47,,As Expected,1,122,68.8,86.6,47,01Jul2025-30Sep2025,1,0,280,120,1179,,280,22,204,,280,0,,,280,0,,,17,1,2,1,59,280,137,1404,,280,139,1413,,,,,,1,122,1214,12,280,0,,
52893,18,"Temple City Dialysis Facility, Inc.",01Jan2021-31Dec2024,3,1,9945 Lower Azusa Road,,Temple City,CA,91780,Los Angeles,(626) 442-3400,Profit,No,Independent,Yes,18,Yes,No,No,1/13/03,01Oct2024-30Sep2025,01Oct2024-30Sep2025,01Jan2021-31Dec2024,As Expected,1,405,22.6,35.4,15,01Jan2024-31Dec2024,As Expected,1,99,120.3,205.3,76.6,01Jan2024-31Dec2024,As Expected,1,60,33.9,53.5,18.2,01Jan2024-31Dec2024,As Expected,1,43,53,123.5,27.9,01Jan2021-31Dec2023,As Expected,1,47,0.39,1.41,0.05,As Expected,1,82,11.6,32.6,3.4,01Jan2024-31Dec2024,As Expected,1,48,0.72,1.81,0.36,01Jan2023-31Dec2024,As Expected,1,52,0.49,1.68,0.06,01Jan2021-31Dec2023,Worse than Expected,1,82,0.13,0.73,0,01Jan2024-31Dec2024,As Expected,1,1.38,2.4,0.73,As Expected,1,109,66,85.2,42.7,01Jul2025-30Sep2025,201,,1,100,975,99,257,0,,,259,0,,,259,0,,,57,1,0,1,28,1,104,1016,1,1,108,1045,8,19,20,28,25,1,109,1043,25,259,0,,
52894,18,RAI - MONROE - INDIO,01Jan2021-31Dec2024,4,1,"46-767 Monroe Street, Suite 101",,Indio,CA,92201,Riverside,(760) 347-3986,Profit,Yes,Fresenius Medical Care,No,20,Yes,No,No,9/11/02,01Oct2024-30Sep2025,01Oct2024-30Sep2025,01Jan2021-31Dec2024,As Expected,1,427,25.5,40.5,16.6,01Jan2024-31Dec2024,As Expected,1,113,142.2,228,95.5,01Jan2024-31Dec2024,As Expected,1,88,29.2,44.5,17.7,01Jan2024-31Dec2024,As Expected,1,42,15.2,82.4,4.2,01Jan2021-31Dec2023,As Expected,1,66,1.25,2.72,0.46,As Expected,1,114,18.5,36.2,8.3,01Jan2024-31Dec2024,As Expected,1,49,0.77,1.7,0.43,01Jan2023-31Dec2024,As Expected,1,64,1.13,2.16,0.48,01Jan2021-31Dec2023,Worse than Expected,1,89,0.23,0.85,0.03,01Jan2024-31Dec2024,Better than Expected,1,0.25,0.82,0.04,As Expected,1,141,73.3,88.9,54.3,01Jul2025-30Sep2025,201,,1,126,1182,99,257,0,,,259,0,,,259,0,,,18,1,0,1,34,1,128,1208,1,1,140,1259,8,20,27,26,19,1,141,1260,9,259,0,,
52895,18,DaVita Lake Elsinore Dialysis,01Jan2021-31Dec2024,4,1,32291 Mission Trail,BLDG S,Lake Elsinore,CA,92530,Riverside,(951) 674-5050,Profit,Yes,DaVita,Yes,18,Yes,No,No,11/18/02,01Oct2024-30Sep2025,01Oct2024-30Sep2025,01Jan2021-31Dec2024,As Expected,1,495,17.7,28.2,11.6,01Jan2024-31Dec2024,As Expected,1,119,147.2,220.8,104.6,01Jan2024-31Dec2024,As Expected,1,118,26,37.3,17.8,01Jan2024-31Dec2024,As Expected,1,34,54.9,138.8,27.2,01Jan2021-31Dec2023,As Expected,1,47,1.18,3.02,0.32,As Expected,1,134,28.3,45.1,16,01Jan2024-31Dec2024,As Expected,1,39,1.28,2.39,0.72,01Jan2023-31Dec2024,As Expected,1,74,1.22,2.11,0.56,01Jan2021-31Dec2023,As Expected,1,81,0.65,1.52,0.21,01Jan2024-31Dec2024,As Expected,1,0.66,1.3,0.29,As Expected,1,160,62.7,79.6,42.1,01Jul2025-30Sep2025,1,4,280,148,1350,,280,0,,,280,0,,,280,0,,,4,1,0,1,28,280,151,1381,,280,163,1423,,,,,,1,160,1421,14,280,0,,
52896,18,DaVita Cerritos Dialysis,01Jan2021-31Dec2024,3,1,"19222 Pioneer Blvd., Suite 101",,Cerritos,CA,90703,Los Angeles,(562) 924-9990,Profit,Yes,DaVita,No,21,Yes,No,No,1/2/03,01Oct2024-30Sep2025,01Oct2024-30Sep2025,01Jan2021-31Dec2024,As Expected,1,409,19,30,12.5,01Jan2024-31Dec2024,As Expected,1,105,107.2,177.6,70,01Jan2024-31Dec2024,As Expected,1,70,30.8,46.4,17.7,01Jan2024-31Dec2024,As Expected,1,33,39,103.5,18.6,01Jan2021-31Dec2023,As Expected,1,33,0.78,2.82,0.09,As Expected,1,84,14.8,38,4.7,01Jan2024-31Dec2024,As Expected,1,36,0.54,1.23,0.25,01Jan2023-31Dec2024,As Expected,1,83,0.69,1.35,0.28,01Jan2021-31Dec2023,As Expected,1,73,0.79,1.84,0.26,01Jan2024-31Dec2024,As Expected,1,0.38,1.03,0.1,As Expected,1,130,58.2,78,34.1,01Jul2025-30Sep2025,1,0,280,111,1014,,280,0,,,280,0,,,280,0,,,19,1,0,1,37,280,123,1131,,280,131,1170,,,,,,1,130,1168,13,280,0,,
52897,18,DaVita Tustin Dialysis,01Jan2021-31Dec2024,4,1,"2090 N. Tustin Avenue, Suite 100",,Santa Ana,CA,92705,Orange,(714) 835-2450,Profit,Yes,DaVita,No,24,Yes,Yes,No,2/21/03,01Oct2024-30Sep2025,01Oct2024-30Sep2025,01Jan2021-31Dec2024,As Expected,1,359,19.7,32.4,12.4,01Jan2024-31Dec2024,As Expected,1,89,135.9,224.4,89,01Jan2024-31Dec2024,As Expected,1,83,31,45.2,19.4,01Jan2024-31Dec2024,As Expected,1,38,19.8,85.9,6.5,01Jan2021-31Dec2023,As Expected,1,40,0.62,1.82,0.13,As Expected,1,104,13.5,31.3,5.1,01Jan2024-31Dec2024,As Expected,1,45,1.32,2.56,0.8,01Jan2023-31Dec2024,As Expected,1,61,1.68,2.85,0.74,01Jan2021-31Dec2023,As Expected,1,47,1.02,2.38,0.33,01Jan2024-31Dec2024,As Expected,1,0.8,1.58,0.35,As Expected,1,125,72.8,90.3,51.4,01Jul2025-30Sep2025,1,1,280,112,974,,280,13,110,,280,0,,,280,0,,,3,1,0,1,32,280,130,1169,,280,136,1200,,,,,,1,125,1094,11,280,0,,
52898,18,RAI - LAGUNA CANYON - IRVINE,01Jan2021-31Dec2024,5,1,16255 Laguna Canyon Road,,Irvine,CA,92618,Orange,(949) 727-4495,Profit,Yes,Fresenius Medical Care,No,24,Yes,Yes,Yes,2/19/03,01Oct2024-30Sep2025,01Oct2024-30Sep2025,01Jan2021-31Dec2024,As Expected,1,483,15.7,24.9,10.2,01Jan2024-31Dec2024,As Expected,1,123,133.5,210.5,90.9,01Jan2024-31Dec2024,As Expected,1,86,22.7,35.2,12.6,01Jan2024-31Dec2024,As Expected,1,46,10.5,57.3,2.9,01Jan2021-31Dec2023,As Expected,1,49,1.24,2.89,0.4,As Expected,1,81,28.4,49.9,13.6,01Jan2024-31Dec2024,As Expected,1,64,0.75,1.53,0.44,01Jan2023-31Dec2024,As Expected,1,84,1.43,2.51,0.65,01Jan2021-31Dec2023,As Expected,1,84,0.41,1.2,0.08,01Jan2024-31Dec2024,Better than Expected,1,0,0.38,,As Expected,1,136,71.7,89.4,50.1,01Jul2025-30Sep2025,201,,1,116,988,99,1,15,126,95,259,0,,,259,0,,,16,1,0,1,44,1,138,1233,2,1,152,1297,8,25,28,24,14,1,136,1139,11,259,0,,
52899,18,USRC LA  Dialysis,01Jan2021-31Dec2024,3,1,2100 W 3rd St. Suite 110 and 105,,Los Angeles,CA,90057,Los Angeles,(213) 481-3041,Profit,Yes,"US Renal Care, Inc.",No,22,Yes,Yes,No,3/12/03,01Oct2024-30Sep2025,01Oct2024-30Sep2025,01Jan2021-31Dec2024,As Expected,1,433,24.5,37.1,16.8,01Jan2024-31Dec2024,As Expected,1,94,107.8,184,68.7,01Jan2024-31Dec2024,As Expected,1,66,20.2,34.3,9.6,01Jan2024-31Dec2024,As Expected,1,43,6.5,51.7,1.4,01Jan2021-31Dec2023,As Expected,1,34,0,1.01,0,As Expected,1,91,19.3,41.4,7.5,01Jan2024-31Dec2024,As Expected,1,50,0.44,1.27,0.19,01Jan2023-31Dec2024,As Expected,1,69,0.56,1.69,0.11,01Jan2021-31Dec2023,As Expected,1,53,0.21,1.18,0.01,01Jan2024-31Dec2024,As Expected,1,0.31,1.02,0.05,As Expected,1,101,63.3,82.7,39.7,01Jul2025-30Sep2025,1,0,1,89,844,95,1,20,155,96,259,0,,,259,0,,,9,1,0,1,44,1,119,1091,1,1,125,1122,5,25,26,26,17,1,101,968,16,259,0,,
53501,17,PEDIATRIC DIALYSIS UNIT AT UCSF,01Jan2021-31Dec2024,,260,"1825 4th Street, Room M5209",Box,SAN FRANCISCO,CA,94143,San Francisco,(415) 514-2425,Non-profit,No,Independent,No,6,Yes,Yes,No,8/9/77,01Oct2024-30Sep2025,01Oct2024-30Sep2025,01Jan2021-31Dec2024,Not Available,199,9,,,,01Jan2024-31Dec2024,Not Available,199,2,,,,01Jan2024-31Dec2024,Not Available,199,1,,,,01Jan2024-31Dec2024,Not Available,201,0,,,,01Jan2021-31Dec2023,Better than Expected,1,22,5.41,8.67,3.15,Better than Expected,1,25,58.9,86.3,24.6,01Jan2024-31Dec2024,Not Available,199,1,,,,01Jan2023-31Dec2024,Not Available,199,0,,,,01Jan2021-31Dec2023,Not Available,199,2,,,,01Jan2024-31Dec2024,As Expected,1,0,1.01,,Not Available,199,7,,,,01Jul2025-30Sep2025,201,,199,5,43,,199,3,24,,199,6,39,,199,8,55,,,201,,201,0,199,10,70,,199,10,78,,,,,,199,7,52,,1,11,70,96
53506,18,Kaweah Health Dialysis Center,01Jan2021-31Dec2024,3,1,5040 W. Tulare Avenue,,Visalia,CA,93277,Tulare,(559) 624-3600,Non-profit,No,Independent,Yes,26,Yes,Yes,No,8/22/77,01Oct2024-30Sep2025,01Oct2024-30Sep2025,01Jan2021-31Dec2024,As Expected,1,532,21.3,31.3,15,01Jan2024-31Dec2024,As Expected,1,127,153.3,224.6,111,01Jan2024-31Dec2024,As Expected,1,125,21,30.1,13.6,01Jan2024-31Dec2024,As Expected,1,59,22.2,59,10.6,01Jan2021-31Dec2023,As Expected,1,54,1.15,2.69,0.37,As Expected,1,112,22.1,40.2,10.6,01Jan2024-31Dec2024,As Expected,1,66,1.14,1.93,0.77,01Jan2023-31Dec2024,Worse than Expected,1,105,1.89,3.01,1,01Jan2021-31Dec2023,As Expected,1,75,1.13,2.23,0.49,01Jan2024-31Dec2024,As Expected,1,1.49,2.26,0.93,As Expected,1,147,48.5,66.6,26.5,01Jul2025-30Sep2025,1,7,1,131,1198,94,1,17,136,93,259,0,,,259,0,,,23,1,0,1,48,1,154,1493,2,1,159,1538,10,26,28,25,11,1,147,1361,33,259,0,,
53523,17,UC CHRONIC DIALYSIS/MT. ZION,01Jan2021-31Dec2024,3,1,1675 SCOTT STREET,,SAN FRANCISCO,CA,94115,San Francisco,(415) 885-7421,Non-profit,No,Independent,No,14,Yes,No,No,4/1/00,01Oct2024-30Sep2025,01Oct2024-30Sep2025,01Jan2021-31Dec2024,As Expected,1,213,15,24,9.2,01Jan2024-31Dec2024,As Expected,1,56,149,227.1,103.5,01Jan2024-31Dec2024,As Expected,1,69,35,47.3,23.6,01Jan2024-31Dec2024,As Expected,1,31,25.3,83.8,10.2,01Jan2021-31Dec2023,Not Available,199,17,,,,Better than Expected,1,44,46.9,73.2,22.2,01Jan2024-31Dec2024,As Expected,1,45,0.78,1.66,0.45,01Jan2023-31Dec2024,As Expected,1,96,0.56,1.28,0.17,01Jan2021-31Dec2023,As Expected,1,38,0.69,2.48,0.08,01Jan2024-31Dec2024,Better than Expected,1,0,0.36,,As Expected,1,64,51,71.3,29.4,01Jul2025-30Sep2025,201,,1,61,548,95,257,0,,,259,0,,,259,0,,,11,1,0,1,37,1,64,583,0,1,66,588,7,20,24,25,24,1,64,586,26,259,0,,
53525,17,COMMUNITY DIALYSIS CENTER,01Jan2021-31Dec2024,3,1,215 NORTH FRESNO STREET,SUITE 150,FRESNO,CA,93701,Fresno,(559) 459-3901,Non-profit,No,Independent,No,41,Yes,Yes,No,4/18/02,01Oct2024-30Sep2025,01Oct2024-30Sep2025,01Jan2021-31Dec2024,As Expected,1,619,29.5,41.6,21.7,01Jan2024-31Dec2024,As Expected,1,148,136.8,197.5,100.4,01Jan2024-31Dec2024,As Expected,1,141,19.9,28.4,13,01Jan2024-31Dec2024,As Expected,1,72,23.7,55.2,12.5,01Jan2021-31Dec2023,As Expected,1,94,1.21,2.29,0.55,As Expected,1,205,21.6,33,13.4,01Jan2024-31Dec2024,As Expected,1,87,1.12,1.74,0.8,01Jan2023-31Dec2024,As Expected,1,164,1.53,2.2,0.94,01Jan2021-31Dec2023,As Expected,1,115,0.57,1.25,0.21,01Jan2024-31Dec2024,As Expected,1,1.01,1.59,0.61,As Expected,1,206,65.7,78.3,50.4,01Jul2025-30Sep2025,1,20,1,198,1931,96,1,39,372,81,259,0,,,259,0,,,12,1,0,1,66,1,235,2394,1,1,240,2443,9,29,27,18,16,1,206,2054,23,259,0,,
53526,17,SAN JOAQUIN GENERAL HOSPITAL,01Jan2021-31Dec2024,3,1,7783 SOUTH FREEDOM ROAD,,FRENCH CAMP,CA,95231,San Joaquin,(209) 468-6085,Non-profit,No,Independent,Yes,24,Yes,No,No,8/3/07,01Oct2024-30Sep2025,01Oct2024-30Sep2025,01Jan2021-31Dec2024,As Expected,1,388,24.9,39.6,16.1,01Jan2024-31Dec2024,As Expected,1,89,137.3,225.5,90.4,01Jan2024-31Dec2024,As Expected,1,83,25.3,38.3,14.8,01Jan2024-31Dec2024,As Expected,1,58,19.5,55,8.9,01Jan2021-31Dec2023,As Expected,1,85,0.79,1.55,0.34,As Expected,1,138,21.2,36.3,11.3,01Jan2024-31Dec2024,Worse than Expected,1,59,2.21,3.38,1.6,01Jan2023-31Dec2024,Worse than Expected,1,90,1.96,3.07,1.08,01Jan2021-31Dec2023,Worse than Expected,1,98,0,0.3,0,01Jan2024-31Dec2024,As Expected,1,1.28,2.04,0.76,As Expected,1,156,53.7,70.6,33.2,01Jul2025-30Sep2025,1,8,1,146,1362,97,257,0,,,259,0,,,259,0,,,39,1,0,1,46,1,149,1425,0,1,158,1495,8,18,24,27,23,1,156,1498,23,259,0,,
53528,17,KAISER PERMANENTE - SKYPORT,01Jan2021-31Dec2024,4,1,1721 TECHNOLOGY DRIVE DEPT #245,,SAN JOSE,CA,95110,Santa Clara,(408) 436-4300,Non-profit,Yes,Kaiser Permanente,No,0,No,Yes,No,11/9/18,01Oct2024-30Sep2025,01Oct2024-30Sep2025,01Jan2021-31Dec2024,Worse than Expected,1,606,32.6,45.9,24,01Jan2024-31Dec2024,As Expected,1,135,159.4,246.7,110.3,01Jan2024-31Dec2024,As Expected,1,86,32.7,48.2,19.7,01Jan2024-31Dec2024,Not Available,199,20,,,,01Jan2021-31Dec2023,Better than Expected,1,87,2.63,4.02,1.63,Better than Expected,1,170,52,65.1,38.5,01Jan2024-31Dec2024,As Expected,1,20,0.79,2.14,0.3,01Jan2023-31Dec2024,As Expected,1,28,1.55,3.61,0.38,01Jan2021-31Dec2023,Not Available,201,0,,,,01Jan2024-31Dec2024,Not Available,201,,,,Not Available,256,0,,,,01Jul2025-30Sep2025,1,36,256,0,,,1,199,1796,94,259,0,,,259,0,,,,199,,199,5,1,199,1795,0,1,207,1863,5,20,28,30,17,256,0,,,259,0,,
552501,18,Advanced Dialysis Center,01Jan2021-31Dec2024,1,1,3932 Downing Avenue,,Baldwin Park,CA,91706,Los Angeles,(626) 856-3333,Profit,No,Independent,No,18,Yes,No,No,3/5/03,01Oct2024-30Sep2025,01Oct2024-30Sep2025,01Jan2021-31Dec2024,Worse than Expected,1,259,32.5,47.2,23.2,01Jan2024-31Dec2024,As Expected,1,55,216.2,334.3,146.9,01Jan2024-31Dec2024,Worse than Expected,1,81,42.3,58.2,28.2,01Jan2024-31Dec2024,Worse than Expected,1,22,126.3,284.8,68.2,01Jan2021-31Dec2023,Not Available,199,25,,,,As Expected,1,71,16.1,41.5,5,01Jan2024-31Dec2024,As Expected,1,28,1.07,2.25,0.54,01Jan2023-31Dec2024,As Expected,1,67,0.52,1.28,0.14,01Jan2021-31Dec2023,Worse than Expected,1,44,0,0.93,0,01Jan2024-31Dec2024,Not Available,201,,,,As Expected,1,90,53.9,75.9,32.1,01Jul2025-30Sep2025,1,32,1,79,645,71,257,0,,,259,0,,,259,0,,,26,1,0,1,19,1,81,669,14,1,79,431,15,31,31,15,8,1,90,697,29,259,0,,
552502,18,RAI-EAST FIRST-TUSTIN,01Jan2021-31Dec2024,5,1,535 E. First Street,,Tustin,CA,92780,Orange,(714) 730-1428,Profit,Yes,Fresenius Medical Care,No,25,Yes,No,No,3/5/03,01Oct2024-30Sep2025,01Oct2024-30Sep2025,01Jan2021-31Dec2024,As Expected,1,489,17.9,29,11.4,01Jan2024-31Dec2024,As Expected,1,137,115.6,183.2,78.4,01Jan2024-31Dec2024,As Expected,1,89,26.4,40.4,15.1,01Jan2024-31Dec2024,As Expected,1,20,19.5,155.2,4.1,01Jan2021-31Dec2023,As Expected,1,52,1.12,2.43,0.41,As Expected,1,137,26.9,42.8,15.4,01Jan2024-31Dec2024,As Expected,1,30,0.68,1.66,0.29,01Jan2023-31Dec2024,As Expected,1,30,0.29,1.51,0.01,01Jan2021-31Dec2023,As Expected,1,89,1.13,2.14,0.51,01Jan2024-31Dec2024,As Expected,1,0.45,1,0.17,As Expected,1,175,71,86.5,52.1,01Jul2025-30Sep2025,201,,1,155,1484,99,257,0,,,259,0,,,259,0,,,29,1,0,1,14,1,170,1653,0,1,176,1704,8,29,35,18,10,1,175,1702,9,259,0,,
552504,17,DaVita Tokay Dialysis Center,01Jan2021-31Dec2024,3,1,312 South Fairmont Avenue Suite A,,LODI,CA,95240,San Joaquin,(209) 369-5418,Profit,Yes,DaVita,No,12,Yes,No,No,4/2/03,01Oct2024-30Sep2025,01Oct2024-30Sep2025,01Jan2021-31Dec2024,As Expected,1,252,19.2,30.5,12.6,01Jan2024-31Dec2024,As Expected,1,67,107.1,193.6,63.4,01Jan2024-31Dec2024,As Expected,1,36,28.6,49.8,12.9,01Jan2024-31Dec2024,As Expected,1,22,22.5,122.3,6.2,01Jan2021-31Dec2023,As Expected,1,17,0.46,2.56,0.01,As Expected,1,70,20.1,45.1,7.1,01Jan2024-31Dec2024,As Expected,1,25,1.04,2.23,0.51,01Jan2023-31Dec2024,As Expected,1,30,1.16,3.02,0.25,01Jan2021-31Dec2023,As Expected,1,42,0.72,2.12,0.15,01Jan2024-31Dec2024,Better than Expected,1,0,0.39,,As Expected,1,89,67.8,85.5,50.3,01Jul2025-30Sep2025,1,6,280,79,713,,280,0,,,280,0,,,280,0,,,5,1,0,1,19,280,85,786,,280,89,826,,,,,,1,89,818,20,280,0,,
552505,17,DaVita Fresno Palm Bluffs Dialysis,01Jan2021-31Dec2024,4,1,770 West Pinedale Ave,,FRESNO,CA,93711,Fresno,(559) 438-8512,Profit,Yes,DaVita,Yes,25,Yes,No,No,3/17/03,01Oct2024-30Sep2025,01Oct2024-30Sep2025,01Jan2021-31Dec2024,As Expected,1,405,30.4,45.4,21.1,01Jan2024-31Dec2024,As Expected,1,92,139.9,227.8,92.7,01Jan2024-31Dec2024,As Expected,1,70,20.9,34.1,11.3,01Jan2024-31Dec2024,As Expected,1,55,40.8,89.4,22.5,01Jan2021-31Dec2023,As Expected,1,49,0.81,2.08,0.22,Better than Expected,1,89,34.4,55.2,18.2,01Jan2024-31Dec2024,As Expected,1,62,0.79,1.58,0.47,01Jan2023-31Dec2024,As Expected,1,84,0.65,1.54,0.21,01Jan2021-31Dec2023,As Expected,1,67,0.67,1.57,0.22,01Jan2024-31Dec2024,Better than Expected,1,0.27,0.87,0.04,As Expected,1,116,77.5,94.6,56.7,01Jul2025-30Sep2025,1,5,280,104,937,,280,0,,,280,0,,,280,0,,,3,1,0,1,36,280,111,1026,,280,115,1050,,,,,,1,116,1042,8,280,0,,
552506,18,FMC DIALYSIS SERVICES OF IRWINDALE,01Jan2021-31Dec2024,4,1,"12711 Ramona Blvd., Suite 111",,Irwindale,CA,91706,Los Angeles,(626) 856-3944,Profit,Yes,Fresenius Medical Care,No,31,Yes,No,No,5/12/03,01Oct2024-30Sep2025,01Oct2024-30Sep2025,01Jan2021-31Dec2024,As Expected,1,442,20.2,32.1,13.2,01Jan2024-31Dec2024,Better than Expected,1,108,63.7,135.8,33.7,01Jan2024-31Dec2024,Better than Expected,1,26,4.8,26.3,0.1,01Jan2024-31Dec2024,Not Available,199,10,,,,01Jan2021-31Dec2023,As Expected,1,37,0,1.23,0,As Expected,1,87,18.2,38.7,7.2,01Jan2024-31Dec2024,As Expected,1,12,1.9,3.7,0.98,01Jan2023-31Dec2024,As Expected,1,17,0.89,2.85,0.1,01Jan2021-31Dec2023,Worse than Expected,1,62,0.17,0.96,0,01Jan2024-31Dec2024,Better than Expected,1,0.25,0.82,0.04,As Expected,1,131,73,90.6,51.6,01Jul2025-30Sep2025,201,,1,111,1032,99,257,0,,,259,0,,,259,0,,,,199,,199,10,1,125,1251,1,1,131,1282,11,26,31,21,12,1,131,1277,13,259,0,,
552507,18,USRC Sherman Oaks Dialysis,01Jan2021-31Dec2024,2,1,"4955 Van Nuys Blvd., Suite 111",,Sherman Oaks,CA,91403,Los Angeles,(818) 285-5913,Profit,Yes,"US Renal Care, Inc.",No,18,Yes,No,No,5/14/03,01Oct2024-30Sep2025,01Oct2024-30Sep2025,01Jan2021-31Dec2024,As Expected,1,313,23,32.3,17.1,01Jan2024-31Dec2024,As Expected,1,71,201.1,305.6,138.9,01Jan2024-31Dec2024,As Expected,1,103,35.2,44.4,26.1,01Jan2024-31Dec2024,Worse than Expected,1,40,61.2,124.6,35.7,01Jan2021-31Dec2023,As Expected,1,55,0.77,2.26,0.16,As Expected,1,37,17.1,52.2,3.7,01Jan2024-31Dec2024,As Expected,1,46,0.7,1.62,0.37,01Jan2023-31Dec2024,As Expected,1,112,0.48,1.05,0.15,01Jan2021-31Dec2023,As Expected,1,137,0.69,1.49,0.25,01Jan2024-31Dec2024,Better than Expected,1,0.09,0.42,0,As Expected,1,67,64.3,81.8,45.9,01Jul2025-30Sep2025,1,0,1,62,178,99,257,0,,,259,0,,,259,0,,,32,1,0,1,25,1,67,192,1,1,73,203,11,38,23,23,5,1,67,188,35,259,0,,
552508,18,FMC DIALYSIS SERVICES OF WOODLAND HILLS,01Jan2021-31Dec2024,4,1,"19836 Ventura Blvd., Suite C",,Woodland Hills,CA,91364,Los Angeles,(818) 713-9040,Profit,Yes,Fresenius Medical Care,No,21,Yes,No,No,6/4/03,01Oct2024-30Sep2025,01Oct2024-30Sep2025,01Jan2021-31Dec2024,As Expected,1,407,18.3,28,12.4,01Jan2024-31Dec2024,As Expected,1,96,109.1,184.3,70.1,01Jan2024-31Dec2024,As Expected,1,80,19.9,31.2,10.8,01Jan2024-31Dec2024,Not Available,199,17,,,,01Jan2021-31Dec2023,As Expected,1,28,0.78,2.81,0.09,As Expected,1,83,11.2,29.1,3.8,01Jan2024-31Dec2024,As Expected,1,24,1.2,2.63,0.58,01Jan2023-31Dec2024,As Expected,1,40,1.81,3.37,0.76,01Jan2021-31Dec2023,As Expected,1,49,0.71,2.09,0.15,01Jan2024-31Dec2024,Better than Expected,1,0.25,0.84,0.04,As Expected,1,123,58.1,78.9,32.9,01Jul2025-30Sep2025,201,,1,107,931,99,257,0,,,259,0,,,259,0,,,14,1,0,1,14,1,117,1030,2,1,123,1079,12,30,31,18,9,1,123,1065,16,259,0,,
552509,18,DaVita Whittier Dialysis,01Jan2021-31Dec2024,3,1,10055 Whittwood Drive,,Whittier,CA,90603,Los Angeles,(562) 947-1808,Profit,Yes,DaVita,Yes,18,Yes,Yes,No,6/16/03,01Oct2024-30Sep2025,01Oct2024-30Sep2025,01Jan2021-31Dec2024,Worse than Expected,1,362,30.5,42.6,22.6,01Jan2024-31Dec2024,As Expected,1,88,151.4,239,101.1,01Jan2024-31Dec2024,As Expected,1,71,26.6,38.7,16.5,01Jan2024-31Dec2024,As Expected,1,32,44.3,134.2,19.1,01Jan2021-31Dec2023,As Expected,1,37,0.96,2.81,0.2,As Expected,1,95,21.9,42.1,9.8,01Jan2024-31Dec2024,As Expected,1,35,1.08,2.05,0.6,01Jan2023-31Dec2024,As Expected,1,70,0.61,1.25,0.24,01Jan2021-31Dec2023,As Expected,1,62,0.72,1.85,0.2,01Jan2024-31Dec2024,Better than Expected,1,0.14,0.68,0.01,As Expected,1,121,69.1,87.5,46.7,01Jul2025-30Sep2025,1,5,280,106,896,,280,11,67,,280,0,,,280,0,,,16,1,5,1,19,280,126,1069,,280,129,1057,,,,,,1,121,1028,19,280,0,,
552510,17,DaVita Creekside Dialysis Center,01Jan2021-31Dec2024,3,1,141 PARKER STREET,,VACAVILLE,CA,95688,Solano,(707) 453-1325,Profit,Yes,DaVita,No,12,Yes,No,No,8/6/03,01Oct2024-30Sep2025,01Oct2024-30Sep2025,01Jan2021-31Dec2024,As Expected,1,173,18.5,32.5,10.3,01Jan2024-31Dec2024,As Expected,1,57,124.1,216.9,76.5,01Jan2024-31Dec2024,As Expected,1,44,27.9,48.9,12.5,01Jan2024-31Dec2024,As Expected,1,21,39.1,145.1,14.5,01Jan2021-31Dec2023,Not Available,199,14,,,,As Expected,1,48,25.2,53.7,8.9,01Jan2024-31Dec2024,Worse than Expected,1,22,2.01,3.39,1.23,01Jan2023-31Dec2024,As Expected,1,33,1.83,3.13,0.84,01Jan2021-31Dec2023,As Expected,1,27,0.73,2.65,0.09,01Jan2024-31Dec2024,As Expected,1,0.9,2.18,0.29,As Expected,1,65,60.7,82,38.3,01Jul2025-30Sep2025,1,8,280,63,590,,280,0,,,280,0,,,280,0,,,25,1,0,1,12,280,65,607,,280,66,568,,,,,,1,65,618,15,280,0,,
552512,17,FRESENIUS MEDICAL CARE - DIABLO BRENTWOOD,01Jan2021-31Dec2024,4,1,4510 OHARA AVENUE SUITE B,,BRENTWOOD,CA,94513,Contra Costa,(925) 513-7135,Profit,Yes,Fresenius Medical Care,No,25,Yes,No,No,10/28/03,01Oct2024-30Sep2025,01Oct2024-30Sep2025,01Jan2021-31Dec2024,As Expected,1,444,22.4,33.3,15.6,01Jan2024-31Dec2024,As Expected,1,111,161.1,246.5,112.5,01Jan2024-31Dec2024,As Expected,1,103,29.1,40.8,18.9,01Jan2024-31Dec2024,As Expected,1,44,16.6,72,5.5,01Jan2021-31Dec2023,As Expected,1,38,1.1,2.8,0.3,Better than Expected,1,101,34.7,53.7,19.7,01Jan2024-31Dec2024,Worse than Expected,1,57,2.31,3.48,1.7,01Jan2023-31Dec2024,As Expected,1,85,1.63,2.47,0.95,01Jan2021-31Dec2023,As Expected,1,74,0.52,1.33,0.14,01Jan2024-31Dec2024,Better than Expected,1,0,0.32,,As Expected,1,148,62.3,80.3,40.4,01Jul2025-30Sep2025,201,,1,126,1088,99,257,0,,,259,0,,,259,0,,,22,1,0,1,32,1,141,1211,1,1,146,1280,6,21,27,28,18,1,148,1283,13,259,0,,
552513,18,DaVita College Dialysis,01Jan2021-31Dec2024,3,1,6035 University Avenue,,San Diego,CA,92115,San Diego,(619) 287-8796,Profit,Yes,DaVita,No,20,Yes,Yes,No,10/31/03,01Oct2024-30Sep2025,01Oct2024-30Sep2025,01Jan2021-31Dec2024,As Expected,1,572,19.5,28.9,13.6,01Jan2024-31Dec2024,As Expected,1,148,144.1,203.5,107.7,01Jan2024-31Dec2024,As Expected,1,161,26.9,34.4,20.4,01Jan2024-31Dec2024,As Expected,1,55,25.2,66.9,12,01Jan2021-31Dec2023,As Expected,1,86,0.54,1.26,0.18,As Expected,1,152,14.4,28.2,6.7,01Jan2024-31Dec2024,As Expected,1,62,1.04,1.84,0.68,01Jan2023-31Dec2024,As Expected,1,132,0.65,1.18,0.29,01Jan2021-31Dec2023,As Expected,1,117,1.69,2.75,0.97,01Jan2024-31Dec2024,Better than Expected,1,0.29,0.79,0.07,As Expected,1,155,49.5,68.8,26.1,01Jul2025-30Sep2025,1,2,280,148,1255,,280,53,430,,280,0,,,280,0,,,15,1,3,1,40,280,196,1758,,280,205,1764,,,,,,1,155,1322,12,280,0,,
552514,17,SHC WB Fremont,01Jan2021-31Dec2024,5,1,"39510 PASEO PADRE PKWY, SUITE 100",,FREMONT,CA,94538,Alameda,(510) 953-7800,Non-profit,Yes,"US Renal Care, Inc.",Yes,4,Yes,Yes,Yes,10/29/03,01Oct2024-30Sep2025,01Oct2024-30Sep2025,01Jan2021-31Dec2024,As Expected,1,127,21,40.5,9.6,01Jan2024-31Dec2024,As Expected,1,35,87.9,229,38,01Jan2024-31Dec2024,As Expected,1,17,8,38,0.3,01Jan2024-31Dec2024,As Expected,1,20,8.5,160.3,0.9,01Jan2021-31Dec2023,Not Available,199,9,,,,Better than Expected,1,31,71.2,89.9,40.8,01Jan2024-31Dec2024,As Expected,1,25,0.74,2.17,0.27,01Jan2023-31Dec2024,As Expected,1,19,1.44,3.93,0.24,01Jan2021-31Dec2023,Not Available,201,0,,,,01Jan2024-31Dec2024,Not Available,201,,,,As Expected,1,11,29.7,69.6,0,01Jul2025-30Sep2025,199,,199,2,18,,1,27,256,86,259,0,,,259,0,,,29,1,0,1,14,1,37,363,0,1,38,378,4,20,24,29,22,1,11,116,53,259,0,,
552515,18,DaVita Carmel Mountain Dialysis,01Jan2021-31Dec2024,5,1,9850 Carmel Mountain Road,,San Diego,CA,92129,San Diego,(858) 538-1083,Profit,Yes,DaVita,Yes,16,Yes,Yes,No,10/31/03,01Oct2024-30Sep2025,01Oct2024-30Sep2025,01Jan2021-31Dec2024,As Expected,1,538,18.9,28,13.1,01Jan2024-31Dec2024,As Expected,1,122,127.3,194.5,89.1,01Jan2024-31Dec2024,As Expected,1,105,28.2,41.2,17.7,01Jan2024-31Dec2024,As Expected,1,59,27.9,67.5,14.3,01Jan2021-31Dec2023,As Expected,1,51,1.96,3.72,0.9,As Expected,1,94,28.9,47.4,15.5,01Jan2024-31Dec2024,As Expected,1,70,0.73,1.44,0.43,01Jan2023-31Dec2024,As Expected,1,121,0.82,1.56,0.33,01Jan2021-31Dec2023,As Expected,1,70,1.21,2.38,0.52,01Jan2024-31Dec2024,As Expected,1,0.51,1.23,0.16,As Expected,1,127,63.4,84,38.5,01Jul2025-30Sep2025,1,0,280,121,1136,,280,36,256,,280,0,,,280,0,,,20,1,0,1,51,280,154,1432,,280,159,1356,,,,,,1,127,1169,7,280,0,,
552516,18,FMCNA DIALYSIS SERVICES OF RANCHO,01Jan2021-31Dec2024,4,1,"11031 Via Frontera, Suite C",,San Diego,CA,92127,San Diego,(858) 385-0700,Profit,Yes,Fresenius Medical Care,No,16,Yes,No,No,10/31/03,01Oct2024-30Sep2025,01Oct2024-30Sep2025,01Jan2021-31Dec2024,As Expected,1,385,14.8,24.5,9.2,01Jan2024-31Dec2024,As Expected,1,92,170.5,268.9,116.1,01Jan2024-31Dec2024,As Expected,1,90,36.4,50.4,24,01Jan2024-31Dec2024,Worse than Expected,1,30,76.5,178.4,40.3,01Jan2021-31Dec2023,Not Available,199,21,,,,Better than Expected,1,55,40.9,66.3,19.6,01Jan2024-31Dec2024,As Expected,1,43,0.47,1.36,0.17,01Jan2023-31Dec2024,As Expected,1,84,1.11,2.04,0.48,01Jan2021-31Dec2023,As Expected,1,54,1.53,3.34,0.56,01Jan2024-31Dec2024,As Expected,1,0.31,1.01,0.05,As Expected,1,105,59,81.4,31.8,01Jul2025-30Sep2025,201,,1,104,925,99,257,0,,,259,0,,,259,0,,,19,1,0,1,32,1,104,938,0,1,106,965,12,27,27,22,12,1,105,946,11,259,0,,
552517,18,FMC-ARROYO DIALYSIS,01Jan2021-31Dec2024,4,1,"1111 S. Arroyo Parkway, Suite 150",,Pasadena,CA,91105,Los Angeles,(626) 441-9500,Profit,Yes,Fresenius Medical Care,No,24,Yes,Yes,No,10/22/03,01Oct2024-30Sep2025,01Oct2024-30Sep2025,01Jan2021-31Dec2024,As Expected,1,313,15,23.3,10,01Jan2024-31Dec2024,As Expected,1,83,104.7,185.2,64.7,01Jan2024-31Dec2024,As Expected,1,71,17.1,30.5,8.2,01Jan2024-31Dec2024,As Expected,1,31,20.1,87,6.6,01Jan2021-31Dec2023,As Expected,1,33,0.36,2.03,0.01,As Expected,1,83,13.6,33.7,4.6,01Jan2024-31Dec2024,As Expected,1,36,0.75,1.63,0.37,01Jan2023-31Dec2024,As Expected,1,61,1.3,2.37,0.58,01Jan2021-31Dec2023,As Expected,1,52,0.2,1.12,0.01,01Jan2024-31Dec2024,Better than Expected,1,0,0.34,,As Expected,1,112,70,87.2,49,01Jul2025-30Sep2025,201,,1,102,971,99,199,9,62,,259,0,,,259,0,,,4,1,0,1,23,1,114,1141,1,1,117,1190,6,22,31,26,15,1,112,1118,18,259,0,,
552518,18,DaVita Costa Mesa Dialysis,01Jan2021-31Dec2024,3,1,1590 Scenic Avenue,,Costa Mesa,CA,92626,Orange,(714) 540-9401,Profit,Yes,DaVita,Yes,25,Yes,Yes,No,12/12/03,01Oct2024-30Sep2025,01Oct2024-30Sep2025,01Jan2021-31Dec2024,As Expected,1,398,25.6,39.4,17.2,01Jan2024-31Dec2024,As Expected,1,97,159.7,242.7,110.3,01Jan2024-31Dec2024,As Expected,1,95,31.7,41.7,21.8,01Jan2024-31Dec2024,As Expected,1,39,26,96.3,9.6,01Jan2021-31Dec2023,As Expected,1,48,0.72,1.83,0.19,As Expected,1,111,27.4,46.5,14.1,01Jan2024-31Dec2024,As Expected,1,47,0.83,1.63,0.44,01Jan2023-31Dec2024,As Expected,1,95,1.03,1.75,0.5,01Jan2021-31Dec2023,As Expected,1,54,1.15,2.51,0.42,01Jan2024-31Dec2024,Better than Expected,1,0.27,0.9,0.05,As Expected,1,114,66.5,86,42.7,01Jul2025-30Sep2025,1,3,280,86,728,,280,24,191,,280,0,,,280,0,,,13,1,0,1,32,280,135,1141,,280,136,1132,,,,,,1,114,961,15,280,0,,
552519,17,DCI RANCHO DIALYSIS CLINIC,01Jan2021-31Dec2024,2,1,10294 ROCKINGHAM DRIVE,,SACRAMENTO,CA,95827,Sacramento,(916) 857-1819,Non-profit,Yes,"Dialysis Clinic, Inc.",No,16,Yes,No,No,12/24/03,01Oct2024-30Sep2025,01Oct2024-30Sep2025,01Jan2021-31Dec2024,As Expected,1,143,21.5,37.6,11.9,01Jan2024-31Dec2024,As Expected,1,32,100.7,193.6,56.8,01Jan2024-31Dec2024,As Expected,1,29,39.7,59,22.3,01Jan2024-31Dec2024,As Expected,1,18,0,40.9,0,01Jan2021-31Dec2023,Not Available,199,12,,,,As Expected,1,43,13,46.7,2.5,01Jan2024-31Dec2024,As Expected,1,25,0.69,1.63,0.31,01Jan2023-31Dec2024,As Expected,1,47,0.78,1.73,0.24,01Jan2021-31Dec2023,As Expected,1,20,0,1.64,0,01Jan2024-31Dec2024,Better than Expected,1,0,0.65,,As Expected,1,46,44.2,67.4,19.7,01Jul2025-30Sep2025,1,0,1,42,361,100,257,0,,,259,0,,,259,0,,,0,1,0,1,12,1,46,406,0,1,47,441,4,26,28,27,15,1,46,435,35,259,0,,
552520,18,DaVita Banning Dialysis,01Jan2021-31Dec2024,5,1,6090 W. Ramsey Street,,Banning,CA,92220,Riverside,(951) 845-4494,Profit,Yes,DaVita,No,18,Yes,Yes,No,1/14/04,01Oct2024-30Sep2025,01Oct2024-30Sep2025,01Jan2021-31Dec2024,As Expected,1,399,27,41.2,18.3,01Jan2024-31Dec2024,As Expected,1,95,144.7,236.2,95.7,01Jan2024-31Dec2024,As Expected,1,83,20.7,33.7,10.8,01Jan2024-31Dec2024,As Expected,1,34,28.4,105.2,10.5,01Jan2021-31Dec2023,As Expected,1,54,1.67,3.89,0.54,Better than Expected,1,117,33,51.5,18.6,01Jan2024-31Dec2024,As Expected,1,38,1.35,2.47,0.77,01Jan2023-31Dec2024,As Expected,1,57,1.59,2.75,0.77,01Jan2021-31Dec2023,As Expected,1,77,0.32,1.16,0.04,01Jan2024-31Dec2024,Better than Expected,1,0.35,0.94,0.09,As Expected,1,128,72,90.1,50,01Jul2025-30Sep2025,1,3,280,113,920,,280,24,205,,280,0,,,280,0,,,11,1,0,1,27,280,142,1233,,280,151,1283,,,,,,1,128,1050,17,280,0,,
552521,18,DaVita White Lane Dialysis,01Jan2021-31Dec2024,4,1,"7701 White Lane, Suite D",,Bakersfield,CA,93309,Kern,(661) 396-7158,Profit,Yes,DaVita,No,20,Yes,Yes,Yes,12/23/03,01Oct2024-30Sep2025,01Oct2024-30Sep2025,01Jan2021-31Dec2024,Worse than Expected,1,245,41.5,59.6,29,01Jan2024-31Dec2024,As Expected,1,64,146,253.6,90.5,01Jan2024-31Dec2024,As Expected,1,33,30.6,54.8,13.3,01Jan2024-31Dec2024,As Expected,1,33,49.8,140.4,22.7,01Jan2021-31Dec2023,As Expected,1,19,1.43,4.19,0.3,As Expected,1,55,19.8,47.7,6.2,01Jan2024-31Dec2024,As Expected,1,34,1.71,3.17,0.97,01Jan2023-31Dec2024,As Expected,1,54,1.03,2.19,0.35,01Jan2021-31Dec2023,As Expected,1,25,1.27,3.72,0.26,01Jan2024-31Dec2024,Better than Expected,1,0,0.73,,As Expected,1,69,69.1,85.8,51.4,01Jul2025-30Sep2025,1,0,280,62,557,,280,0,,,280,0,,,280,0,,,17,1,0,1,18,280,63,578,,280,71,593,,,,,,1,69,599,11,280,0,,
552522,17,RAI-CHADBOURNE-FAIRFIELD,01Jan2021-31Dec2024,4,1,490 CHADBOURNE ROAD STE D,,FAIRFIELD,CA,94534,Solano,(707) 434-9088,Profit,Yes,Fresenius Medical Care,No,21,Yes,No,No,3/10/04,01Oct2024-30Sep2025,01Oct2024-30Sep2025,01Jan2021-31Dec2024,As Expected,1,349,20.5,33.5,13,01Jan2024-31Dec2024,As Expected,1,90,81.2,156.7,46.6,01Jan2024-31Dec2024,As Expected,1,45,15.1,31.7,5.3,01Jan2024-31Dec2024,As Expected,1,23,41.7,154.5,15.4,01Jan2021-31Dec2023,As Expected,1,32,1.35,3.47,0.37,As Expected,1,82,25.9,48.8,11.4,01Jan2024-31Dec2024,As Expected,1,27,0.95,2.36,0.41,01Jan2023-31Dec2024,As Expected,1,31,1.46,3.33,0.44,01Jan2021-31Dec2023,As Expected,1,53,0.79,2.03,0.22,01Jan2024-31Dec2024,Better than Expected,1,0,0.36,,As Expected,1,125,54.8,77.4,27.2,01Jul2025-30Sep2025,201,,1,114,1018,100,257,0,,,259,0,,,259,0,,,6,1,0,1,18,1,117,1061,1,1,126,1115,5,21,31,32,10,1,125,1101,16,259,0,,
552523,17,DaVita Stockton Home Training Dialysis,01Jan2021-31Dec2024,5,1,5608 NORTH PERSHING AVE,,STOCKTON,CA,95207,San Joaquin,(209) 954-9563,Profit,Yes,DaVita,No,0,No,Yes,No,7/14/04,01Oct2024-30Sep2025,01Oct2024-30Sep2025,01Jan2021-31Dec2024,As Expected,1,169,23.2,41.7,12.4,01Jan2024-31Dec2024,As Expected,1,41,141.6,264.2,82,01Jan2024-31Dec2024,As Expected,1,22,25.5,51.3,8.5,01Jan2024-31Dec2024,As Expected,1,23,0,43,0,01Jan2021-31Dec2023,Better than Expected,1,23,4.93,8.81,2.46,Better than Expected,1,47,46.7,71.2,23.8,01Jan2024-31Dec2024,As Expected,1,24,0.8,1.9,0.35,01Jan2023-31Dec2024,As Expected,1,29,1.32,3.07,0.36,01Jan2021-31Dec2023,Not Available,201,0,,,,01Jan2024-31Dec2024,Not Available,201,,,,Not Available,256,0,,,,01Jul2025-30Sep2025,1,0,280,0,,,280,54,502,,280,0,,,280,0,,,27,1,0,1,15,280,54,502,,280,59,511,,,,,,256,0,,,280,0,,
552524,17,SHC WB Modesto,01Jan2021-31Dec2024,5,1,1315 TENTH STREET #100,,MODESTO,CA,95354,Stanislaus,(209) 238-4080,Non-profit,Yes,"US Renal Care, Inc.",Yes,7,Yes,Yes,Yes,7/13/04,01Oct2024-30Sep2025,01Oct2024-30Sep2025,01Jan2021-31Dec2024,As Expected,1,214,25.5,41.5,15.4,01Jan2024-31Dec2024,As Expected,1,68,102.9,185.9,60.9,01Jan2024-31Dec2024,As Expected,1,43,17.4,35,6.7,01Jan2024-31Dec2024,As Expected,1,39,17.4,75.2,5.7,01Jan2021-31Dec2023,Not Available,199,12,,,,Better than Expected,1,72,54.1,73.8,33,01Jan2024-31Dec2024,As Expected,1,45,0.85,1.85,0.47,01Jan2023-31Dec2024,As Expected,1,55,0.76,1.79,0.21,01Jan2021-31Dec2023,Not Available,201,0,,,,01Jan2024-31Dec2024,Not Available,201,,,,As Expected,1,22,77.4,100,44.6,01Jul2025-30Sep2025,199,,199,9,77,,1,59,540,95,259,0,,,259,0,,,19,1,0,1,26,1,81,727,0,1,84,726,4,22,24,28,21,1,22,187,0,259,0,,
552525,18,FRESENIUS MEDICAL CARE OF SAN FERNANDO,01Jan2021-31Dec2024,4,1,"451 S. Brand Blvd., Suite 100",,San Fernando,CA,91340,Los Angeles,(818) 837-9980,Profit,Yes,Fresenius Medical Care,Yes,25,Yes,No,No,4/28/04,01Oct2024-30Sep2025,01Oct2024-30Sep2025,01Jan2021-31Dec2024,As Expected,1,571,17.6,27.1,11.9,01Jan2024-31Dec2024,As Expected,1,129,95.5,155.1,63.4,01Jan2024-31Dec2024,As Expected,1,74,32.8,49.1,19.7,01Jan2024-31Dec2024,Not Available,199,17,,,,01Jan2021-31Dec2023,As Expected,1,51,0.78,1.99,0.21,As Expected,1,122,18.9,34.8,9.2,01Jan2024-31Dec2024,As Expected,1,19,0.58,2.09,0.16,01Jan2023-31Dec2024,As Expected,1,13,0.81,3.69,0.03,01Jan2021-31Dec2023,Worse than Expected,1,70,0.25,0.9,0.03,01Jan2024-31Dec2024,Better than Expected,1,0.11,0.54,0.01,As Expected,1,162,70.8,86.9,51.1,01Jul2025-30Sep2025,201,,1,141,1320,97,257,0,,,259,0,,,259,0,,,,199,,199,7,1,157,1520,1,1,163,1516,10,24,28,26,12,1,162,1548,12,259,0,,
552526,18,USRC Grand Avenue Dialysis,01Jan2021-31Dec2024,4,1,"1400 S. Grand Avenue, Suite 105",,Los Angeles,CA,90015,Los Angeles,(213) 867-1111,Profit,Yes,"US Renal Care, Inc.",No,20,Yes,Yes,No,5/10/04,01Oct2024-30Sep2025,01Oct2024-30Sep2025,01Jan2021-31Dec2024,As Expected,1,304,14.8,25.1,9,01Jan2024-31Dec2024,As Expected,1,76,181.8,269.9,128.1,01Jan2024-31Dec2024,Worse than Expected,1,92,44.9,58.3,32.8,01Jan2024-31Dec2024,As Expected,1,41,13.7,59.2,4.5,01Jan2021-31Dec2023,As Expected,1,66,0.42,1.51,0.05,As Expected,1,117,15.3,30.3,7,01Jan2024-31Dec2024,As Expected,1,47,0.65,1.56,0.33,01Jan2023-31Dec2024,As Expected,1,83,1.35,2.26,0.68,01Jan2021-31Dec2023,As Expected,1,78,0.4,1.17,0.08,01Jan2024-31Dec2024,Better than Expected,1,0,0.42,,Better than Expected,1,135,78.3,92.5,61,01Jul2025-30Sep2025,1,0,1,129,1288,100,201,0,,,259,0,,,259,0,,,9,1,0,1,44,1,129,1293,1,1,135,1345,7,23,28,28,13,1,135,1350,8,259,0,,
552527,18,RAI-HARBOR BLVD - GARDEN GROVE,01Jan2021-31Dec2024,3,1,"12761 Harbor Blvd., Suite I-3",,Garden Grove,CA,92840,Orange,(714) 539-3122,Profit,Yes,Fresenius Medical Care,Yes,26,Yes,Yes,Yes,4/23/04,01Oct2024-30Sep2025,01Oct2024-30Sep2025,01Jan2021-31Dec2024,As Expected,1,480,16.6,26.4,10.7,01Jan2024-31Dec2024,As Expected,1,119,123.7,194.2,84.5,01Jan2024-31Dec2024,As Expected,1,84,24.2,38,13.8,01Jan2024-31Dec2024,As Expected,1,42,16,59.3,5.9,01Jan2021-31Dec2023,Worse than Expected,1,45,0,0.72,0,As Expected,1,128,18.4,33.4,9.2,01Jan2024-31Dec2024,As Expected,1,45,1.06,2.09,0.64,01Jan2023-31Dec2024,As Expected,1,68,1.17,2.15,0.49,01Jan2021-31Dec2023,As Expected,1,76,0.79,1.73,0.29,01Jan2024-31Dec2024,As Expected,1,0.9,1.65,0.44,As Expected,1,154,67.5,82.8,48.9,01Jul2025-30Sep2025,201,,1,133,1208,99,1,21,158,99,259,0,,,259,0,,,3,1,0,1,34,1,163,1502,1,1,174,1550,10,21,25,25,19,1,154,1375,14,259,0,,
552529,17,DaVita Elk Grove Dialysis,01Jan2021-31Dec2024,3,1,9281 OFFICE PARK CIRCLE #105,,ELK GROVE,CA,95758,Sacramento,(916) 691-0480,Profit,Yes,DaVita,No,21,Yes,No,No,7/30/04,01Oct2024-30Sep2025,01Oct2024-30Sep2025,01Jan2021-31Dec2024,As Expected,1,382,22.6,35.5,14.8,01Jan2024-31Dec2024,As Expected,1,101,119.3,195.3,78.7,01Jan2024-31Dec2024,As Expected,1,91,26.3,39.1,16.4,01Jan2024-31Dec2024,As Expected,1,54,36.4,82.1,19.7,01Jan2021-31Dec2023,As Expected,1,38,0.66,2.39,0.08,As Expected,1,89,20.1,42.6,7.9,01Jan2024-31Dec2024,As Expected,1,71,1.36,2.21,0.94,01Jan2023-31Dec2024,As Expected,1,108,1.62,2.61,0.87,01Jan2021-31Dec2023,As Expected,1,63,0.94,2.2,0.31,01Jan2024-31Dec2024,Better than Expected,1,0.35,0.96,0.09,As Expected,1,131,60.9,79.2,38.5,01Jul2025-30Sep2025,1,3,280,121,1075,,280,0,,,280,0,,,280,0,,,12,1,2,1,50,280,125,1108,,280,133,1112,,,,,,1,131,1140,15,280,0,,
552530,17,DaVita South Chico Dialysis Center,01Jan2021-31Dec2024,3,1,2345 FOREST AVENUE,,CHICO,CA,95928,Butte,(530) 894-2180,Profit,Yes,DaVita,No,18,Yes,No,No,8/11/04,01Oct2024-30Sep2025,01Oct2024-30Sep2025,01Jan2021-31Dec2024,As Expected,1,194,24.7,38.5,15.7,01Jan2024-31Dec2024,As Expected,1,51,147.6,243.5,95.7,01Jan2024-31Dec2024,As Expected,1,60,27,41.9,14.7,01Jan2024-31Dec2024,As Expected,1,32,15.6,84.8,4.3,01Jan2021-31Dec2023,As Expected,1,29,0.28,1.56,0.01,As Expected,1,53,15.6,40.9,4.7,01Jan2024-31Dec2024,As Expected,1,37,0.81,1.71,0.41,01Jan2023-31Dec2024,As Expected,1,67,1.09,2.08,0.42,01Jan2021-31Dec2023,As Expected,1,42,0.72,2.11,0.15,01Jan2024-31Dec2024,As Expected,1,0.26,1.26,0.01,As Expected,1,74,67.5,88.2,47,01Jul2025-30Sep2025,1,0,280,66,552,,280,0,,,280,0,,,280,0,,,3,1,3,1,32,280,68,561,,280,73,555,,,,,,1,74,599,17,280,0,,
552532,18,FRESENIUS MEDICAL CARE OF SOUTH BAY,01Jan2021-31Dec2024,4,1,1221  Pacific Coast Highway,,Harbor City,CA,90710,Los Angeles,(310) 539-1221,Profit,Yes,Fresenius Medical Care,No,25,Yes,No,No,9/15/04,01Oct2024-30Sep2025,01Oct2024-30Sep2025,01Jan2021-31Dec2024,As Expected,1,534,16.5,25.9,10.9,01Jan2024-31Dec2024,As Expected,1,132,117.6,182.3,81.2,01Jan2024-31Dec2024,As Expected,1,94,30.8,47.7,18,01Jan2024-31Dec2024,As Expected,1,22,33.4,144.5,11,01Jan2021-31Dec2023,As Expected,1,53,0.48,1.72,0.06,As Expected,1,114,17.6,37.3,7.2,01Jan2024-31Dec2024,As Expected,1,26,1.56,3.04,0.84,01Jan2023-31Dec2024,As Expected,1,43,1.51,3.13,0.53,01Jan2021-31Dec2023,As Expected,1,74,0.45,1.31,0.09,01Jan2024-31Dec2024,As Expected,1,0.64,1.32,0.26,As Expected,1,160,62.4,79.8,41.3,01Jul2025-30Sep2025,201,,1,151,1425,99,257,0,,,259,0,,,259,0,,,6,1,0,1,17,1,153,1462,1,1,161,1500,10,23,25,25,16,1,160,1493,9,259,0,,
552533,17,DaVita Marysville Dialysis Center,01Jan2021-31Dec2024,3,1,1015 8TH STREET,,MARYSVILLE,CA,95901,Yuba,(530) 741-9801,Profit,Yes,DaVita,Yes,15,Yes,Yes,Yes,11/12/04,01Oct2024-30Sep2025,01Oct2024-30Sep2025,01Jan2021-31Dec2024,As Expected,1,357,19.7,32,12.5,01Jan2024-31Dec2024,As Expected,1,96,134.7,209.6,92.7,01Jan2024-31Dec2024,As Expected,1,97,30.7,42.2,20.4,01Jan2024-31Dec2024,As Expected,1,71,23.5,54.8,12.4,01Jan2021-31Dec2023,As Expected,1,30,0.34,1.89,0.01,As Expected,1,106,22.6,41,11,01Jan2024-31Dec2024,As Expected,1,80,1.11,1.82,0.77,01Jan2023-31Dec2024,As Expected,1,153,1.16,1.78,0.67,01Jan2021-31Dec2023,As Expected,1,39,0.53,1.93,0.06,01Jan2024-31Dec2024,Better than Expected,1,0.13,0.64,0.01,As Expected,1,104,64.7,87.1,37.6,01Jul2025-30Sep2025,1,0,280,96,842,,280,26,200,,280,0,,,280,0,,,16,1,2,1,56,280,125,1121,,280,128,1155,,,,,,1,104,950,14,280,0,,
552535,17,DaVita Concord Dialysis Center,01Jan2021-31Dec2024,4,1,1225 Willow Pass RD,,Concord,CA,94520,Contra Costa,(925) 633-7011,Profit,Yes,DaVita,Yes,36,Yes,Yes,Yes,11/14/04,01Oct2024-30Sep2025,01Oct2024-30Sep2025,01Jan2021-31Dec2024,As Expected,1,317,18.2,27.3,12.5,01Jan2024-31Dec2024,As Expected,1,85,136.6,213.4,92,01Jan2024-31Dec2024,As Expected,1,84,25,36.8,15.3,01Jan2024-31Dec2024,As Expected,1,31,11.6,92.5,2.4,01Jan2021-31Dec2023,As Expected,1,39,1.08,3.16,0.22,As Expected,1,77,29,51.2,13.7,01Jan2024-31Dec2024,As Expected,1,34,1.13,2.19,0.61,01Jan2023-31Dec2024,As Expected,1,66,0.6,1.25,0.22,01Jan2021-31Dec2023,As Expected,1,66,0.69,1.76,0.19,01Jan2024-31Dec2024,Better than Expected,1,0.26,0.87,0.04,As Expected,1,104,68.8,88.2,45.2,01Jul2025-30Sep2025,1,0,280,95,823,,280,1,2,,280,0,,,280,0,,,4,1,4,1,28,280,106,923,,280,108,892,,,,,,1,104,915,12,280,0,,
552536,17,SHC Central Modesto,01Jan2021-31Dec2024,3,1,"1315 10TH STREET, SUITE 300",,MODESTO,CA,95354,Stanislaus,(209) 238-4087,Non-profit,Yes,"US Renal Care, Inc.",No,25,Yes,No,No,12/17/04,01Oct2024-30Sep2025,01Oct2024-30Sep2025,01Jan2021-31Dec2024,As Expected,1,418,18.2,29.9,11.4,01Jan2024-31Dec2024,As Expected,1,94,136,208.9,94.7,01Jan2024-31Dec2024,As Expected,1,97,28.5,39.5,18.3,01Jan2024-31Dec2024,As Expected,1,61,11.2,41.7,4.2,01Jan2021-31Dec2023,As Expected,1,56,0.73,1.87,0.2,As Expected,1,119,26.1,42.7,14.3,01Jan2024-31Dec2024,As Expected,1,67,1.09,1.86,0.74,01Jan2023-31Dec2024,As Expected,1,98,1.07,1.82,0.54,01Jan2021-31Dec2023,As Expected,1,76,0.5,1.29,0.14,01Jan2024-31Dec2024,Better than Expected,1,0.4,0.97,0.13,As Expected,1,129,71.7,87.1,52.8,01Jul2025-30Sep2025,1,0,1,120,1110,93,257,0,,,259,0,,,259,0,,,20,1,0,1,51,1,128,1182,1,1,131,1210,6,20,24,28,22,1,129,1202,14,259,0,,
552537,17,DCI REDDING,01Jan2021-31Dec2024,2,1,180 NORTHPOINT DRIVE,,REDDING,CA,96003,Shasta,(530) 246-1140,Non-profit,Yes,"Dialysis Clinic, Inc.",No,24,Yes,Yes,Yes,1/5/05,01Oct2024-30Sep2025,01Oct2024-30Sep2025,01Jan2021-31Dec2024,As Expected,1,398,26.9,39.5,19,01Jan2024-31Dec2024,As Expected,1,89,125.4,203,83.5,01Jan2024-31Dec2024,As Expected,1,93,18.5,29.5,10.7,01Jan2024-31Dec2024,As Expected,1,63,39.4,81.9,22.6,01Jan2021-31Dec2023,As Expected,1,61,1.02,2.1,0.41,As Expected,1,95,24.4,44.3,11.6,01Jan2024-31Dec2024,As Expected,1,77,1.03,1.71,0.71,01Jan2023-31Dec2024,As Expected,1,136,1.28,1.96,0.76,01Jan2021-31Dec2023,As Expected,1,77,0.75,1.62,0.27,01Jan2024-31Dec2024,Better than Expected,1,0.3,0.81,0.08,As Expected,1,111,51.3,72.2,26,01Jul2025-30Sep2025,1,0,1,89,764,92,1,16,103,66,259,0,,,259,0,,,14,1,0,1,59,1,116,1038,1,1,124,1096,7,23,23,26,19,1,111,956,32,259,0,,
552538,18,Mohan Dialysis Center of Glendora,01Jan2021-31Dec2024,3,1,638 S. Glendora Avenue,,Glendora,CA,91740,Los Angeles,(626) 914-5553,Profit,No,Independent,No,21,Yes,Yes,No,10/25/04,01Oct2024-30Sep2025,01Oct2024-30Sep2025,01Jan2021-31Dec2024,As Expected,1,379,16.4,27,10.2,01Jan2024-31Dec2024,As Expected,1,97,129.4,210.2,86,01Jan2024-31Dec2024,As Expected,1,76,24.2,38.5,13,01Jan2024-31Dec2024,As Expected,1,31,24.5,81.1,9.9,01Jan2021-31Dec2023,As Expected,1,55,1.02,2.6,0.28,As Expected,1,73,20.5,44.6,7.6,01Jan2024-31Dec2024,As Expected,1,38,0.71,1.66,0.37,01Jan2023-31Dec2024,As Expected,1,55,1.07,2.29,0.34,01Jan2021-31Dec2023,As Expected,1,84,0.3,1.08,0.04,01Jan2024-31Dec2024,Better than Expected,1,0.27,0.74,0.07,As Expected,1,116,63.2,81.8,40.7,01Jul2025-30Sep2025,1,0,1,110,971,97,201,0,,,259,0,,,259,0,,,18,1,3,1,33,1,112,991,3,1,118,1020,8,30,29,20,13,1,116,1010,26,259,0,,
552540,17,RAI - SECRET RAVINE PARKWAY - ROSEVILLE,01Jan2021-31Dec2024,5,1,1451 SECRET RAVINE PARKWAY SUITE 130,,ROSEVILLE,CA,95661,Placer,(916) 773-4000,Profit,Yes,Fresenius Medical Care,No,20,Yes,Yes,Yes,2/14/05,01Oct2024-30Sep2025,01Oct2024-30Sep2025,01Jan2021-31Dec2024,As Expected,1,358,17,25.3,11.9,01Jan2024-31Dec2024,As Expected,1,94,112.4,192.6,71.4,01Jan2024-31Dec2024,As Expected,1,61,24.9,39.3,13.5,01Jan2024-31Dec2024,As Expected,1,31,5,93.9,0.5,01Jan2021-31Dec2023,As Expected,1,35,1.72,4.41,0.47,As Expected,1,74,30.4,51.5,15.2,01Jan2024-31Dec2024,As Expected,1,44,1.12,2.28,0.66,01Jan2023-31Dec2024,As Expected,1,66,1.53,2.63,0.72,01Jan2021-31Dec2023,As Expected,1,51,0.87,2.24,0.24,01Jan2024-31Dec2024,As Expected,1,0.76,1.57,0.31,As Expected,1,109,54,75.8,27.4,01Jul2025-30Sep2025,201,,1,87,785,100,201,0,,,259,0,,,259,0,,,9,1,0,1,32,1,107,994,1,1,109,1023,7,24,26,22,21,1,109,1008,23,259,0,,
552541,18,DaVita Citrus Valley Dialysis,01Jan2021-31Dec2024,3,1,894 Hardt Street,,San Bernardino,CA,92408,San Bernardino,(909) 388-6608,Profit,Yes,DaVita,No,20,Yes,No,No,3/31/05,01Oct2024-30Sep2025,01Oct2024-30Sep2025,01Jan2021-31Dec2024,As Expected,1,410,18.3,29.4,11.8,01Jan2024-31Dec2024,As Expected,1,100,131,209.5,88.2,01Jan2024-31Dec2024,As Expected,1,87,21.5,33.8,12.1,01Jan2024-31Dec2024,As Expected,1,37,21.1,78.2,7.8,01Jan2021-31Dec2023,As Expected,1,61,1.16,2.52,0.42,As Expected,1,109,19.1,36.8,8.8,01Jan2024-31Dec2024,As Expected,1,44,1.44,2.76,0.89,01Jan2023-31Dec2024,As Expected,1,64,1.37,2.3,0.65,01Jan2021-31Dec2023,As Expected,1,79,1.08,2.12,0.46,01Jan2024-31Dec2024,As Expected,1,0.99,1.72,0.52,As Expected,1,137,60.3,79.7,36.6,01Jul2025-30Sep2025,1,7,280,120,1106,,280,0,,,280,0,,,280,0,,,12,1,4,1,25,280,127,1160,,280,136,1115,,,,,,1,137,1200,20,280,0,,
552542,17,RAI - ELK GROVE BLVD - ELK GROVE,01Jan2021-31Dec2024,5,1,8139 ELK GROVE BOULEVARD SUITE 200,,ELK GROVE,CA,95758,Sacramento,(916) 478-3520,Profit,Yes,Fresenius Medical Care,No,24,Yes,Yes,No,1/28/05,01Oct2024-30Sep2025,01Oct2024-30Sep2025,01Jan2021-31Dec2024,As Expected,1,587,17.2,25.7,12,01Jan2024-31Dec2024,As Expected,1,147,98.6,155.9,67,01Jan2024-31Dec2024,As Expected,1,95,17.9,30.8,9.2,01Jan2024-31Dec2024,As Expected,1,26,6.3,118.5,0.7,01Jan2021-31Dec2023,As Expected,1,54,1.85,3.65,0.8,Better than Expected,1,120,32,50,18.2,01Jan2024-31Dec2024,As Expected,1,29,1.04,2.41,0.48,01Jan2023-31Dec2024,As Expected,1,30,1.71,3.89,0.47,01Jan2021-31Dec2023,As Expected,1,92,0.45,1.16,0.12,01Jan2024-31Dec2024,As Expected,1,1.19,1.9,0.71,As Expected,1,195,73.1,86.7,56.6,01Jul2025-30Sep2025,201,,1,177,1598,99,201,0,,,259,0,,,259,0,,,6,1,0,1,16,1,178,1636,1,1,195,1702,8,23,28,27,14,1,195,1701,14,259,0,,
552543,18,Home Dialysis Therapies of San Diego-North,01Jan2021-31Dec2024,,260,"10672 Wexford Street, Suite 250",,San Diego,CA,92131,San Diego,(858) 549-3400,Profit,No,Independent,No,5,No,Yes,Yes,5/9/05,01Oct2024-30Sep2025,01Oct2024-30Sep2025,01Jan2021-31Dec2024,As Expected,1,347,29.5,42.7,21.2,01Jan2024-31Dec2024,As Expected,1,73,174.8,273.7,117.5,01Jan2024-31Dec2024,As Expected,1,69,28.9,45.1,16.5,01Jan2024-31Dec2024,As Expected,1,36,40.2,121.6,17.3,01Jan2021-31Dec2023,As Expected,1,34,2.19,4.51,0.88,Better than Expected,1,84,45.9,66.1,27,01Jan2024-31Dec2024,As Expected,1,50,0.37,1.09,0.17,01Jan2023-31Dec2024,As Expected,1,92,0.6,1.39,0.18,01Jan2021-31Dec2023,Not Available,201,0,,,,01Jan2024-31Dec2024,Not Available,201,,,,Not Available,199,8,,,,01Jul2025-30Sep2025,201,,199,2,6,,1,91,780,95,201,0,,,201,0,,,24,1,0,1,17,1,98,836,1,1,104,859,4,19,28,30,18,199,8,57,,201,0,,
552544,18,DaVita Crossroads Dialysis Center,01Jan2021-31Dec2024,4,1,3214 Yorba Linda Blvd.,,Fullerton,CA,92831,Orange,(714) 577-6940,Profit,Yes,DaVita,Yes,24,Yes,Yes,No,7/29/05,01Oct2024-30Sep2025,01Oct2024-30Sep2025,01Jan2021-31Dec2024,As Expected,1,535,20,28.9,14.4,01Jan2024-31Dec2024,Better than Expected,1,117,87.1,145.7,56.4,01Jan2024-31Dec2024,As Expected,1,64,21.4,36.7,10.8,01Jan2024-31Dec2024,As Expected,1,35,4,74.1,0.4,01Jan2021-31Dec2023,As Expected,1,50,0.23,1.27,0.01,As Expected,1,90,22.8,42.3,10.6,01Jan2024-31Dec2024,As Expected,1,38,0.64,1.67,0.31,01Jan2023-31Dec2024,As Expected,1,51,1.01,2.26,0.34,01Jan2021-31Dec2023,As Expected,1,80,1.46,2.69,0.7,01Jan2024-31Dec2024,As Expected,1,0.91,1.73,0.42,As Expected,1,129,63.8,82.5,41.1,01Jul2025-30Sep2025,1,2,280,109,1031,,280,17,144,,280,0,,,280,0,,,7,1,0,1,30,280,141,1330,,280,146,1284,,,,,,1,129,1212,12,280,0,,
552545,18,DaVita Anaheim Hills Dialysis,01Jan2021-31Dec2024,5,1,4201 E. La Palma Avenue,,Anaheim,CA,92807,Orange,(714) 996-2900,Profit,Yes,DaVita,No,21,Yes,No,No,7/15/05,01Oct2024-30Sep2025,01Oct2024-30Sep2025,01Jan2021-31Dec2024,As Expected,1,286,19.8,31.2,13,01Jan2024-31Dec2024,As Expected,1,69,79.5,164.7,41.7,01Jan2024-31Dec2024,As Expected,1,27,19.5,44.7,5.3,01Jan2024-31Dec2024,As Expected,1,20,8.4,157.4,0.9,01Jan2021-31Dec2023,As Expected,1,36,1.7,3.97,0.55,As Expected,1,53,20.3,53,5.4,01Jan2024-31Dec2024,As Expected,1,21,0.78,2.03,0.32,01Jan2023-31Dec2024,As Expected,1,14,1.44,3.55,0.26,01Jan2021-31Dec2023,As Expected,1,62,1.3,2.68,0.52,01Jan2024-31Dec2024,As Expected,1,0.47,1.55,0.08,As Expected,1,82,66.5,88.6,44.7,01Jul2025-30Sep2025,1,0,280,65,548,,280,0,,,280,0,,,280,0,,,7,1,0,1,14,280,77,673,,280,82,702,,,,,,1,82,703,8,280,0,,
552546,18,Home Dialysis Therapies of San Diego-South,01Jan2021-31Dec2024,,260,"2060 Otay Lakes Road, Suite 120",,CHULA VISTA,CA,91913,San Diego,(619) 422-0003,Profit,No,Independent,No,4,No,Yes,Yes,7/13/05,01Oct2024-30Sep2025,01Oct2024-30Sep2025,01Jan2021-31Dec2024,As Expected,1,222,16.9,31.5,8.7,01Jan2024-31Dec2024,As Expected,1,57,150.7,249.8,97.3,01Jan2024-31Dec2024,As Expected,1,46,17.9,36.5,6.4,01Jan2024-31Dec2024,As Expected,1,23,29.6,160.7,8.2,01Jan2021-31Dec2023,As Expected,1,28,1.44,3.37,0.47,Better than Expected,1,57,41.8,65.9,21.1,01Jan2024-31Dec2024,As Expected,1,25,0.78,1.96,0.33,01Jan2023-31Dec2024,As Expected,1,60,0.58,1.5,0.15,01Jan2021-31Dec2023,Not Available,201,0,,,,01Jan2024-31Dec2024,Not Available,201,,,,Not Available,199,7,,,,01Jul2025-30Sep2025,201,,201,0,,,1,61,539,96,201,0,,,201,0,,,,199,,199,9,1,68,607,1,1,74,618,4,23,25,28,20,199,7,68,,201,0,,
552547,18,Canyon Country Dialysis Center,01Jan2021-31Dec2024,3,1,"18520 Via Princessa, Building C-1",,Canyon Country,CA,91387,Los Angeles,(661) 298-5300,Profit,Yes,Other,Yes,31,Yes,No,No,9/14/05,01Oct2024-30Sep2025,01Oct2024-30Sep2025,01Jan2021-31Dec2024,As Expected,1,374,19.2,30.8,12.3,01Jan2024-31Dec2024,As Expected,1,95,139.4,217.9,95.6,01Jan2024-31Dec2024,As Expected,1,94,29.8,42.8,18.6,01Jan2024-31Dec2024,As Expected,1,41,46.9,109.2,24.7,01Jan2021-31Dec2023,As Expected,1,53,0.41,1.48,0.05,As Expected,1,113,20.4,38,9.7,01Jan2024-31Dec2024,As Expected,1,48,1.04,1.94,0.65,01Jan2023-31Dec2024,As Expected,1,88,1.42,2.35,0.75,01Jan2021-31Dec2023,As Expected,1,74,0.28,1.02,0.03,01Jan2024-31Dec2024,As Expected,1,0.62,1.23,0.27,As Expected,1,150,71.2,85.5,53.9,01Jul2025-30Sep2025,1,32,1,144,1338,98,257,0,,,259,0,,,259,0,,,4,1,0,1,48,1,148,1376,0,1,153,1442,4,33,36,19,7,1,150,1419,18,259,0,,
552549,17,DaVita University Dialysis Center,01Jan2021-31Dec2024,3,1,333 University Avenue,Suite 100,SACRAMENTO,CA,95825,Sacramento,(916) 920-0877,Profit,Yes,DaVita,Yes,21,Yes,No,No,2/22/06,01Oct2024-30Sep2025,01Oct2024-30Sep2025,01Jan2021-31Dec2024,As Expected,1,480,22.8,33.9,16,01Jan2024-31Dec2024,As Expected,1,109,147.6,225.9,103.1,01Jan2024-31Dec2024,As Expected,1,121,26.7,37.3,18.6,01Jan2024-31Dec2024,As Expected,1,39,14.6,63.4,4.8,01Jan2021-31Dec2023,As Expected,1,45,0.27,1.48,0.01,As Expected,1,99,18.9,37.9,8.1,01Jan2024-31Dec2024,Worse than Expected,1,45,1.85,3.12,1.24,01Jan2023-31Dec2024,As Expected,1,73,0.82,1.81,0.26,01Jan2021-31Dec2023,Worse than Expected,1,83,0.27,0.98,0.03,01Jan2024-31Dec2024,As Expected,1,0.54,1.2,0.2,As Expected,1,132,65.3,83.9,42.6,01Jul2025-30Sep2025,1,3,280,125,1153,,280,0,,,280,0,,,280,0,,,9,1,0,1,22,280,129,1171,,280,132,1132,,,,,,1,132,1229,17,280,0,,
552550,17,SHC WB Santa Rosa,01Jan2021-31Dec2024,4,1,2301 CIRCADIAN WAY SUITE B,,SANTA ROSA,CA,95407,Sonoma,(707) 541-3410,Non-profit,Yes,"US Renal Care, Inc.",No,0,No,Yes,Yes,2/24/06,01Oct2024-30Sep2025,01Oct2024-30Sep2025,01Jan2021-31Dec2024,As Expected,1,353,23.1,34,16.3,01Jan2024-31Dec2024,As Expected,1,80,128.4,228,77.2,01Jan2024-31Dec2024,As Expected,1,42,26.4,45.5,11.9,01Jan2024-31Dec2024,As Expected,1,40,10.2,81.3,2.1,01Jan2021-31Dec2023,Not Available,199,20,,,,Better than Expected,1,67,47,68.3,26.6,01Jan2024-31Dec2024,As Expected,1,48,0.9,2.17,0.46,01Jan2023-31Dec2024,As Expected,1,54,0.97,2.25,0.26,01Jan2021-31Dec2023,Not Available,201,0,,,,01Jan2024-31Dec2024,Not Available,201,,,,As Expected,1,14,51.7,87.8,13.9,01Jul2025-30Sep2025,199,,199,1,10,,1,71,597,97,259,0,,,259,0,,,5,1,0,1,22,1,85,729,0,1,88,767,5,27,33,23,12,1,14,123,17,259,0,,
552551,18,DaVita Dialysis Center of Camarillo,01Jan2021-31Dec2024,2,1,"2438 N. Ponderosa Drive, Suite C-101",,Camarillo,CA,93010,Ventura,(805) 764-0171,Profit,Yes,DaVita,No,18,Yes,Yes,No,5/17/06,01Oct2024-30Sep2025,01Oct2024-30Sep2025,01Jan2021-31Dec2024,As Expected,1,206,29.5,43.4,20,01Jan2024-31Dec2024,As Expected,1,47,155.1,251.6,102.1,01Jan2024-31Dec2024,As Expected,1,60,37.8,52.3,25.2,01Jan2024-31Dec2024,As Expected,1,17,37.9,164.2,12.5,01Jan2021-31Dec2023,Not Available,199,23,,,,As Expected,1,36,20.1,52.8,5.3,01Jan2024-31Dec2024,As Expected,1,29,1.06,2.19,0.54,01Jan2023-31Dec2024,As Expected,1,76,1.23,2.02,0.65,01Jan2021-31Dec2023,As Expected,1,38,0.56,2.03,0.07,01Jan2024-31Dec2024,As Expected,1,0.42,1.39,0.07,As Expected,1,46,55.4,81.9,27.4,01Jul2025-30Sep2025,1,2,280,45,321,,280,14,117,,280,0,,,280,0,,,15,1,0,1,13,280,58,464,,280,59,473,,,,,,1,46,354,25,280,0,,
552552,18,"San Dimas Dialysis Center, Inc.",01Jan2021-31Dec2024,3,1,"1335 Cypress Street, Suite 102",,San Dimas,CA,91773,Los Angeles,(909) 542-2800,Profit,No,Independent,No,32,Yes,Yes,Yes,5/12/06,01Oct2024-30Sep2025,01Oct2024-30Sep2025,01Jan2021-31Dec2024,As Expected,1,394,22.4,35.9,14.4,01Jan2024-31Dec2024,As Expected,1,103,129.5,210.3,86,01Jan2024-31Dec2024,As Expected,1,93,29.7,43.3,18.4,01Jan2024-31Dec2024,As Expected,1,38,26.5,80.4,11.5,01Jan2021-31Dec2023,As Expected,1,47,1.29,3.02,0.42,As Expected,1,92,20.1,41.8,8.1,01Jan2024-31Dec2024,As Expected,1,44,0.72,1.75,0.37,01Jan2023-31Dec2024,As Expected,1,55,0.81,1.91,0.23,01Jan2021-31Dec2023,As Expected,1,76,0.3,1.07,0.04,01Jan2024-31Dec2024,As Expected,1,1.03,1.83,0.52,As Expected,1,113,59.7,80.1,35,01Jul2025-30Sep2025,1,0,1,99,873,95,1,18,164,96,259,0,,,259,0,,,24,1,0,1,34,1,128,1135,0,1,133,1191,3,25,39,19,14,1,113,975,21,259,0,,
552553,18,DaVita Magnolia West Dialysis,01Jan2021-31Dec2024,3,1,11161 Magnolia Avenue,,Riverside,CA,92505,Riverside,(951) 351-8090,Profit,Yes,DaVita,Yes,30,Yes,Yes,Yes,5/26/06,01Oct2024-30Sep2025,01Oct2024-30Sep2025,01Jan2021-31Dec2024,As Expected,1,652,20.8,30.1,14.9,01Jan2024-31Dec2024,As Expected,1,156,145.8,208.4,107.9,01Jan2024-31Dec2024,As Expected,1,151,30,39.1,21.7,01Jan2024-31Dec2024,As Expected,1,52,33.8,81.9,17.3,01Jan2021-31Dec2023,As Expected,1,60,0.81,1.89,0.26,As Expected,1,146,15.9,30.9,7.4,01Jan2024-31Dec2024,As Expected,1,64,0.75,1.53,0.44,01Jan2023-31Dec2024,As Expected,1,97,0.95,1.75,0.44,01Jan2021-31Dec2023,As Expected,1,98,0.93,1.77,0.43,01Jan2024-31Dec2024,Better than Expected,1,0.23,0.62,0.06,As Expected,1,211,64.1,78.8,46.2,01Jul2025-30Sep2025,1,0,280,197,1704,,280,0,,,280,0,,,280,0,,,14,1,0,1,44,280,204,1808,,280,214,1851,,,,,,1,211,1847,18,280,0,,
552554,18,FRESENIUS MEDICAL CARE OF BRAWLEY,01Jan2021-31Dec2024,4,1,"751 Legion Road, Suite 100",,Brawley,CA,92227,Imperial,(760) 344-3766,Profit,Yes,Fresenius Medical Care,No,20,Yes,No,No,5/31/06,01Oct2024-30Sep2025,01Oct2024-30Sep2025,01Jan2021-31Dec2024,As Expected,1,458,20.4,33,13,01Jan2024-31Dec2024,As Expected,1,113,116.3,190.5,76.7,01Jan2024-31Dec2024,As Expected,1,83,29.8,45,17.5,01Jan2024-31Dec2024,As Expected,1,84,14.3,40.2,6.5,01Jan2021-31Dec2023,As Expected,1,36,0.95,2.79,0.2,As Expected,1,108,22.8,40.9,11.2,01Jan2024-31Dec2024,As Expected,1,91,1.16,1.78,0.84,01Jan2023-31Dec2024,As Expected,1,99,1.64,2.65,0.89,01Jan2021-31Dec2023,As Expected,1,50,0.4,1.46,0.05,01Jan2024-31Dec2024,As Expected,1,1.03,2.04,0.45,As Expected,1,124,55.6,75.7,31.1,01Jul2025-30Sep2025,201,,1,123,1139,100,257,0,,,259,0,,,259,0,,,10,1,0,1,62,1,123,1175,1,1,125,1196,7,28,32,26,7,1,124,1190,8,259,0,,
552555,17,SHC WB Stockton,01Jan2021-31Dec2024,,260,3555 DEER PARK DRIVE SUITE 140,,STOCKTON,CA,95219,San Joaquin,(209) 955-5630,Non-profit,Yes,"US Renal Care, Inc.",No,0,Yes,Yes,Yes,7/5/06,01Oct2024-30Sep2025,01Oct2024-30Sep2025,01Jan2021-31Dec2024,As Expected,1,189,29.4,50.4,16.8,01Jan2024-31Dec2024,As Expected,1,43,134.8,247.6,79.7,01Jan2024-31Dec2024,As Expected,1,30,21.1,46.2,6.1,01Jan2024-31Dec2024,Not Available,199,16,,,,01Jan2021-31Dec2023,Better than Expected,1,28,2.81,6.11,1.03,Better than Expected,1,46,55.7,79.6,28.9,01Jan2024-31Dec2024,As Expected,1,19,1.33,2.82,0.66,01Jan2023-31Dec2024,As Expected,1,25,0.71,2.56,0.08,01Jan2021-31Dec2023,Not Available,201,0,,,,01Jan2024-31Dec2024,Not Available,201,,,,Not Available,199,10,,,,01Jul2025-30Sep2025,199,,201,0,,,1,35,312,96,259,0,,,259,0,,,27,1,0,1,11,1,44,410,0,1,48,425,5,21,28,29,16,199,10,94,,259,0,,
552556,18,DaVita Pismo Beach Dialysis,01Jan2021-31Dec2024,4,1,"320 James Way, Suite 110",,Pismo Beach,CA,93449,San Luis Obispo,(805) 556-0577,Profit,Yes,DaVita,No,14,Yes,No,No,6/28/06,01Oct2024-30Sep2025,01Oct2024-30Sep2025,01Jan2021-31Dec2024,As Expected,1,273,22.8,33.5,16.1,01Jan2024-31Dec2024,As Expected,1,66,129.4,219.1,81.1,01Jan2024-31Dec2024,Better than Expected,1,58,12,23.3,4.6,01Jan2024-31Dec2024,As Expected,1,33,21.4,79.4,7.9,01Jan2021-31Dec2023,As Expected,1,35,2.26,5.27,0.73,As Expected,1,57,21.4,48.6,7.3,01Jan2024-31Dec2024,As Expected,1,44,1.51,2.72,0.97,01Jan2023-31Dec2024,As Expected,1,62,1.67,2.79,0.84,01Jan2021-31Dec2023,As Expected,1,57,1.79,3.53,0.77,01Jan2024-31Dec2024,As Expected,1,0.49,1.33,0.12,As Expected,1,78,45.4,69.6,21.5,01Jul2025-30Sep2025,1,9,280,68,543,,280,0,,,280,0,,,280,0,,,19,1,0,1,32,280,76,628,,280,81,658,,,,,,1,78,642,8,280,0,,
552557,17,DaVita Red Bluff Dialysis Center,01Jan2021-31Dec2024,4,1,2455 SISTER MARY COLUMBA DRIVE,,RED BLUFF,CA,96080,Tehama,(530) 527-0052,Profit,Yes,DaVita,No,15,Yes,No,No,7/12/06,01Oct2024-30Sep2025,01Oct2024-30Sep2025,01Jan2021-31Dec2024,As Expected,1,285,20.4,31.2,13.9,01Jan2024-31Dec2024,As Expected,1,69,120.7,205.4,75.4,01Jan2024-31Dec2024,As Expected,1,64,25.5,39.9,14.3,01Jan2024-31Dec2024,As Expected,1,41,24,79.6,9.7,01Jan2021-31Dec2023,As Expected,1,37,2.3,5.01,0.85,As Expected,1,72,22.7,45.9,9.2,01Jan2024-31Dec2024,As Expected,1,46,1.19,2.21,0.75,01Jan2023-31Dec2024,As Expected,1,66,0.97,1.89,0.4,01Jan2021-31Dec2023,As Expected,1,53,0.76,1.95,0.21,01Jan2024-31Dec2024,Better than Expected,1,0.16,0.78,0.01,As Expected,1,87,56.5,78,35.3,01Jul2025-30Sep2025,1,0,280,80,716,,280,0,,,280,0,,,280,0,,,5,1,5,1,39,280,81,728,,280,89,720,,,,,,1,87,784,20,280,0,,
552558,17,SHC WB Milpitas,01Jan2021-31Dec2024,,260,1850 MILMONT DRIVE,,MILPITAS,CA,95035,Santa Clara,(408) 935-0550,Non-profit,Yes,"US Renal Care, Inc.",No,0,No,Yes,Yes,8/2/06,01Oct2024-30Sep2025,01Oct2024-30Sep2025,01Jan2021-31Dec2024,As Expected,1,132,13.7,29.3,5.3,01Jan2024-31Dec2024,As Expected,1,25,60.8,200.9,21.4,01Jan2024-31Dec2024,Not Available,199,9,,,,01Jan2024-31Dec2024,Not Available,199,14,,,,01Jan2021-31Dec2023,Not Available,199,14,,,,Better than Expected,1,31,65.1,88.5,31,01Jan2024-31Dec2024,As Expected,1,16,0.66,2.35,0.2,01Jan2023-31Dec2024,As Expected,1,12,1.81,5.55,0.17,01Jan2021-31Dec2023,Not Available,201,0,,,,01Jan2024-31Dec2024,Not Available,201,,,,Not Available,199,2,,,,01Jul2025-30Sep2025,199,,201,0,,,1,33,284,88,259,0,,,259,0,,,,199,,199,9,1,34,296,1,1,36,310,5,20,29,23,25,199,2,14,,259,0,,
552559,17,SHC Milpitas,01Jan2021-31Dec2024,4,1,1860 MILMONT DRIVE,,MILPITAS,CA,95035,Santa Clara,(408) 935-0600,Non-profit,Yes,"US Renal Care, Inc.",No,24,Yes,No,No,8/3/06,01Oct2024-30Sep2025,01Oct2024-30Sep2025,01Jan2021-31Dec2024,As Expected,1,472,17.8,27.6,11.8,01Jan2024-31Dec2024,As Expected,1,115,110.6,178.3,74,01Jan2024-31Dec2024,As Expected,1,96,28.3,41.8,17.1,01Jan2024-31Dec2024,As Expected,1,53,31,74.9,15.8,01Jan2021-31Dec2023,As Expected,1,40,2.13,4.04,0.97,Better than Expected,1,105,38.1,56.2,22.7,01Jan2024-31Dec2024,As Expected,1,63,0.67,1.51,0.37,01Jan2023-31Dec2024,As Expected,1,94,1.14,2.07,0.5,01Jan2021-31Dec2023,As Expected,1,76,0.73,1.59,0.27,01Jan2024-31Dec2024,Better than Expected,1,0.09,0.43,0,As Expected,1,152,62,78.8,41.5,01Jul2025-30Sep2025,1,0,1,132,1232,93,257,0,,,259,0,,,259,0,,,6,1,0,1,51,1,151,1421,0,1,156,1479,7,20,24,28,21,1,152,1451,20,259,0,,
552560,17,SHC WB Vallejo,01Jan2021-31Dec2024,,260,480 REDWOOD STREET SUITE 40,,VALLEJO,CA,94590,Solano,(707) 556-3070,Non-profit,Yes,"US Renal Care, Inc.",No,4,No,Yes,Yes,10/18/06,01Oct2024-30Sep2025,01Oct2024-30Sep2025,01Jan2021-31Dec2024,As Expected,1,158,21,39.1,10.8,01Jan2024-31Dec2024,As Expected,1,41,63.9,172.7,26.8,01Jan2024-31Dec2024,Not Available,199,10,,,,01Jan2024-31Dec2024,Not Available,199,10,,,,01Jan2021-31Dec2023,Not Available,199,18,,,,Better than Expected,1,49,55.3,77.9,30.3,01Jan2024-31Dec2024,As Expected,1,12,1.82,4.5,0.75,01Jan2023-31Dec2024,Not Available,199,6,,,,01Jan2021-31Dec2023,Not Available,201,0,,,,01Jan2024-31Dec2024,Not Available,201,,,,Not Available,199,7,,,,01Jul2025-30Sep2025,199,,201,0,,,1,46,457,89,259,0,,,259,0,,,,199,,199,2,1,53,533,2,1,54,545,5,26,29,26,14,199,7,76,,259,0,,
552561,18,FRESENIUS MEDICAL CARE OF LA JOLLA,01Jan2021-31Dec2024,3,1,"4765 Carmel Mountain Road, Suite 100",,San Diego,CA,92130,San Diego,(858) 793-0058,Profit,Yes,Fresenius Medical Care,No,24,Yes,No,No,11/27/06,01Oct2024-30Sep2025,01Oct2024-30Sep2025,01Jan2021-31Dec2024,As Expected,1,238,19.6,29.5,13,01Jan2024-31Dec2024,As Expected,1,48,145.7,254.6,89.8,01Jan2024-31Dec2024,As Expected,1,43,22,40.4,9.8,01Jan2024-31Dec2024,Not Available,199,16,,,,01Jan2021-31Dec2023,Not Available,199,20,,,,As Expected,1,39,14.5,46.7,3.2,01Jan2024-31Dec2024,As Expected,1,25,0.93,2.42,0.38,01Jan2023-31Dec2024,As Expected,1,45,1.83,3.39,0.77,01Jan2021-31Dec2023,As Expected,1,29,1.31,3.84,0.27,01Jan2024-31Dec2024,As Expected,1,0.48,1.57,0.08,As Expected,1,62,52.6,75.4,28.6,01Jul2025-30Sep2025,201,,1,57,428,99,257,0,,,259,0,,,259,0,,,6,1,0,1,16,1,58,446,2,1,60,480,8,21,25,28,18,1,62,485,22,259,0,,
552562,18,FRESENIUS MEDICAL CARE OF BAKERSFIELD,01Jan2021-31Dec2024,4,1,"8625 Liberty Park Drive, Suite 102",,Bakersfield,CA,93311,Kern,(661) 664-0158,Profit,Yes,Fresenius Medical Care,Yes,25,Yes,Yes,Yes,11/29/06,01Oct2024-30Sep2025,01Oct2024-30Sep2025,01Jan2021-31Dec2024,As Expected,1,604,23.8,34.8,16.9,01Jan2024-31Dec2024,As Expected,1,151,123.8,189.4,86.5,01Jan2024-31Dec2024,As Expected,1,99,27.4,40.6,16.2,01Jan2024-31Dec2024,Worse than Expected,1,50,61.5,128,35.3,01Jan2021-31Dec2023,Better than Expected,1,66,1.97,3.36,1.05,As Expected,1,123,23.2,41.2,11.5,01Jan2024-31Dec2024,As Expected,1,55,0.74,1.65,0.4,01Jan2023-31Dec2024,As Expected,1,47,1.03,2.37,0.29,01Jan2021-31Dec2023,As Expected,1,70,0.59,1.5,0.16,01Jan2024-31Dec2024,Better than Expected,1,0,0.35,,As Expected,1,157,58.8,76.9,36.9,01Jul2025-30Sep2025,201,,1,143,1238,99,201,0,,,259,0,,,259,0,,,29,1,0,1,24,1,150,1333,1,1,158,1358,11,22,24,27,15,1,157,1366,13,259,0,,
552563,17,DaVita Ash Tree Dialysis,01Jan2021-31Dec2024,3,1,2666 NORTH GROVE INDUSTRIAL DRIVE SUITE 106,,FRESNO,CA,93727,Fresno,(559) 251-1919,Profit,Yes,DaVita,Yes,36,Yes,No,No,8/22/06,01Oct2024-30Sep2025,01Oct2024-30Sep2025,01Jan2021-31Dec2024,Worse than Expected,1,724,30.9,43.4,22.7,01Jan2024-31Dec2024,As Expected,1,176,165.3,229.3,125.5,01Jan2024-31Dec2024,As Expected,1,174,31.8,40.4,24.5,01Jan2024-31Dec2024,As Expected,1,94,29.4,61.3,16.9,01Jan2021-31Dec2023,As Expected,1,134,0.48,1.05,0.18,As Expected,1,228,23.6,35.4,14.9,01Jan2024-31Dec2024,As Expected,1,102,1.33,2.07,0.96,01Jan2023-31Dec2024,As Expected,1,160,0.66,1.26,0.26,01Jan2021-31Dec2023,As Expected,1,158,1.02,1.63,0.59,01Jan2024-31Dec2024,Better than Expected,1,0.34,0.75,0.12,As Expected,1,225,64.3,78.6,47,01Jul2025-30Sep2025,1,0,280,212,1904,,280,33,339,,280,0,,,280,0,,,14,1,3,1,70,280,247,2331,,280,256,2218,,,,,,1,225,2035,14,280,0,,
552564,17,DaVita Almond Wood Dialysis,01Jan2021-31Dec2024,3,1,501 E ALMOND AVENUE,,MADERA,CA,93637,Madera,(559) 664-9252,Profit,Yes,DaVita,No,22,Yes,No,No,8/23/06,01Oct2024-30Sep2025,01Oct2024-30Sep2025,01Jan2021-31Dec2024,As Expected,1,306,27.7,41.1,19.4,01Jan2024-31Dec2024,As Expected,1,69,132.5,226.3,82.4,01Jan2024-31Dec2024,As Expected,1,50,29.1,45.4,16.1,01Jan2024-31Dec2024,As Expected,1,32,10.7,85.2,2.2,01Jan2021-31Dec2023,As Expected,1,47,0.36,1.31,0.04,As Expected,1,88,20,40.5,8.4,01Jan2024-31Dec2024,As Expected,1,33,0.9,2.06,0.42,01Jan2023-31Dec2024,As Expected,1,45,1.49,2.85,0.63,01Jan2021-31Dec2023,As Expected,1,74,0.71,1.54,0.26,01Jan2024-31Dec2024,Better than Expected,1,0.12,0.59,0.01,As Expected,1,108,71.5,90.6,48.3,01Jul2025-30Sep2025,1,4,280,96,881,,280,0,,,280,0,,,280,0,,,5,1,0,1,21,280,102,965,,280,108,1004,,,,,,1,108,998,15,280,0,,
552566,17,FORT BRAGG DIALYSIS DCI,01Jan2021-31Dec2024,3,1,512  CYPRESS STREET,,FORT BRAGG,CA,95437,Mendocino,(707) 964-1610,Non-profit,Yes,"Dialysis Clinic, Inc.",No,10,Yes,No,No,11/15/06,01Oct2024-30Sep2025,01Oct2024-30Sep2025,01Jan2021-31Dec2024,As Expected,1,94,23.7,40.6,12.8,01Jan2024-31Dec2024,As Expected,1,23,109.9,244.8,54.5,01Jan2024-31Dec2024,As Expected,1,19,21.8,41.8,7.5,01Jan2024-31Dec2024,As Expected,1,15,26.4,143.5,7.3,01Jan2021-31Dec2023,Not Available,199,8,,,,As Expected,1,15,24.3,69.6,4.3,01Jan2024-31Dec2024,As Expected,1,19,1.2,2.67,0.56,01Jan2023-31Dec2024,As Expected,1,27,1.87,3.86,0.6,01Jan2021-31Dec2023,As Expected,1,21,0,2.12,0,01Jan2024-31Dec2024,As Expected,1,0.56,2.79,0.03,As Expected,1,22,56.5,85.9,25.8,01Jul2025-30Sep2025,199,,1,21,186,99,257,0,,,259,0,,,259,0,,,0,1,0,1,13,1,21,186,0,1,22,192,7,15,31,29,18,1,22,196,12,259,0,,
552567,18,DaVita Templeton Dialysis,01Jan2021-31Dec2024,3,1,"1310 Las Tablas Road, Suite 101",,Templeton,CA,93465,San Luis Obispo,(805) 434-3473,Profit,Yes,DaVita,No,16,Yes,Yes,No,12/6/06,01Oct2024-30Sep2025,01Oct2024-30Sep2025,01Jan2021-31Dec2024,As Expected,1,343,29.1,41.4,21.1,01Jan2024-31Dec2024,As Expected,1,87,142.4,224.7,95,01Jan2024-31Dec2024,As Expected,1,65,29,43.7,17.7,01Jan2024-31Dec2024,As Expected,1,42,22,72.7,8.9,01Jan2021-31Dec2023,As Expected,1,52,1.28,2.79,0.47,As Expected,1,92,24.3,45,11.2,01Jan2024-31Dec2024,As Expected,1,53,1.47,2.52,0.98,01Jan2023-31Dec2024,As Expected,1,76,1.56,2.6,0.77,01Jan2021-31Dec2023,Better than Expected,1,74,2.27,3.68,1.3,01Jan2024-31Dec2024,Better than Expected,1,0.14,0.69,0.01,As Expected,1,101,50.4,73.4,22.4,01Jul2025-30Sep2025,1,7,280,81,639,,280,29,245,,280,0,,,280,0,,,29,1,0,1,42,280,119,1043,,280,126,1076,,,,,,1,101,832,19,280,0,,
552568,18,FRESENIUS MEDICAL CARE OF EAST L.A.,01Jan2021-31Dec2024,5,1,5220 E. Telford Street,,East Los Angeles,CA,90022,Los Angeles,(323) 269-2091,Profit,Yes,Fresenius Medical Care,No,33,Yes,No,No,12/20/06,01Oct2024-30Sep2025,01Oct2024-30Sep2025,01Jan2021-31Dec2024,As Expected,1,380,20.8,33.5,13.4,01Jan2024-31Dec2024,As Expected,1,87,96.7,176.9,58.1,01Jan2024-31Dec2024,As Expected,1,52,13.3,31.1,3.8,01Jan2024-31Dec2024,As Expected,1,17,0,43.5,0,01Jan2021-31Dec2023,As Expected,1,39,0.31,1.71,0.01,As Expected,1,80,18.6,39.5,7.4,01Jan2024-31Dec2024,As Expected,1,18,0.98,2.66,0.39,01Jan2023-31Dec2024,Not Available,199,10,,,,01Jan2021-31Dec2023,As Expected,1,55,0.64,1.88,0.13,01Jan2024-31Dec2024,As Expected,1,0.4,1.08,0.1,As Expected,1,114,70.5,88.9,48.2,01Jul2025-30Sep2025,201,,1,104,992,99,257,0,,,259,0,,,259,0,,,,199,,199,9,1,109,1053,0,1,116,1097,8,24,26,28,15,1,114,1085,16,259,0,,
552569,17,DaVita Natomas Dialysis,01Jan2021-31Dec2024,3,1,30 G0LDEN LAND COURT BUILDING G,,SACRAMENTO,CA,95834,Sacramento,(916) 285-6452,Profit,Yes,DaVita,No,24,Yes,No,No,1/4/07,01Oct2024-30Sep2025,01Oct2024-30Sep2025,01Jan2021-31Dec2024,As Expected,1,443,19,30.3,12.3,01Jan2024-31Dec2024,As Expected,1,107,102.3,171.2,66.3,01Jan2024-31Dec2024,As Expected,1,77,17.9,30.1,9.1,01Jan2024-31Dec2024,As Expected,1,33,35.2,106.5,15.2,01Jan2021-31Dec2023,As Expected,1,43,0.42,1.5,0.05,As Expected,1,110,17,35.2,7.1,01Jan2024-31Dec2024,As Expected,1,35,0.96,2.04,0.48,01Jan2023-31Dec2024,As Expected,1,55,1.61,2.74,0.74,01Jan2021-31Dec2023,As Expected,1,61,0.68,1.73,0.18,01Jan2024-31Dec2024,Better than Expected,1,0.37,0.89,0.12,As Expected,1,139,63.3,82.4,40.2,01Jul2025-30Sep2025,1,2,280,130,1187,,280,0,,,280,0,,,280,0,,,23,1,5,1,22,280,135,1239,,280,138,1263,,,,,,1,139,1271,18,280,0,,
552571,18,DaVita Eastvale Preserve Dialysis,01Jan2021-31Dec2024,3,1,14260 Schleisman Rd,,Eastvale,CA,92880,Riverside,(951) 625-3065,Profit,Yes,DaVita,No,20,Yes,No,No,2/16/07,01Oct2024-30Sep2025,01Oct2024-30Sep2025,01Jan2021-31Dec2024,As Expected,1,387,22.1,32,15.8,01Jan2024-31Dec2024,As Expected,1,92,131.5,209.9,86.9,01Jan2024-31Dec2024,As Expected,1,67,22.5,32.7,13.3,01Jan2024-31Dec2024,As Expected,1,33,19.1,82.6,6.3,01Jan2021-31Dec2023,As Expected,1,51,0.41,1.48,0.05,As Expected,1,101,22.6,41.4,10.7,01Jan2024-31Dec2024,As Expected,1,40,1.13,2.07,0.65,01Jan2023-31Dec2024,As Expected,1,70,0.84,1.57,0.38,01Jan2021-31Dec2023,As Expected,1,80,1.55,2.77,0.77,01Jan2024-31Dec2024,Better than Expected,1,0.1,0.5,0.01,As Expected,1,135,63.2,81.6,40.8,01Jul2025-30Sep2025,1,6,280,122,1019,,280,0,,,280,0,,,280,0,,,19,1,0,1,27,280,133,1125,,280,135,1097,,,,,,1,135,1176,19,280,0,,
552572,17,DaVita Carquinez Dialysis,01Jan2021-31Dec2024,4,1,125 CORPORATE PLACE SUITE C,,VALLEJO,CA,94590,Solano,(707) 556-3637,Profit,Yes,DaVita,Yes,21,Yes,No,No,1/12/07,01Oct2024-30Sep2025,01Oct2024-30Sep2025,01Jan2021-31Dec2024,As Expected,1,410,21.5,33.6,14.2,01Jan2024-31Dec2024,As Expected,1,97,89.1,161.4,54,01Jan2024-31Dec2024,As Expected,1,56,23.5,40.6,11.1,01Jan2024-31Dec2024,As Expected,1,22,14.7,116.7,3.1,01Jan2021-31Dec2023,As Expected,1,39,0.32,1.76,0.01,As Expected,1,92,25.4,45.6,12.1,01Jan2024-31Dec2024,As Expected,1,24,1.33,2.53,0.72,01Jan2023-31Dec2024,As Expected,1,26,1.24,3.04,0.27,01Jan2021-31Dec2023,As Expected,1,57,0.51,1.49,0.11,01Jan2024-31Dec2024,Better than Expected,1,0,0.35,,As Expected,1,126,52.7,73.1,27.9,01Jul2025-30Sep2025,1,4,280,124,1171,,280,0,,,280,0,,,280,0,,,4,1,0,1,24,280,125,1175,,280,127,1197,,,,,,1,126,1194,20,280,0,,
552573,18,"Azusa Dialysis Center, LLC",01Jan2021-31Dec2024,1,1,312 N. Azusa Avenue,,Azusa,CA,91702,Los Angeles,(626) 633-1500,Profit,No,Independent,No,24,Yes,No,No,3/5/07,01Oct2024-30Sep2025,01Oct2024-30Sep2025,01Jan2021-31Dec2024,As Expected,1,403,26.3,34.8,20.6,01Jan2024-31Dec2024,As Expected,1,98,179.2,260.2,130.8,01Jan2024-31Dec2024,As Expected,1,132,32.3,40.3,24.4,01Jan2024-31Dec2024,Worse than Expected,1,48,120.3,193.6,83.9,01Jan2021-31Dec2023,Not Available,199,32,,,,As Expected,1,77,22.9,47.8,8.8,01Jan2024-31Dec2024,As Expected,1,61,0.82,1.67,0.48,01Jan2023-31Dec2024,As Expected,1,142,0.9,1.55,0.44,01Jan2021-31Dec2023,Worse than Expected,1,112,0.18,0.98,0,01Jan2024-31Dec2024,Not Available,201,,,,Worse than Expected,1,111,15.9,25.4,4.3,01Jul2025-30Sep2025,201,,1,105,866,67,257,0,,,259,0,,,259,0,,,59,1,0,1,34,1,112,928,27,1,118,571,9,30,28,20,13,1,111,837,69,259,0,,
552574,18,East Los Angeles Dialysis Center,01Jan2021-31Dec2024,1,1,5830 E. Whittier Blvd.,,East Los Angeles,CA,90022,Los Angeles,(323) 887-8545,Profit,No,Independent,No,40,Yes,Yes,No,3/5/07,01Oct2024-30Sep2025,01Oct2024-30Sep2025,01Jan2021-31Dec2024,As Expected,1,451,26.4,40,18.1,01Jan2024-31Dec2024,As Expected,1,95,186.4,281.2,131.7,01Jan2024-31Dec2024,As Expected,1,100,36,48.5,25.2,01Jan2024-31Dec2024,As Expected,1,46,48,102.2,27,01Jan2021-31Dec2023,As Expected,1,47,0.23,1.3,0.01,As Expected,1,114,11.4,27,4.3,01Jan2024-31Dec2024,As Expected,1,53,1.19,2.11,0.77,01Jan2023-31Dec2024,As Expected,1,102,1,1.69,0.5,01Jan2021-31Dec2023,Worse than Expected,1,70,0,0.51,0,01Jan2024-31Dec2024,As Expected,1,0.49,1.01,0.2,As Expected,1,146,60.8,77.7,40.3,01Jul2025-30Sep2025,201,,1,127,1235,98,199,7,71,,259,0,,,259,0,,,42,1,0,1,43,1,143,1413,1,1,151,1454,4,26,38,19,13,1,146,1395,29,259,0,,
552575,18,DaVita Ventura Dialysis,01Jan2021-31Dec2024,4,1,"2705 Loma Vista Road, Suite 101",,Ventura,CA,93003,Ventura,(805) 643-7549,Profit,Yes,DaVita,No,20,Yes,Yes,No,4/9/07,01Oct2024-30Sep2025,01Oct2024-30Sep2025,01Jan2021-31Dec2024,Better than Expected,1,323,11.5,19.4,7.1,01Jan2024-31Dec2024,As Expected,1,88,125.8,206.6,82.8,01Jan2024-31Dec2024,As Expected,1,86,24.3,36.6,14.8,01Jan2024-31Dec2024,As Expected,1,35,18.7,80.8,6.1,01Jan2021-31Dec2023,As Expected,1,54,0.84,1.96,0.27,As Expected,1,96,20.2,37.9,9.5,01Jan2024-31Dec2024,As Expected,1,42,1.34,2.54,0.83,01Jan2023-31Dec2024,As Expected,1,68,1.68,2.72,0.9,01Jan2021-31Dec2023,As Expected,1,72,0.54,1.38,0.15,01Jan2024-31Dec2024,As Expected,1,0.6,1.33,0.22,As Expected,1,114,68.5,86,47.1,01Jul2025-30Sep2025,1,0,280,90,769,,280,16,114,,280,0,,,280,0,,,21,1,3,1,33,280,120,1113,,280,125,1082,,,,,,1,114,1028,14,280,0,,
552576,17,DaVita Tokay Home Dialysis Center PD,01Jan2021-31Dec2024,4,1,777 SOUTH HAM DRIVE SUITE L,,LODI,CA,95242,San Joaquin,(209) 333-8909,Profit,Yes,DaVita,No,0,No,Yes,Yes,4/19/07,01Oct2024-30Sep2025,01Oct2024-30Sep2025,01Jan2021-31Dec2024,As Expected,1,124,22,41.2,10.4,01Jan2024-31Dec2024,As Expected,1,28,118.4,258.8,59.7,01Jan2024-31Dec2024,As Expected,1,17,39.6,70.7,16.2,01Jan2024-31Dec2024,Not Available,199,16,,,,01Jan2021-31Dec2023,Not Available,199,17,,,,As Expected,1,46,37.4,65.3,16,01Jan2024-31Dec2024,As Expected,1,18,0.91,2.36,0.37,01Jan2023-31Dec2024,As Expected,1,22,0.41,2.03,0.01,01Jan2021-31Dec2023,Not Available,201,0,,,,01Jan2024-31Dec2024,Not Available,201,,,,As Expected,1,13,67.6,100,24.1,01Jul2025-30Sep2025,1,4,280,0,,,280,29,207,,280,0,,,280,0,,,,199,,199,7,280,41,305,,280,43,322,,,,,,1,13,100,3,280,0,,
552577,17,SHC Stockton,01Jan2021-31Dec2024,4,1,1801 EAST MARCH LANE SUITE A100,,STOCKTON,CA,95210,San Joaquin,(209) 473-6890,Non-profit,Yes,"US Renal Care, Inc.",Yes,25,Yes,No,No,5/23/07,01Oct2024-30Sep2025,01Oct2024-30Sep2025,01Jan2021-31Dec2024,As Expected,1,448,23.5,36,15.8,01Jan2024-31Dec2024,As Expected,1,107,90.7,159.8,56.3,01Jan2024-31Dec2024,As Expected,1,65,16,30.6,6.6,01Jan2024-31Dec2024,As Expected,1,48,25.8,65.1,12.8,01Jan2021-31Dec2023,As Expected,1,48,0.24,1.33,0.01,As Expected,1,110,23.8,42.9,11.5,01Jan2024-31Dec2024,As Expected,1,51,0.84,1.72,0.49,01Jan2023-31Dec2024,As Expected,1,67,1.77,2.95,0.88,01Jan2021-31Dec2023,As Expected,1,84,1.01,1.99,0.44,01Jan2024-31Dec2024,Better than Expected,1,0.4,0.96,0.13,As Expected,1,145,69.9,86,50.3,01Jul2025-30Sep2025,1,0,1,133,1200,97,257,0,,,259,0,,,259,0,,,21,1,0,1,42,1,139,1239,1,1,146,1286,12,27,25,24,12,1,145,1277,14,259,0,,
552578,18,DaVita Redlands Dialysis,01Jan2021-31Dec2024,3,1,1722 Orange Tree Lane,,Redlands,CA,92374,San Bernardino,(909) 307-0437,Profit,Yes,DaVita,No,37,Yes,No,No,5/25/07,01Oct2024-30Sep2025,01Oct2024-30Sep2025,01Jan2021-31Dec2024,As Expected,1,402,21.1,33.8,13.6,01Jan2024-31Dec2024,As Expected,1,112,138.3,211.6,96.6,01Jan2024-31Dec2024,As Expected,1,108,29.2,41.5,19,01Jan2024-31Dec2024,As Expected,1,42,31,78.2,15.3,01Jan2021-31Dec2023,As Expected,1,42,0.87,2.55,0.18,As Expected,1,98,21,39.9,9.6,01Jan2024-31Dec2024,As Expected,1,49,1.35,2.45,0.86,01Jan2023-31Dec2024,As Expected,1,86,1.11,1.96,0.51,01Jan2021-31Dec2023,As Expected,1,85,0.79,1.83,0.25,01Jan2024-31Dec2024,As Expected,1,1.16,1.97,0.63,As Expected,1,136,56.3,76.4,32,01Jul2025-30Sep2025,1,4,280,128,1146,,280,0,,,280,0,,,280,0,,,23,1,3,1,31,280,128,1166,,280,138,1211,,,,,,1,136,1198,17,280,0,,
552579,18,DaVita Long Beach Harbor,01Jan2021-31Dec2024,5,1,1075 E. Pacific Coast Highway,,Long Beach,CA,90806,Los Angeles,(562) 599-1511,Profit,Yes,DaVita,No,12,Yes,No,No,5/30/07,01Oct2024-30Sep2025,01Oct2024-30Sep2025,01Jan2021-31Dec2024,As Expected,1,165,11,23.1,4.9,01Jan2024-31Dec2024,As Expected,1,41,104.3,194.8,60.8,01Jan2024-31Dec2024,As Expected,1,33,17.8,40.4,4.9,01Jan2024-31Dec2024,As Expected,1,21,13.4,106.4,2.8,01Jan2021-31Dec2023,As Expected,1,25,0,1.15,0,As Expected,1,72,19.2,42.1,7.2,01Jan2024-31Dec2024,As Expected,1,23,0.81,2.12,0.33,01Jan2023-31Dec2024,As Expected,1,27,0.61,2.1,0.06,01Jan2021-31Dec2023,As Expected,1,35,0.49,1.77,0.06,01Jan2024-31Dec2024,As Expected,1,1.56,3.24,0.63,As Expected,1,81,71.9,90.8,53.2,01Jul2025-30Sep2025,1,4,280,71,639,,280,0,,,280,0,,,280,0,,,13,1,0,1,15,280,78,694,,280,81,675,,,,,,1,81,736,9,280,0,,
552581,17,DaVita Ceres Dialysis Center,01Jan2021-31Dec2024,3,1,1768 MITCHELL ROAD SUITE 308,,CERES,CA,95307,Stanislaus,(209) 538-9853,Profit,Yes,DaVita,No,16,Yes,Yes,Yes,8/1/07,01Oct2024-30Sep2025,01Oct2024-30Sep2025,01Jan2021-31Dec2024,As Expected,1,272,30.1,45.2,20.8,01Jan2024-31Dec2024,As Expected,1,62,141.2,241.2,87.8,01Jan2024-31Dec2024,As Expected,1,44,23.1,44,9.7,01Jan2024-31Dec2024,As Expected,1,27,10.5,83.6,2.2,01Jan2021-31Dec2023,As Expected,1,32,0.76,2.75,0.09,As Expected,1,74,13.3,37.3,3.8,01Jan2024-31Dec2024,As Expected,1,29,0.75,1.71,0.35,01Jan2023-31Dec2024,As Expected,1,34,0.74,2.02,0.16,01Jan2021-31Dec2023,As Expected,1,51,0.62,1.81,0.13,01Jan2024-31Dec2024,As Expected,1,1,1.91,0.47,As Expected,1,89,61.5,81.7,41.7,01Jul2025-30Sep2025,1,3,280,78,718,,280,0,,,280,0,,,280,0,,,33,1,7,1,15,280,79,741,,280,88,780,,,,,,1,89,766,20,280,0,,
552582,17,SHC WB San Mateo,01Jan2021-31Dec2024,5,1,2000 SOUTH EL CAMINO REAL 2ND FLOOR,,SAN MATEO,CA,94403,San Mateo,(650) 377-0882,Non-profit,Yes,"US Renal Care, Inc.",No,4,No,Yes,Yes,7/12/07,01Oct2024-30Sep2025,01Oct2024-30Sep2025,01Jan2021-31Dec2024,As Expected,1,263,19.9,33,12.5,01Jan2024-31Dec2024,As Expected,1,54,115.1,221,65.5,01Jan2024-31Dec2024,As Expected,1,31,22.6,51.5,7,01Jan2024-31Dec2024,Not Available,199,17,,,,01Jan2021-31Dec2023,As Expected,1,24,1.77,4.52,0.48,Better than Expected,1,68,52.2,73.2,30.4,01Jan2024-31Dec2024,As Expected,1,19,0.6,1.81,0.2,01Jan2023-31Dec2024,As Expected,1,22,0.35,1.65,0.01,01Jan2021-31Dec2023,Not Available,201,0,,,,01Jan2024-31Dec2024,Not Available,201,,,,As Expected,1,14,59.3,93,24.2,01Jul2025-30Sep2025,199,,199,4,15,,1,66,615,89,259,0,,,259,0,,,,199,,199,8,1,80,715,0,1,84,734,5,17,27,33,18,1,14,108,27,259,0,,
552583,18,USRC Rosemead Dialysis,01Jan2021-31Dec2024,3,1,3100 Del Mar Avenue,,Rosemead,CA,91770,Los Angeles,(626) 288-7860,Profit,Yes,"US Renal Care, Inc.",No,18,Yes,No,No,9/24/07,01Oct2024-30Sep2025,01Oct2024-30Sep2025,01Jan2021-31Dec2024,Worse than Expected,1,272,32.9,47.8,23.5,01Jan2024-31Dec2024,As Expected,1,59,135.7,241.8,82.2,01Jan2024-31Dec2024,As Expected,1,34,34.8,58.6,16.5,01Jan2024-31Dec2024,As Expected,1,36,4.5,84.2,0.5,01Jan2021-31Dec2023,Not Available,199,19,,,,As Expected,1,53,23,51.3,7.8,01Jan2024-31Dec2024,As Expected,1,42,0.74,1.82,0.37,01Jan2023-31Dec2024,As Expected,1,37,1.09,2.68,0.26,01Jan2021-31Dec2023,As Expected,1,38,0,1.14,0,01Jan2024-31Dec2024,As Expected,1,0.36,1.19,0.06,As Expected,1,79,66.5,87.4,46,01Jul2025-30Sep2025,1,0,1,78,740,98,257,0,,,259,0,,,259,0,,,28,1,0,1,43,1,81,769,1,1,83,798,14,29,35,19,3,1,79,786,12,259,0,,
552584,18,FRESENIUS MEDICAL CARE OF MID-WILSHIRE,01Jan2021-31Dec2024,3,1,1422 W. 11th Street,,Los Angeles,CA,90015,Los Angeles,(213) 784-4568,Profit,Yes,Fresenius Medical Care,No,17,Yes,Yes,No,9/26/07,01Oct2024-30Sep2025,01Oct2024-30Sep2025,01Jan2021-31Dec2024,As Expected,1,315,17.7,28.4,11.4,01Jan2024-31Dec2024,As Expected,1,78,158.4,248.7,106.2,01Jan2024-31Dec2024,As Expected,1,75,23.2,35.2,14,01Jan2024-31Dec2024,As Expected,1,18,54,178.5,21.8,01Jan2021-31Dec2023,As Expected,1,54,0.97,2.27,0.32,As Expected,1,117,16.6,35.6,6.7,01Jan2024-31Dec2024,As Expected,1,23,0.52,1.4,0.2,01Jan2023-31Dec2024,As Expected,1,60,0.91,1.83,0.35,01Jan2021-31Dec2023,Worse than Expected,1,77,0.14,0.79,0,01Jan2024-31Dec2024,Better than Expected,1,0,0.31,,As Expected,1,134,62.2,79.9,40.6,01Jul2025-30Sep2025,201,,1,126,1079,94,201,0,,,259,0,,,259,0,,,43,1,0,1,14,1,131,1160,3,1,136,1166,9,21,24,26,19,1,134,1213,24,259,0,,
552585,18,"Peritoneal Dialysis Center of America, Inc.",01Jan2021-31Dec2024,1,1,3112 W. Beverly Blvd.,,Montebello,CA,90640,Los Angeles,(323) 722-2053,Profit,No,Independent,No,0,No,Yes,No,10/19/07,01Oct2024-30Sep2025,01Oct2024-30Sep2025,01Jan2021-31Dec2024,As Expected,1,252,20.9,36.7,12.3,01Jan2024-31Dec2024,As Expected,1,71,160.2,254.9,106.1,01Jan2024-31Dec2024,As Expected,1,70,38.9,54.9,25.1,01Jan2024-31Dec2024,As Expected,1,46,28,74.5,13.4,01Jan2021-31Dec2023,Worse than Expected,1,64,0,0.44,0,As Expected,1,107,26,45,13.1,01Jan2024-31Dec2024,As Expected,1,47,0.93,1.91,0.55,01Jan2023-31Dec2024,As Expected,1,79,1.4,2.4,0.63,01Jan2021-31Dec2023,Not Available,201,0,,,,01Jan2024-31Dec2024,Not Available,201,,,,Not Available,256,0,,,,01Jul2025-30Sep2025,1,18,256,0,,,1,110,954,46,259,0,,,259,0,,,26,1,0,1,27,1,110,954,4,1,114,868,9,22,21,25,23,256,0,,,259,0,,
552587,17,SHC WB Sacramento,01Jan2021-31Dec2024,4,1,2629 Marconi Ave,,Sacramento,CA,95821,Sacramento,(916) 486-8005,Non-profit,Yes,"US Renal Care, Inc.",Yes,4,Yes,Yes,Yes,10/4/07,01Oct2024-30Sep2025,01Oct2024-30Sep2025,01Jan2021-31Dec2024,As Expected,1,242,24,38.8,14.7,01Jan2024-31Dec2024,As Expected,1,59,165.2,276.3,105.8,01Jan2024-31Dec2024,As Expected,1,36,40.5,62.8,18.4,01Jan2024-31Dec2024,Not Available,199,13,,,,01Jan2021-31Dec2023,Better than Expected,1,43,3.54,5.75,2.02,Better than Expected,1,104,57,73.2,39.2,01Jan2024-31Dec2024,As Expected,1,16,0.74,2.41,0.23,01Jan2023-31Dec2024,As Expected,1,13,0.77,3.68,0.02,01Jan2021-31Dec2023,Not Available,201,0,,,,01Jan2024-31Dec2024,Not Available,201,,,,As Expected,1,19,60.9,93.3,27,01Jul2025-30Sep2025,199,,199,1,12,,1,90,778,85,259,0,,,259,0,,,,199,,199,7,1,108,937,1,1,114,972,4,16,20,36,23,1,19,156,20,259,0,,
552588,18,DaVita Bellflower Dialysis Center,01Jan2021-31Dec2024,3,1,15736 Woodruff Avenue,,Bellflower,CA,90706,Los Angeles,(562) 804-3099,Profit,Yes,DaVita,Yes,20,Yes,Yes,No,10/19/07,01Oct2024-30Sep2025,01Oct2024-30Sep2025,01Jan2021-31Dec2024,As Expected,1,381,20.3,33.5,12.7,01Jan2024-31Dec2024,As Expected,1,96,134.8,214,91.3,01Jan2024-31Dec2024,As Expected,1,70,31.3,48.9,17.7,01Jan2024-31Dec2024,As Expected,1,44,29.8,84.1,13.6,01Jan2021-31Dec2023,Worse than Expected,1,45,0,0.79,0,As Expected,1,120,12.8,28.3,5.2,01Jan2024-31Dec2024,As Expected,1,45,0.56,1.42,0.28,01Jan2023-31Dec2024,As Expected,1,52,1.21,2.52,0.41,01Jan2021-31Dec2023,As Expected,1,72,0.92,2,0.34,01Jan2024-31Dec2024,As Expected,1,0.93,1.76,0.43,As Expected,1,140,68.3,85.4,47.4,01Jul2025-30Sep2025,1,0,280,125,1159,,280,0,,,280,0,,,280,0,,,11,1,3,1,38,280,134,1270,,280,141,1283,,,,,,1,140,1310,14,280,0,,
552589,18,DaVita North Glendale Dialysis,01Jan2021-31Dec2024,5,1,"1505 Wilson Terrace, Suite 190",,Glendale,CA,91206,Los Angeles,(818) 637-8348,Profit,Yes,DaVita,Yes,36,Yes,Yes,No,12/14/07,01Oct2024-30Sep2025,01Oct2024-30Sep2025,01Jan2021-31Dec2024,As Expected,1,525,17.6,25.7,12.5,01Jan2024-31Dec2024,As Expected,1,133,156.5,228.3,113.7,01Jan2024-31Dec2024,As Expected,1,122,31.1,41.6,21.4,01Jan2024-31Dec2024,As Expected,1,62,7.6,41.2,2.1,01Jan2021-31Dec2023,Not Available,199,17,,,,As Expected,1,106,19.2,37.5,8.6,01Jan2024-31Dec2024,As Expected,1,73,0.99,1.65,0.68,01Jan2023-31Dec2024,As Expected,1,120,1.24,1.91,0.69,01Jan2021-31Dec2023,As Expected,1,41,0.28,1.58,0.01,01Jan2024-31Dec2024,As Expected,1,0.83,1.52,0.4,Better than Expected,1,168,82.2,94.1,67.7,01Jul2025-30Sep2025,1,0,280,157,1434,,280,0,,,280,0,,,280,0,,,9,1,1,1,70,280,162,1473,,280,171,1423,,,,,,1,168,1487,8,280,0,,
552590,18,Quotidian Home Dialysis Clinic,01Jan2021-31Dec2024,,260,"511 S. Harbor Blvd, Suite T",,La Habra,CA,90631,Orange,(562) 694-8520,Profit,No,Independent,Yes,2,Yes,Yes,Yes,10/16/07,01Oct2024-30Sep2025,01Oct2024-30Sep2025,01Jan2021-31Dec2024,As Expected,1,164,16.4,31,8.2,01Jan2024-31Dec2024,As Expected,1,38,173.8,309.8,105.4,01Jan2024-31Dec2024,As Expected,1,37,41.9,65.8,22.9,01Jan2024-31Dec2024,As Expected,1,21,0,40.4,0,01Jan2021-31Dec2023,Not Available,199,16,,,,As Expected,1,26,34.4,71.4,10,01Jan2024-31Dec2024,As Expected,1,25,0.49,1.48,0.17,01Jan2023-31Dec2024,As Expected,1,27,0.27,1.41,0.01,01Jan2021-31Dec2023,Not Available,201,0,,,,01Jan2024-31Dec2024,Not Available,201,,,,Not Available,199,6,,,,01Jul2025-30Sep2025,201,,199,5,49,,1,24,273,35,259,0,,,259,0,,,15,1,0,1,20,1,32,350,4,1,34,350,10,30,26,25,8,199,6,52,,259,0,,
552591,17,DaVita West Sacramento Dialysis Center,01Jan2021-31Dec2024,3,1,3450 INDUSTRIAL BOULEVARD SUITE 100,,WEST SACRAMENTO,CA,95691,Yolo,(916) 371-4947,Profit,Yes,DaVita,No,21,Yes,Yes,Yes,11/7/07,01Oct2024-30Sep2025,01Oct2024-30Sep2025,01Jan2021-31Dec2024,As Expected,1,425,19.4,30.4,12.7,01Jan2024-31Dec2024,As Expected,1,101,166.1,248.3,118.3,01Jan2024-31Dec2024,Worse than Expected,1,114,38,48,28.4,01Jan2024-31Dec2024,As Expected,1,51,33.1,80.2,17,01Jan2021-31Dec2023,As Expected,1,38,0.73,2.63,0.09,As Expected,1,86,23.8,45.1,10.6,01Jan2024-31Dec2024,As Expected,1,57,1.29,2.18,0.87,01Jan2023-31Dec2024,Worse than Expected,1,116,1.74,2.55,1.07,01Jan2021-31Dec2023,As Expected,1,63,1.34,2.76,0.54,01Jan2024-31Dec2024,Better than Expected,1,0,0.44,,As Expected,1,107,67.1,87.1,42.7,01Jul2025-30Sep2025,1,5,280,97,892,,280,12,129,,280,0,,,280,0,,,25,1,0,1,40,280,114,1095,,280,120,1126,,,,,,1,107,981,10,280,0,,
552592,17,DaVita Stockton Kidney Center,01Jan2021-31Dec2024,3,1,1523 EAST MARCH LANE SUITE 200,,STOCKTON,CA,95210,San Joaquin,(209) 472-3300,Profit,Yes,DaVita,Yes,20,Yes,No,No,11/28/07,01Oct2024-30Sep2025,01Oct2024-30Sep2025,01Jan2021-31Dec2024,As Expected,1,471,23.9,35.8,16.6,01Jan2024-31Dec2024,As Expected,1,111,116.5,186.8,78.2,01Jan2024-31Dec2024,As Expected,1,79,30.9,44.2,18.7,01Jan2024-31Dec2024,As Expected,1,57,35.4,77.5,19.6,01Jan2021-31Dec2023,As Expected,1,47,0.56,1.63,0.11,As Expected,1,125,17,33.6,7.6,01Jan2024-31Dec2024,As Expected,1,67,1.23,2.07,0.84,01Jan2023-31Dec2024,As Expected,1,96,0.96,1.8,0.41,01Jan2021-31Dec2023,Worse than Expected,1,80,0,0.49,0,01Jan2024-31Dec2024,Better than Expected,1,0.26,0.7,0.07,As Expected,1,160,69.7,84.5,51.7,01Jul2025-30Sep2025,1,10,280,147,1320,,280,0,,,280,0,,,280,0,,,12,1,4,1,52,280,152,1353,,280,157,1294,,,,,,1,160,1408,17,280,0,,
552593,18,Antelope Valley Kidney Institute,01Jan2021-31Dec2024,2,1,"43932 15th Street, Suite 103",,Lancaster,CA,93534,Los Angeles,(661) 945-7755,Profit,No,Independent,No,20,Yes,Yes,No,3/10/08,01Oct2024-30Sep2025,01Oct2024-30Sep2025,01Jan2021-31Dec2024,As Expected,1,450,24.1,37.2,16.2,01Jan2024-31Dec2024,As Expected,1,89,136.9,228.2,88.9,01Jan2024-31Dec2024,As Expected,1,74,30.7,47.5,16.8,01Jan2024-31Dec2024,Not Available,199,13,,,,01Jan2021-31Dec2023,As Expected,1,57,0.32,1.16,0.04,As Expected,1,108,16.8,34.5,7.2,01Jan2024-31Dec2024,As Expected,1,45,1.37,2.42,0.89,01Jan2023-31Dec2024,As Expected,1,75,1.15,2.04,0.53,01Jan2021-31Dec2023,As Expected,1,72,0.68,1.59,0.22,01Jan2024-31Dec2024,As Expected,1,0.58,1.28,0.21,As Expected,1,115,52.2,72.6,27.4,01Jul2025-30Sep2025,201,,1,100,889,98,1,22,160,81,259,0,,,259,0,,,25,1,0,1,36,1,130,1154,1,1,136,1209,9,28,34,20,9,1,115,1011,29,259,0,,
552594,18,DaVita Exeter Dialysis,01Jan2021-31Dec2024,3,1,"1116 W. Visalia Road, Suite 106",,Exeter,CA,93221,Tulare,(559) 592-1025,Profit,Yes,DaVita,No,24,Yes,No,No,3/5/08,01Oct2024-30Sep2025,01Oct2024-30Sep2025,01Jan2021-31Dec2024,As Expected,1,259,30,44.7,20.9,01Jan2024-31Dec2024,As Expected,1,59,127.7,220.5,79.6,01Jan2024-31Dec2024,As Expected,1,49,36.2,56,19.9,01Jan2024-31Dec2024,As Expected,1,37,8.3,65.6,1.7,01Jan2021-31Dec2023,As Expected,1,35,0.8,2.34,0.17,As Expected,1,71,23.8,47.4,9.8,01Jan2024-31Dec2024,As Expected,1,39,1.01,2.01,0.53,01Jan2023-31Dec2024,As Expected,1,45,2.14,4.09,0.85,01Jan2021-31Dec2023,As Expected,1,46,1.4,3.06,0.52,01Jan2024-31Dec2024,As Expected,1,0.89,1.75,0.39,As Expected,1,94,62.2,82,42.7,01Jul2025-30Sep2025,1,1,280,81,644,,280,0,,,280,0,,,280,0,,,6,1,6,1,32,280,89,752,,280,94,729,,,,,,1,94,803,25,280,0,,
552595,18,FRESENIUS MEDICAL CARE MISSION VIEJO,01Jan2021-31Dec2024,4,1,"23681 Via Linda, Suite E",,MISSION VIEJO,CA,92691,Orange,(949) 587-0163,Profit,Yes,Fresenius Medical Care,No,18,Yes,Yes,Yes,3/21/08,01Oct2024-30Sep2025,01Oct2024-30Sep2025,01Jan2021-31Dec2024,Better than Expected,1,403,11.8,20.1,7.1,01Jan2024-31Dec2024,As Expected,1,112,104.3,180,65.8,01Jan2024-31Dec2024,As Expected,1,65,16.4,30.7,7.3,01Jan2024-31Dec2024,Not Available,199,17,,,,01Jan2021-31Dec2023,As Expected,1,39,0.53,1.91,0.06,As Expected,1,110,15.6,33.9,6.2,01Jan2024-31Dec2024,As Expected,1,22,0.69,1.95,0.26,01Jan2023-31Dec2024,As Expected,1,36,0.45,1.63,0.05,01Jan2021-31Dec2023,As Expected,1,61,0.7,1.8,0.19,01Jan2024-31Dec2024,As Expected,1,0.4,1.08,0.1,As Expected,1,125,64.4,84,40.7,01Jul2025-30Sep2025,201,,1,100,853,99,1,22,142,95,259,0,,,259,0,,,7,1,0,1,14,1,143,1223,2,1,148,1285,6,21,29,30,15,1,125,1103,17,259,0,,
552596,18,"Ontario Dialysis, Inc.",01Jan2021-31Dec2024,1,1,"1001 W. Sixth Street, Suite A",,Ontario,CA,91762,San Bernardino,(909) 984-0320,Profit,No,Independent,No,32,Yes,Yes,No,3/7/08,01Oct2024-30Sep2025,01Oct2024-30Sep2025,01Jan2021-31Dec2024,As Expected,1,385,26.8,42.4,17.5,01Jan2024-31Dec2024,As Expected,1,96,144.8,228.9,98.4,01Jan2024-31Dec2024,As Expected,1,93,32.8,45.5,21.2,01Jan2024-31Dec2024,As Expected,1,44,21.8,72.1,8.8,01Jan2021-31Dec2023,As Expected,1,64,0.59,2.11,0.07,As Expected,1,110,17.2,34.5,7.6,01Jan2024-31Dec2024,As Expected,1,51,0.95,1.88,0.57,01Jan2023-31Dec2024,As Expected,1,86,0.98,1.76,0.49,01Jan2021-31Dec2023,Worse than Expected,1,80,0,0.48,0,01Jan2024-31Dec2024,Better than Expected,1,0,0.19,,As Expected,1,131,50.6,69.4,27.8,01Jul2025-30Sep2025,1,2,1,118,1121,95,201,0,,,259,0,,,259,0,,,7,1,7,1,30,1,126,1202,3,1,129,1206,9,25,40,10,15,1,131,1242,37,259,0,,
552597,18,DaVita Santa Fe Springs Dialysis,01Jan2021-31Dec2024,3,1,11147 Washington Blvd.,,Whittier,CA,90606,Los Angeles,(562) 695-0827,Profit,Yes,DaVita,No,16,Yes,No,No,4/25/08,01Oct2024-30Sep2025,01Oct2024-30Sep2025,01Jan2021-31Dec2024,As Expected,1,275,21.6,33,14.7,01Jan2024-31Dec2024,As Expected,1,70,175.8,276.7,117.6,01Jan2024-31Dec2024,As Expected,1,71,32.9,46,21.8,01Jan2024-31Dec2024,Not Available,199,18,,,,01Jan2021-31Dec2023,As Expected,1,35,0.9,3.25,0.11,As Expected,1,65,20.2,47.5,6.7,01Jan2024-31Dec2024,As Expected,1,24,0.5,1.41,0.19,01Jan2023-31Dec2024,As Expected,1,52,0.47,1.35,0.09,01Jan2021-31Dec2023,As Expected,1,50,0.79,2.31,0.16,01Jan2024-31Dec2024,Better than Expected,1,0.17,0.84,0.01,As Expected,1,92,59.9,81.6,38.5,01Jul2025-30Sep2025,1,1,280,85,702,,280,0,,,280,0,,,280,0,,,31,1,0,1,16,280,89,731,,280,92,771,,,,,,1,92,769,16,280,0,,
552598,18,RAI - GOLDENWEST - WESTMINSTER,01Jan2021-31Dec2024,3,1,15330 Goldenwest Street,,Westminster,CA,92683,Orange,(714) 373-1543,Profit,Yes,Fresenius Medical Care,No,24,Yes,Yes,Yes,4/30/08,01Oct2024-30Sep2025,01Oct2024-30Sep2025,01Jan2021-31Dec2024,As Expected,1,458,20.8,31.1,14.4,01Jan2024-31Dec2024,As Expected,1,104,140.1,221.4,95.2,01Jan2024-31Dec2024,As Expected,1,89,27.3,40.5,16.9,01Jan2024-31Dec2024,As Expected,1,33,31.2,103.4,12.6,01Jan2021-31Dec2023,As Expected,1,43,0.19,1.05,0,As Expected,1,97,13.6,34,4.6,01Jan2024-31Dec2024,Better than Expected,1,38,0.19,0.91,0.04,01Jan2023-31Dec2024,As Expected,1,46,0.17,1.13,0,01Jan2021-31Dec2023,As Expected,1,73,0.96,1.98,0.39,01Jan2024-31Dec2024,As Expected,1,1.15,2.05,0.58,As Expected,1,120,67.3,86.2,44.2,01Jul2025-30Sep2025,201,,1,109,909,100,1,16,126,92,259,0,,,259,0,,,24,1,0,1,29,1,130,1153,1,1,137,1197,10,22,27,26,15,1,120,1053,16,259,0,,
552600,17,SHC WB San Leandro,01Jan2021-31Dec2024,5,1,1040 DAVIS STREET SUITE 101,,SAN LEANDRO,CA,94577,Alameda,(510) 383-9602,Non-profit,Yes,"US Renal Care, Inc.",No,0,No,Yes,Yes,7/17/08,01Oct2024-30Sep2025,01Oct2024-30Sep2025,01Jan2021-31Dec2024,As Expected,1,241,22.6,37.9,13.3,01Jan2024-31Dec2024,As Expected,1,56,111.5,214.3,62.5,01Jan2024-31Dec2024,As Expected,1,30,24.7,46.7,9.7,01Jan2024-31Dec2024,As Expected,1,34,20,86.4,6.6,01Jan2021-31Dec2023,As Expected,1,26,1.58,3.7,0.51,Better than Expected,1,69,39.9,62.4,20.9,01Jan2024-31Dec2024,As Expected,1,38,0.81,2.06,0.4,01Jan2023-31Dec2024,As Expected,1,48,0.76,1.89,0.21,01Jan2021-31Dec2023,Not Available,201,0,,,,01Jan2024-31Dec2024,Not Available,201,,,,Better than Expected,1,21,92.2,100,76.1,01Jul2025-30Sep2025,199,,201,0,,,1,58,472,96,259,0,,,259,0,,,9,1,0,1,23,1,78,685,0,1,77,709,2,16,31,32,20,1,21,215,1,259,0,,
552601,18,USRC Simi Valley Dialysis,01Jan2021-31Dec2024,3,1,"1407 E. Los Angeles Avenue, Suite G",,Simi Valley,CA,93065,Ventura,(805) 306-0578,Profit,Yes,"US Renal Care, Inc.",No,12,Yes,Yes,No,7/31/08,01Oct2024-30Sep2025,01Oct2024-30Sep2025,01Jan2021-31Dec2024,As Expected,1,229,18.5,29,11.7,01Jan2024-31Dec2024,As Expected,1,54,193.6,301.1,132.1,01Jan2024-31Dec2024,As Expected,1,66,28.9,40.1,19.1,01Jan2024-31Dec2024,Not Available,199,17,,,,01Jan2021-31Dec2023,As Expected,1,25,0.44,2.47,0.01,As Expected,1,56,26.4,56.8,8.9,01Jan2024-31Dec2024,As Expected,1,20,0.66,2.01,0.22,01Jan2023-31Dec2024,As Expected,1,40,0.74,1.64,0.23,01Jan2021-31Dec2023,Worse than Expected,1,45,0,0.92,0,01Jan2024-31Dec2024,As Expected,1,0.37,1.24,0.06,As Expected,1,65,55.6,76.4,33.5,01Jul2025-30Sep2025,1,0,1,57,503,95,199,3,36,,259,0,,,259,0,,,,199,,199,10,1,67,617,2,1,70,638,11,28,25,25,11,1,65,585,22,259,0,,
552603,17,DaVita Joy of Dixon Dialysis Center,01Jan2021-31Dec2024,5,1,1640 NORTH LINCOLN STREET,,DIXON,CA,95620,Solano,(707) 693-8301,Profit,Yes,DaVita,No,11,Yes,No,No,8/19/08,01Oct2024-30Sep2025,01Oct2024-30Sep2025,01Jan2021-31Dec2024,As Expected,1,239,18.4,30.4,11.5,01Jan2024-31Dec2024,As Expected,1,66,81.6,163.8,44,01Jan2024-31Dec2024,As Expected,1,31,21.3,45.8,6.6,01Jan2024-31Dec2024,As Expected,1,26,25.6,110.8,8.4,01Jan2021-31Dec2023,Not Available,199,12,,,,Better than Expected,1,42,40.2,68,17.6,01Jan2024-31Dec2024,As Expected,1,33,1.11,2.08,0.62,01Jan2023-31Dec2024,Worse than Expected,1,38,2.58,4.15,1.25,01Jan2021-31Dec2023,As Expected,1,32,1.57,4.02,0.43,01Jan2024-31Dec2024,Better than Expected,1,0,0.72,,As Expected,1,66,60,80.1,38.9,01Jul2025-30Sep2025,1,3,280,64,617,,280,0,,,280,0,,,280,0,,,14,1,0,1,21,280,66,627,,280,65,580,,,,,,1,66,630,11,280,0,,
552604,17,DaVita West Elk Grove Dialysis,01Jan2021-31Dec2024,4,1,2208 KAUSEN DRIVE SUITE 100,,ELK GROVE,CA,95758,Sacramento,(916) 683-5992,Profit,Yes,DaVita,No,22,Yes,No,No,8/27/08,01Oct2024-30Sep2025,01Oct2024-30Sep2025,01Jan2021-31Dec2024,As Expected,1,291,24,35.8,16.8,01Jan2024-31Dec2024,As Expected,1,60,92.2,166.8,55.2,01Jan2024-31Dec2024,As Expected,1,36,26.4,44.3,12.5,01Jan2024-31Dec2024,As Expected,1,32,27.5,91.1,11.1,01Jan2021-31Dec2023,Not Available,199,19,,,,As Expected,1,36,12.4,46.4,2.2,01Jan2024-31Dec2024,As Expected,1,38,0.67,1.74,0.33,01Jan2023-31Dec2024,As Expected,1,44,1.5,2.91,0.55,01Jan2021-31Dec2023,As Expected,1,35,0.95,2.76,0.19,01Jan2024-31Dec2024,As Expected,1,0.23,1.13,0.01,As Expected,1,67,60.4,79.8,39.9,01Jul2025-30Sep2025,1,0,280,62,670,,280,0,,,280,0,,,280,0,,,13,1,0,1,30,280,63,682,,280,67,693,,,,,,1,67,688,10,280,0,,
552605,17,RAI-OAKLAND HOME PROGRAM,01Jan2021-31Dec2024,,260,2710 TELEGRAPH AVENUE #205,,OAKLAND,CA,94612,Alameda,(510) 452-8302,Profit,Yes,Fresenius Medical Care,No,2,No,Yes,Yes,7/28/08,01Oct2024-30Sep2025,01Oct2024-30Sep2025,01Jan2021-31Dec2024,As Expected,1,118,13.7,28.1,5.7,01Jan2024-31Dec2024,As Expected,1,22,144.1,343.6,67.3,01Jan2024-31Dec2024,Not Available,199,9,,,,01Jan2024-31Dec2024,Not Available,199,10,,,,01Jan2021-31Dec2023,Better than Expected,1,35,3.32,5.95,1.66,Better than Expected,1,32,45.6,75.9,18.3,01Jan2024-31Dec2024,As Expected,1,15,0.41,1.68,0.1,01Jan2023-31Dec2024,As Expected,1,16,0,2.4,0,01Jan2021-31Dec2023,Not Available,201,0,,,,01Jan2024-31Dec2024,Not Available,201,,,,Not Available,199,5,,,,01Jul2025-30Sep2025,201,,201,0,,,1,32,271,99,259,0,,,259,0,,,,199,,199,8,1,37,314,0,1,38,333,6,23,23,35,14,199,5,43,,259,0,,
552606,17,DaVita Yosemite Street Dialysis Center,01Jan2021-31Dec2024,3,1,1650 WEST YOSEMITE AVENUE,,MANTECA,CA,95337,San Joaquin,(209) 824-5552,Profit,Yes,DaVita,No,21,Yes,No,No,1/7/09,01Oct2024-30Sep2025,01Oct2024-30Sep2025,01Jan2021-31Dec2024,As Expected,1,446,24.6,36.5,17.1,01Jan2024-31Dec2024,As Expected,1,110,166,247,118.7,01Jan2024-31Dec2024,As Expected,1,130,30.3,40.5,21.2,01Jan2024-31Dec2024,As Expected,1,46,28.7,80.9,13.1,01Jan2021-31Dec2023,As Expected,1,53,1.07,2.74,0.29,As Expected,1,103,29.3,47.6,15.8,01Jan2024-31Dec2024,As Expected,1,49,1.48,2.6,0.97,01Jan2023-31Dec2024,As Expected,1,98,1.54,2.41,0.86,01Jan2021-31Dec2023,As Expected,1,83,0.28,1.01,0.03,01Jan2024-31Dec2024,Better than Expected,1,0.19,0.62,0.03,As Expected,1,150,63.8,81.5,42.3,01Jul2025-30Sep2025,1,0,280,133,1181,,280,0,,,280,0,,,280,0,,,11,1,7,1,27,280,143,1275,,280,151,1330,,,,,,1,150,1337,17,280,0,,
552608,17,DaVita Cornerhouse Dialysis Center,01Jan2021-31Dec2024,4,1,2005 NAGLEE AVENUE,,SAN JOSE,CA,95128,Santa Clara,(408) 998-0183,Profit,Yes,DaVita,Yes,16,Yes,No,No,11/26/08,01Oct2024-30Sep2025,01Oct2024-30Sep2025,01Jan2021-31Dec2024,As Expected,1,208,20.8,33.7,12.8,01Jan2024-31Dec2024,As Expected,1,57,152.2,244,101.1,01Jan2024-31Dec2024,As Expected,1,55,38.5,56.1,23.2,01Jan2024-31Dec2024,As Expected,1,20,9.7,181.8,1.1,01Jan2021-31Dec2023,Not Available,199,17,,,,As Expected,1,81,25.4,47.6,11.4,01Jan2024-31Dec2024,As Expected,1,21,0.96,2.36,0.41,01Jan2023-31Dec2024,As Expected,1,27,1.61,3.65,0.46,01Jan2021-31Dec2023,As Expected,1,35,0,1.21,0,01Jan2024-31Dec2024,As Expected,1,0.49,1.33,0.13,As Expected,1,97,66.5,83.5,49.8,01Jul2025-30Sep2025,1,2,280,88,734,,280,0,,,280,0,,,280,0,,,37,1,0,1,19,280,91,770,,280,97,804,,,,,,1,97,808,19,280,0,,
552609,18,SHC Orange,01Jan2021-31Dec2024,5,1,1518 W. La Veta Avenue,,Orange,CA,92868,Orange,(714) 285-9675,Non-profit,Yes,"US Renal Care, Inc.",Yes,24,Yes,Yes,No,12/29/08,01Oct2024-30Sep2025,01Oct2024-30Sep2025,01Jan2021-31Dec2024,As Expected,1,667,15.9,24.6,10.7,01Jan2024-31Dec2024,Better than Expected,1,158,88.4,142,59.2,01Jan2024-31Dec2024,As Expected,1,81,31.9,48.3,17.4,01Jan2024-31Dec2024,As Expected,1,74,6.1,33.4,1.7,01Jan2021-31Dec2023,As Expected,1,57,0.89,2.07,0.29,As Expected,1,141,27.6,43.6,15.8,01Jan2024-31Dec2024,As Expected,1,82,0.64,1.24,0.39,01Jan2023-31Dec2024,As Expected,1,77,0.99,1.97,0.34,01Jan2021-31Dec2023,As Expected,1,72,1.24,2.35,0.57,01Jan2024-31Dec2024,Better than Expected,1,0.31,0.86,0.08,As Expected,1,168,67.2,83,48,01Jul2025-30Sep2025,1,0,1,149,1429,97,1,30,289,99,259,0,,,259,0,,,13,1,0,1,67,1,186,1781,1,1,196,1851,7,23,24,28,18,1,168,1546,8,259,0,,
552611,17,DaVita Walnut Creek at Home,01Jan2021-31Dec2024,,260,400 N WIGET LANE,,WALNUT CREEK,CA,94598,Contra Costa,(925) 979-9732,Profit,Yes,DaVita,No,3,Yes,Yes,Yes,10/31/08,01Oct2024-30Sep2025,01Oct2024-30Sep2025,01Jan2021-31Dec2024,Not Available,199,28,,,,01Jan2024-31Dec2024,Not Available,199,5,,,,01Jan2024-31Dec2024,Not Available,199,2,,,,01Jan2024-31Dec2024,Not Available,199,3,,,,01Jan2021-31Dec2023,Not Available,199,1,,,,Not Available,199,9,,,,01Jan2024-31Dec2024,Not Available,199,3,,,,01Jan2023-31Dec2024,Not Available,199,2,,,,01Jan2021-31Dec2023,Not Available,201,0,,,,01Jan2024-31Dec2024,Not Available,201,,,,As Expected,1,11,71,100,26.3,01Jul2025-30Sep2025,199,,280,0,,,280,0,,,280,0,,,280,0,,,,199,,199,2,280,10,57,,280,11,59,,,,,,1,11,59,12,280,0,,
552612,17,DaVita Sunset Dialysis Center,01Jan2021-31Dec2024,3,1,3071 GOLD CANAL DRIVE,,RANCHO CORDOVA,CA,95670,Sacramento,(916) 638-8429,Profit,Yes,DaVita,Yes,24,Yes,No,No,1/7/09,01Oct2024-30Sep2025,01Oct2024-30Sep2025,01Jan2021-31Dec2024,As Expected,1,472,18.4,28.8,12.2,01Jan2024-31Dec2024,As Expected,1,122,147.5,216.9,106.5,01Jan2024-31Dec2024,As Expected,1,133,28.2,38.1,19.5,01Jan2024-31Dec2024,As Expected,1,38,55.4,121.4,30.6,01Jan2021-31Dec2023,As Expected,1,53,0.42,1.53,0.05,Better than Expected,1,113,31.8,50.1,17.8,01Jan2024-31Dec2024,Worse than Expected,1,44,2.25,3.74,1.54,01Jan2023-31Dec2024,As Expected,1,69,0.73,1.77,0.2,01Jan2021-31Dec2023,As Expected,1,83,0.6,1.39,0.19,01Jan2024-31Dec2024,As Expected,1,0.62,1.28,0.25,As Expected,1,151,67.5,85.4,45.7,01Jul2025-30Sep2025,1,16,280,143,1232,,280,0,,,280,0,,,280,0,,,16,1,4,1,25,280,150,1304,,280,156,1261,,,,,,1,151,1339,17,280,0,,
552613,18,USRC Ontario,01Jan2021-31Dec2024,3,1,"2850 Inland Empire Blvd., Suite C",,Ontario,CA,91764,San Bernardino,(909) 476-2638,Profit,Yes,"US Renal Care, Inc.",No,18,Yes,No,No,10/15/08,01Oct2024-30Sep2025,01Oct2024-30Sep2025,01Jan2021-31Dec2024,As Expected,1,312,23,34.7,15.7,01Jan2024-31Dec2024,As Expected,1,74,102.9,183.7,61.5,01Jan2024-31Dec2024,As Expected,1,50,26.2,44.8,13,01Jan2024-31Dec2024,As Expected,1,33,4.8,90.3,0.5,01Jan2021-31Dec2023,Worse than Expected,1,41,0,0.92,0,As Expected,1,82,19.8,39.3,8.6,01Jan2024-31Dec2024,As Expected,1,36,0.77,1.91,0.39,01Jan2023-31Dec2024,As Expected,1,48,0.82,1.83,0.25,01Jan2021-31Dec2023,As Expected,1,62,0.36,1.29,0.04,01Jan2024-31Dec2024,Better than Expected,1,0.13,0.64,0.01,As Expected,1,105,62.1,83,36.6,01Jul2025-30Sep2025,1,0,1,99,941,99,257,0,,,259,0,,,259,0,,,21,1,0,1,33,1,102,967,0,1,106,995,5,27,32,26,11,1,105,982,20,259,0,,
552614,18,DaVita Bixby Knolls Dialysis,01Jan2021-31Dec2024,3,1,3744 Long Beach Blvd.,,Long Beach,CA,90807,Los Angeles,(562) 424-1403,Profit,Yes,DaVita,No,24,Yes,No,No,9/29/08,01Oct2024-30Sep2025,01Oct2024-30Sep2025,01Jan2021-31Dec2024,As Expected,1,397,20.3,32.2,13.2,01Jan2024-31Dec2024,As Expected,1,87,134.7,219.3,89.2,01Jan2024-31Dec2024,As Expected,1,84,22.5,35.2,12.8,01Jan2024-31Dec2024,As Expected,1,36,53.8,125.4,28.3,01Jan2021-31Dec2023,As Expected,1,50,0.42,1.5,0.05,As Expected,1,89,8.5,28.2,2.1,01Jan2024-31Dec2024,As Expected,1,38,1.23,2.43,0.74,01Jan2023-31Dec2024,As Expected,1,71,0.91,1.89,0.33,01Jan2021-31Dec2023,As Expected,1,74,0.4,1.18,0.08,01Jan2024-31Dec2024,Better than Expected,1,0.24,0.8,0.04,As Expected,1,112,63.4,83.6,38.9,01Jul2025-30Sep2025,1,0,280,103,956,,280,0,,,280,0,,,280,0,,,18,1,0,1,28,280,110,1015,,280,116,1052,,,,,,1,112,1017,17,280,0,,
552616,18,FRESENIUS MEDICAL CARE OF LOMA LINDA,01Jan2021-31Dec2024,3,1,"269 E. Caroline Street, Suite A",,San Bernardino,CA,92408,San Bernardino,(909) 514-1008,Profit,Yes,Fresenius Medical Care,No,24,Yes,Yes,Yes,12/10/08,01Oct2024-30Sep2025,01Oct2024-30Sep2025,01Jan2021-31Dec2024,As Expected,1,508,18.2,28.7,11.9,01Jan2024-31Dec2024,As Expected,1,121,191.2,275,140.7,01Jan2024-31Dec2024,As Expected,1,154,33.8,44,24.8,01Jan2024-31Dec2024,Worse than Expected,1,57,58.9,122.5,33.8,01Jan2021-31Dec2023,As Expected,1,40,1.67,3.64,0.61,Better than Expected,1,139,31.5,47.1,19.2,01Jan2024-31Dec2024,As Expected,1,63,0.91,1.74,0.56,01Jan2023-31Dec2024,As Expected,1,106,0.98,1.78,0.46,01Jan2021-31Dec2023,As Expected,1,53,0.76,1.95,0.21,01Jan2024-31Dec2024,Better than Expected,1,0.29,0.8,0.07,As Expected,1,143,62.3,79.1,41.9,01Jul2025-30Sep2025,201,,1,136,1220,99,1,30,262,98,259,0,,,259,0,,,22,1,0,1,49,1,168,1544,1,1,176,1612,10,20,24,28,17,1,143,1293,17,259,0,,
552617,18,DaVita Park Sierra HT at Home,01Jan2021-31Dec2024,5,1,"3660 Park Sierra Drive, Suite 103",,Riverside,CA,92505,Riverside,(951) 373-4004,Profit,Yes,DaVita,No,2,No,Yes,Yes,4/17/09,01Oct2024-30Sep2025,01Oct2024-30Sep2025,01Jan2021-31Dec2024,As Expected,1,38,6.5,40.3,0.1,01Jan2024-31Dec2024,As Expected,1,12,104.3,324,38.7,01Jan2024-31Dec2024,Not Available,199,10,,,,01Jan2024-31Dec2024,Not Available,199,4,,,,01Jan2021-31Dec2023,Not Available,199,1,,,,Better than Expected,1,18,58,89.4,18.5,01Jan2024-31Dec2024,Not Available,199,5,,,,01Jan2023-31Dec2024,As Expected,1,20,0.32,1.61,0.01,01Jan2021-31Dec2023,Not Available,199,1,,,,01Jan2024-31Dec2024,Not Available,201,,,,As Expected,1,19,66.3,100,31.1,01Jul2025-30Sep2025,199,,280,1,1,,280,0,,,280,0,,,280,0,,,,199,,199,2,280,18,163,,280,19,160,,,,,,1,19,167,11,280,0,,
552618,18,DaVita San Marcos Dialysis Center,01Jan2021-31Dec2024,4,1,"2135 Montiel Road, Bldg. B",,San Marcos,CA,92069,San Diego,(760) 975-0170,Profit,Yes,DaVita,Yes,20,Yes,Yes,Yes,5/20/09,01Oct2024-30Sep2025,01Oct2024-30Sep2025,01Jan2021-31Dec2024,As Expected,1,680,24.7,35,18,01Jan2024-31Dec2024,As Expected,1,155,114.6,174.4,80.4,01Jan2024-31Dec2024,As Expected,1,114,21.9,34.1,12.8,01Jan2024-31Dec2024,As Expected,1,59,17.4,57.4,7,01Jan2021-31Dec2023,As Expected,1,68,0.42,1.24,0.09,As Expected,1,188,20.4,33.1,11.8,01Jan2024-31Dec2024,As Expected,1,70,0.88,1.65,0.55,01Jan2023-31Dec2024,As Expected,1,83,0.41,1.25,0.08,01Jan2021-31Dec2023,Better than Expected,1,72,2.21,3.71,1.21,01Jan2024-31Dec2024,Better than Expected,1,0.26,0.85,0.04,As Expected,1,185,68.4,84.5,48.8,01Jul2025-30Sep2025,1,2,280,161,1424,,280,55,510,,280,0,,,280,0,,,17,1,0,1,48,280,228,2099,,280,238,2043,,,,,,1,185,1623,5,280,0,,
552622,18,DaVita Canyon Springs Dialysis,01Jan2021-31Dec2024,3,1,22555 Alessandro Blvd.,BLDG 5,Moreno Valley,CA,92553,Riverside,(951) 653-6400,Profit,Yes,DaVita,No,32,Yes,No,No,5/21/09,01Oct2024-30Sep2025,01Oct2024-30Sep2025,01Jan2021-31Dec2024,As Expected,1,589,22.3,33.7,15.3,01Jan2024-31Dec2024,As Expected,1,145,156.5,224.6,115.4,01Jan2024-31Dec2024,As Expected,1,144,35.2,45.9,25.6,01Jan2024-31Dec2024,As Expected,1,44,36.1,95.8,17.2,01Jan2021-31Dec2023,As Expected,1,79,0.81,1.76,0.3,As Expected,1,172,20.7,34.4,11.5,01Jan2024-31Dec2024,As Expected,1,51,1.26,2.26,0.81,01Jan2023-31Dec2024,As Expected,1,72,0.75,1.47,0.3,01Jan2021-31Dec2023,As Expected,1,100,1.46,2.41,0.82,01Jan2024-31Dec2024,Better than Expected,1,0.16,0.51,0.03,As Expected,1,206,71.9,85.6,55.3,01Jul2025-30Sep2025,1,0,280,191,1620,,280,0,,,280,0,,,280,0,,,19,1,0,1,36,280,195,1651,,280,209,1623,,,,,,1,206,1722,12,280,0,,
552623,18,FRESENIUS MEDICAL CARE MEADOWS FIELD,01Jan2021-31Dec2024,3,1,"3101 Pegasus Drive, Suite 100",,Bakersfield,CA,93308,Kern,(661) 615-4200,Profit,Yes,Fresenius Medical Care,No,21,Yes,Yes,No,4/6/09,01Oct2024-30Sep2025,01Oct2024-30Sep2025,01Jan2021-31Dec2024,As Expected,1,266,21.8,34.7,14.1,01Jan2024-31Dec2024,As Expected,1,71,133.1,229.5,82.2,01Jan2024-31Dec2024,As Expected,1,53,32.2,50.8,17.8,01Jan2024-31Dec2024,As Expected,1,45,27.8,78.4,12.7,01Jan2021-31Dec2023,As Expected,1,32,1,2.91,0.21,As Expected,1,77,20.8,43.4,8.3,01Jan2024-31Dec2024,As Expected,1,46,1.26,2.29,0.8,01Jan2023-31Dec2024,Worse than Expected,1,68,1.84,2.91,1.02,01Jan2021-31Dec2023,As Expected,1,36,0.29,1.59,0.01,01Jan2024-31Dec2024,Better than Expected,1,0,0.68,,As Expected,1,64,72,89.3,53.7,01Jul2025-30Sep2025,201,,1,62,536,98,1,24,161,98,259,0,,,259,0,,,30,1,0,1,30,1,82,703,1,1,88,751,5,22,24,28,20,1,64,565,14,259,0,,
552624,18,DaVita Downey Landing Dialysis Center,01Jan2021-31Dec2024,4,1,11611 Bellflower Blvd.,,Downey,CA,90241,Los Angeles,(562) 862-0001,Profit,Yes,DaVita,No,31,Yes,No,No,6/8/09,01Oct2024-30Sep2025,01Oct2024-30Sep2025,01Jan2021-31Dec2024,As Expected,1,517,26.1,38.2,18.5,01Jan2024-31Dec2024,As Expected,1,118,109.6,176.7,73.3,01Jan2024-31Dec2024,As Expected,1,82,20.8,35.2,10.6,01Jan2024-31Dec2024,Not Available,199,15,,,,01Jan2021-31Dec2023,As Expected,1,45,0.8,2.35,0.17,As Expected,1,111,14.6,31.8,5.9,01Jan2024-31Dec2024,As Expected,1,18,1.22,2.82,0.53,01Jan2023-31Dec2024,As Expected,1,18,1.41,4.56,0.15,01Jan2021-31Dec2023,Worse than Expected,1,65,0.15,0.82,0,01Jan2024-31Dec2024,Better than Expected,1,0.22,0.74,0.04,As Expected,1,155,68,84.9,47.4,01Jul2025-30Sep2025,1,0,280,146,1440,,280,0,,,280,0,,,280,0,,,,199,,199,6,280,149,1467,,280,160,1525,,,,,,1,155,1525,7,280,0,,
552626,18,DaVita Hesperia Dialysis Center,01Jan2021-31Dec2024,3,1,"14135 Main Street, Suite 501",,Hesperia,CA,92345,San Bernardino,(760) 947-7405,Profit,Yes,DaVita,No,20,Yes,Yes,No,6/17/09,01Oct2024-30Sep2025,01Oct2024-30Sep2025,01Jan2021-31Dec2024,As Expected,1,419,26.4,40.7,17.7,01Jan2024-31Dec2024,As Expected,1,97,172.1,272,117,01Jan2024-31Dec2024,As Expected,1,93,37.3,51,25.5,01Jan2024-31Dec2024,As Expected,1,28,11.9,94.8,2.5,01Jan2021-31Dec2023,As Expected,1,34,1.28,3.27,0.35,As Expected,1,116,9.5,24.8,3.2,01Jan2024-31Dec2024,As Expected,1,30,0.89,1.96,0.43,01Jan2023-31Dec2024,As Expected,1,38,0.62,1.76,0.13,01Jan2021-31Dec2023,As Expected,1,67,0.54,1.57,0.11,01Jan2024-31Dec2024,Better than Expected,1,0.12,0.59,0.01,As Expected,1,141,59.8,79.3,36.2,01Jul2025-30Sep2025,1,0,280,124,993,,280,0,,,280,0,,,280,0,,,24,1,0,1,21,280,131,1126,,280,139,1100,,,,,,1,141,1170,16,280,0,,
552627,18,DaVita Riverside Mission Home Training,01Jan2021-31Dec2024,5,1,"3660 Park Sierra Dr, Suite 108",,Riverside,CA,92505,Riverside,(951) 687-3900,Profit,Yes,DaVita,No,11,No,Yes,No,4/17/09,01Oct2024-30Sep2025,01Oct2024-30Sep2025,01Jan2021-31Dec2024,As Expected,1,665,28.8,42.5,20.1,01Jan2024-31Dec2024,As Expected,1,160,138.3,207.3,98.2,01Jan2024-31Dec2024,As Expected,1,104,23.3,35.2,14.2,01Jan2024-31Dec2024,As Expected,1,55,22.7,68.7,9.8,01Jan2021-31Dec2023,Better than Expected,1,95,2.26,3.42,1.41,Better than Expected,1,241,35.5,46.9,25.4,01Jan2024-31Dec2024,As Expected,1,61,0.64,1.53,0.33,01Jan2023-31Dec2024,As Expected,1,65,0.87,1.94,0.28,01Jan2021-31Dec2023,Not Available,201,0,,,,01Jan2024-31Dec2024,Not Available,201,,,,Not Available,256,0,,,,01Jul2025-30Sep2025,1,6,280,0,,,280,265,2190,,280,0,,,280,0,,,32,1,0,1,37,280,265,2190,,280,270,2225,,,,,,256,0,,,280,0,,
552628,18,RAI - JUNIPER AVE - FONTANA,01Jan2021-31Dec2024,3,1,"10557 Juniper Avenue, Suite B",,Fontana,CA,92337,San Bernardino,(909) 854-4336,Profit,Yes,Fresenius Medical Care,No,24,Yes,Yes,Yes,4/24/09,01Oct2024-30Sep2025,01Oct2024-30Sep2025,01Jan2021-31Dec2024,As Expected,1,700,17.3,26.4,11.7,01Jan2024-31Dec2024,As Expected,1,168,144,208.4,105.5,01Jan2024-31Dec2024,As Expected,1,138,28.3,40.9,18.5,01Jan2024-31Dec2024,As Expected,1,66,22.7,63.9,10.3,01Jan2021-31Dec2023,As Expected,1,82,0.69,1.5,0.25,As Expected,1,214,21.4,33.3,12.9,01Jan2024-31Dec2024,As Expected,1,72,1.05,1.9,0.68,01Jan2023-31Dec2024,As Expected,1,85,1.26,2.33,0.59,01Jan2021-31Dec2023,As Expected,1,75,0.61,1.42,0.2,01Jan2024-31Dec2024,Better than Expected,1,0.08,0.41,0,As Expected,1,197,66.7,81.4,48.8,01Jul2025-30Sep2025,201,,1,166,1533,100,1,53,467,90,259,0,,,259,0,,,20,1,0,1,45,1,241,2291,0,1,250,2379,6,18,25,29,22,1,197,1852,13,259,0,,
552629,17,SHC San Leandro,01Jan2021-31Dec2024,3,1,801 DAVIS STREET,,SAN LEANDRO,CA,94577,Alameda,(510) 352-4011,Non-profit,Yes,"US Renal Care, Inc.",Yes,25,Yes,No,No,10/30/09,01Oct2024-30Sep2025,01Oct2024-30Sep2025,01Jan2021-31Dec2024,As Expected,1,391,19.2,30.6,12.5,01Jan2024-31Dec2024,As Expected,1,90,119.8,201,77.4,01Jan2024-31Dec2024,As Expected,1,75,26.1,40.9,15.1,01Jan2024-31Dec2024,As Expected,1,48,51.2,104.2,29.9,01Jan2021-31Dec2023,As Expected,1,43,0.54,1.95,0.07,As Expected,1,112,29.3,47,16.2,01Jan2024-31Dec2024,As Expected,1,52,1.19,2.22,0.74,01Jan2023-31Dec2024,As Expected,1,82,0.86,1.7,0.32,01Jan2021-31Dec2023,As Expected,1,58,0.96,2.23,0.31,01Jan2024-31Dec2024,Better than Expected,1,0,0.38,,As Expected,1,128,61.9,81.4,38.3,01Jul2025-30Sep2025,1,0,1,121,1128,94,257,0,,,259,0,,,259,0,,,27,1,0,1,41,1,128,1197,1,1,132,1230,6,18,23,27,26,1,128,1212,11,259,0,,
552630,18,DaVita Fountain Valley Dialysis,01Jan2021-31Dec2024,3,1,"17150 Euclid Street, Suite 111",,Fountain Valley,CA,92708,Orange,(714) 966-1595,Profit,Yes,DaVita,No,21,Yes,No,No,10/6/09,01Oct2024-30Sep2025,01Oct2024-30Sep2025,01Jan2021-31Dec2024,As Expected,1,325,26.3,37.9,18.9,01Jan2024-31Dec2024,As Expected,1,81,152.9,243.3,101.3,01Jan2024-31Dec2024,As Expected,1,61,32.5,50.3,17.8,01Jan2024-31Dec2024,As Expected,1,27,18.4,100.1,5.1,01Jan2021-31Dec2023,As Expected,1,44,0.48,1.75,0.06,As Expected,1,89,14,35.6,4.6,01Jan2024-31Dec2024,As Expected,1,36,0.96,1.8,0.54,01Jan2023-31Dec2024,As Expected,1,58,0.65,1.39,0.23,01Jan2021-31Dec2023,As Expected,1,71,0.63,1.61,0.17,01Jan2024-31Dec2024,Better than Expected,1,0.17,0.82,0.01,As Expected,1,115,70.5,89,47.9,01Jul2025-30Sep2025,1,1,280,92,827,,280,0,,,280,0,,,280,0,,,8,1,4,1,25,280,102,913,,280,114,964,,,,,,1,115,960,9,280,0,,
552631,18,FMC-NEWPORT MESA DIALYSIS SERVICES,01Jan2021-31Dec2024,4,1,"1175 Baker Street, Suite B",,Costa Mesa,CA,92626,Orange,(714) 641-5808,Profit,Yes,Fresenius Medical Care,Yes,16,Yes,Yes,No,10/15/09,01Oct2024-30Sep2025,01Oct2024-30Sep2025,01Jan2021-31Dec2024,As Expected,1,407,18.4,29.4,11.9,01Jan2024-31Dec2024,As Expected,1,91,113.6,190.7,73.4,01Jan2024-31Dec2024,As Expected,1,67,28.8,45.4,15.2,01Jan2024-31Dec2024,As Expected,1,36,20.7,76.9,7.7,01Jan2021-31Dec2023,As Expected,1,44,0.24,1.34,0.01,As Expected,1,89,23.2,43.4,10.6,01Jan2024-31Dec2024,As Expected,1,50,0.9,1.85,0.52,01Jan2023-31Dec2024,As Expected,1,73,1,2.21,0.33,01Jan2021-31Dec2023,As Expected,1,59,0.19,1.03,0,01Jan2024-31Dec2024,Better than Expected,1,0.28,0.93,0.05,As Expected,1,101,65.5,86,40.6,01Jul2025-30Sep2025,201,,1,85,835,99,1,20,148,87,259,0,,,259,0,,,17,1,0,1,29,1,114,1107,0,1,120,1144,6,25,30,23,16,1,101,967,15,259,0,,
552632,17,SHC Tracy,01Jan2021-31Dec2024,5,1,2156 WEST GRANT LINE ROAD #150,,TRACY,CA,95377,San Joaquin,(209) 832-4899,Non-profit,Yes,"US Renal Care, Inc.",No,25,Yes,Yes,Yes,10/14/09,01Oct2024-30Sep2025,01Oct2024-30Sep2025,01Jan2021-31Dec2024,As Expected,1,392,21.9,34.7,14.2,01Jan2024-31Dec2024,As Expected,1,97,99.5,174.6,61.9,01Jan2024-31Dec2024,As Expected,1,67,19.4,35.1,9,01Jan2024-31Dec2024,As Expected,1,57,24.4,64.7,11.6,01Jan2021-31Dec2023,As Expected,1,44,1.62,3.53,0.6,Better than Expected,1,90,43.7,62.5,26.6,01Jan2024-31Dec2024,As Expected,1,69,1.05,1.87,0.68,01Jan2023-31Dec2024,As Expected,1,83,1.6,2.75,0.78,01Jan2021-31Dec2023,As Expected,1,66,0.82,1.92,0.27,01Jan2024-31Dec2024,Better than Expected,1,0.15,0.75,0.01,As Expected,1,101,73.7,91.7,51.8,01Jul2025-30Sep2025,1,0,1,100,890,97,1,18,171,86,259,0,,,259,0,,,10,1,0,1,41,1,117,1064,1,1,119,1087,12,19,25,25,19,1,101,918,10,259,0,,
552633,17,DaVita San Leandro Dialysis,01Jan2021-31Dec2024,5,1,15555 EAST 14TH STREET SUITE 520,,SAN LEANDRO,CA,94578,Alameda,(510) 317-6510,Profit,Yes,DaVita,No,24,Yes,No,No,12/14/09,01Oct2024-30Sep2025,01Oct2024-30Sep2025,01Jan2021-31Dec2024,As Expected,1,396,14.9,24.9,9.1,01Jan2024-31Dec2024,As Expected,1,88,100,169.4,62.7,01Jan2024-31Dec2024,As Expected,1,52,19.1,33.6,8.6,01Jan2024-31Dec2024,As Expected,1,42,31.4,83.4,15,01Jan2021-31Dec2023,Not Available,199,18,,,,As Expected,1,91,27.1,46.8,13.6,01Jan2024-31Dec2024,As Expected,1,50,1.05,1.96,0.66,01Jan2023-31Dec2024,As Expected,1,71,0.72,1.53,0.24,01Jan2021-31Dec2023,As Expected,1,37,0.62,2.25,0.08,01Jan2024-31Dec2024,Better than Expected,1,0,0.46,,As Expected,1,125,64.8,83.2,42.5,01Jul2025-30Sep2025,1,1,280,115,954,,280,0,,,280,0,,,280,0,,,14,1,6,1,36,280,120,1022,,280,125,1068,,,,,,1,125,1072,13,280,0,,
552635,17,SHC Santa Teresa,01Jan2021-31Dec2024,4,1,7019 REALM DRIVE,,SAN JOSE,CA,95119,Santa Clara,(408) 229-1110,Non-profit,Yes,"US Renal Care, Inc.",Yes,25,Yes,No,No,1/5/10,01Oct2024-30Sep2025,01Oct2024-30Sep2025,01Jan2021-31Dec2024,As Expected,1,341,18.6,28.4,12.6,01Jan2024-31Dec2024,As Expected,1,86,165.1,252.4,113.3,01Jan2024-31Dec2024,As Expected,1,93,30.5,42.8,20.1,01Jan2024-31Dec2024,As Expected,1,41,37.5,99.7,17.9,01Jan2021-31Dec2023,As Expected,1,33,1.47,3.42,0.48,As Expected,1,80,29.7,50.8,14.7,01Jan2024-31Dec2024,As Expected,1,43,1.27,2.27,0.74,01Jan2023-31Dec2024,As Expected,1,76,0.56,1.4,0.12,01Jan2021-31Dec2023,As Expected,1,62,1.35,2.67,0.58,01Jan2024-31Dec2024,Better than Expected,1,0.15,0.75,0.01,As Expected,1,107,61.8,82.7,36.3,01Jul2025-30Sep2025,1,0,1,91,838,95,257,0,,,259,0,,,259,0,,,41,1,0,1,29,1,104,950,0,1,107,979,9,20,22,29,20,1,107,970,14,259,0,,
552636,18,RAI - E. 6TH ST - BEAUMONT,01Jan2021-31Dec2024,3,1,1536 E. 6th Street,,Beaumont,CA,92223,Riverside,(951) 769-5072,Profit,Yes,Fresenius Medical Care,No,24,Yes,Yes,Yes,9/10/09,01Oct2024-30Sep2025,01Oct2024-30Sep2025,01Jan2021-31Dec2024,As Expected,1,434,25.5,38.8,17.3,01Jan2024-31Dec2024,As Expected,1,111,174.9,264.3,123.4,01Jan2024-31Dec2024,As Expected,1,112,32.5,43.5,22.9,01Jan2024-31Dec2024,As Expected,1,39,40.3,113.5,18.4,01Jan2021-31Dec2023,As Expected,1,48,1.08,2.51,0.35,As Expected,1,101,18.6,38.1,7.8,01Jan2024-31Dec2024,As Expected,1,44,1.09,2.2,0.57,01Jan2023-31Dec2024,As Expected,1,67,1.15,2.16,0.48,01Jan2021-31Dec2023,As Expected,1,72,0.42,1.23,0.09,01Jan2024-31Dec2024,Better than Expected,1,0.4,0.95,0.13,As Expected,1,135,61.5,80.1,38.9,01Jul2025-30Sep2025,201,,1,124,1141,99,201,0,,,259,0,,,259,0,,,28,1,0,1,25,1,128,1154,0,1,137,1201,8,20,25,26,21,1,135,1175,19,259,0,,
552638,17,DaVita Livermore Dialysis,01Jan2021-31Dec2024,5,1,3201 DOOLAN ROAD SUITE 175,,LIVERMORE,CA,94551,Alameda,(925) 245-9780,Profit,Yes,DaVita,No,24,Yes,No,No,2/3/10,01Oct2024-30Sep2025,01Oct2024-30Sep2025,01Jan2021-31Dec2024,As Expected,1,392,18.2,28.6,11.9,01Jan2024-31Dec2024,As Expected,1,98,98.6,169.6,62.4,01Jan2024-31Dec2024,As Expected,1,69,25,38.8,14.2,01Jan2024-31Dec2024,As Expected,1,38,18.3,79,6,01Jan2021-31Dec2023,As Expected,1,41,2.21,4.56,0.89,As Expected,1,68,21.7,46.1,8.2,01Jan2024-31Dec2024,Worse than Expected,1,43,1.89,3.17,1.29,01Jan2023-31Dec2024,As Expected,1,52,0.87,1.64,0.34,01Jan2021-31Dec2023,As Expected,1,69,0.44,1.28,0.09,01Jan2024-31Dec2024,Better than Expected,1,0,0.42,,As Expected,1,118,71.8,89.4,50.4,01Jul2025-30Sep2025,1,2,280,110,995,,280,0,,,280,0,,,280,0,,,10,1,0,1,30,280,112,1024,,280,119,1001,,,,,,1,118,1044,11,280,0,,
552639,18,DaVita Iowa Street Dialysis,01Jan2021-31Dec2024,4,1,"8333 Iowa Street, Suite 100",,Downey,CA,90241,Los Angeles,(562) 923-5901,Profit,Yes,DaVita,No,21,Yes,No,No,9/25/09,01Oct2024-30Sep2025,01Oct2024-30Sep2025,01Jan2021-31Dec2024,As Expected,1,348,18.7,31,11.6,01Jan2024-31Dec2024,As Expected,1,92,137.7,223.7,91.5,01Jan2024-31Dec2024,As Expected,1,73,23.8,37.7,12.9,01Jan2024-31Dec2024,As Expected,1,44,19.1,70.8,7.1,01Jan2021-31Dec2023,As Expected,1,54,0.7,1.79,0.19,As Expected,1,100,25.2,44.3,12.5,01Jan2024-31Dec2024,As Expected,1,48,0.91,1.96,0.51,01Jan2023-31Dec2024,As Expected,1,74,0.96,2.03,0.34,01Jan2021-31Dec2023,As Expected,1,66,0.84,1.82,0.31,01Jan2024-31Dec2024,As Expected,1,0.59,1.22,0.24,As Expected,1,128,60.3,79.4,37.1,01Jul2025-30Sep2025,1,0,280,119,980,,280,0,,,280,0,,,280,0,,,20,1,0,1,35,280,124,1031,,280,129,1097,,,,,,1,128,1103,22,280,0,,
552640,18,Montebello Artificial Kidney Center,01Jan2021-31Dec2024,3,1,3404 W. Beverly Blvd.,,Montebello,CA,90640,Los Angeles,(323) 728-7580,Profit,No,Independent,No,24,Yes,No,Yes,9/28/09,01Oct2024-30Sep2025,01Oct2024-30Sep2025,01Jan2021-31Dec2024,As Expected,1,322,16.7,28.7,9.9,01Jan2024-31Dec2024,As Expected,1,74,139.4,223.9,91.6,01Jan2024-31Dec2024,As Expected,1,72,33.9,48.9,21,01Jan2024-31Dec2024,Not Available,199,30,,,,01Jan2021-31Dec2023,As Expected,1,40,0,1.41,0,As Expected,1,88,16.5,37,6.3,01Jan2024-31Dec2024,As Expected,1,49,0.95,1.89,0.56,01Jan2023-31Dec2024,As Expected,1,83,0.91,1.78,0.39,01Jan2021-31Dec2023,Worse than Expected,1,58,0,0.8,0,01Jan2024-31Dec2024,As Expected,1,0.45,1.23,0.12,As Expected,1,112,75,91.2,55.3,01Jul2025-30Sep2025,201,,1,108,973,98,257,0,,,259,0,,,259,0,,,10,1,0,1,41,1,111,997,1,1,111,1017,3,29,42,9,17,1,112,1030,10,259,0,,
552641,18,FRESENIUS MEDICAL CARE NORWALK EAST,01Jan2021-31Dec2024,2,1,13063 Rosecrans Avenue,,Santa Fe Springs,CA,90670,Los Angeles,(562) 404-7400,Profit,Yes,Fresenius Medical Care,Yes,18,Yes,Yes,No,12/4/09,01Oct2024-30Sep2025,01Oct2024-30Sep2025,01Jan2021-31Dec2024,As Expected,1,372,21.7,35.9,13.5,01Jan2024-31Dec2024,As Expected,1,80,167.1,263.7,111.5,01Jan2024-31Dec2024,As Expected,1,70,34.3,47.5,23,01Jan2024-31Dec2024,As Expected,1,37,26.7,88.4,10.8,01Jan2021-31Dec2023,As Expected,1,35,0.25,1.41,0.01,As Expected,1,87,13.1,32.8,4.4,01Jan2024-31Dec2024,As Expected,1,39,0.55,1.33,0.24,01Jan2023-31Dec2024,As Expected,1,82,0.45,1.19,0.1,01Jan2021-31Dec2023,Worse than Expected,1,48,0,0.8,0,01Jan2024-31Dec2024,Better than Expected,1,0.26,0.86,0.04,As Expected,1,106,61.4,82.8,35.5,01Jul2025-30Sep2025,201,,1,93,835,99,201,0,,,259,0,,,259,0,,,13,1,0,1,15,1,96,897,0,1,107,940,6,19,23,28,23,1,106,923,24,259,0,,
552642,17,DaVita Westlake Daly City Dialysis Center,01Jan2021-31Dec2024,5,1,2201 JUNIPERO SIERRA BOULEVARD. #A,,DALY CITY,CA,94014,San Mateo,(650) 755-9480,Profit,Yes,DaVita,No,31,Yes,No,No,2/18/10,01Oct2024-30Sep2025,01Oct2024-30Sep2025,01Jan2021-31Dec2024,As Expected,1,537,19.2,28.3,13.6,01Jan2024-31Dec2024,As Expected,1,128,133,202.4,93.3,01Jan2024-31Dec2024,As Expected,1,116,27.2,38,17.4,01Jan2024-31Dec2024,As Expected,1,48,25.6,72.2,11.7,01Jan2021-31Dec2023,Not Available,199,35,,,,As Expected,1,71,30.8,54.9,14,01Jan2024-31Dec2024,As Expected,1,56,1.2,2.23,0.75,01Jan2023-31Dec2024,As Expected,1,93,0.96,1.84,0.41,01Jan2021-31Dec2023,As Expected,1,75,0.78,1.82,0.25,01Jan2024-31Dec2024,Better than Expected,1,0,0.36,,As Expected,1,133,74,91,53.3,01Jul2025-30Sep2025,1,2,280,120,1159,,280,0,,,280,0,,,280,0,,,8,1,0,1,39,280,129,1249,,280,134,1185,,,,,,1,133,1266,9,280,0,,
552644,18,DaVita Hanford At Home Dialysis,01Jan2021-31Dec2024,,260,900 N. Douty Street,,Hanford,CA,93230,Kings,(559) 587-9014,Profit,Yes,DaVita,No,0,No,Yes,Yes,1/20/10,01Oct2024-30Sep2025,01Oct2024-30Sep2025,01Jan2021-31Dec2024,Worse than Expected,1,106,43.1,73.7,23.2,01Jan2024-31Dec2024,As Expected,1,20,157.7,351.5,78.2,01Jan2024-31Dec2024,As Expected,1,15,26.1,52.4,8.1,01Jan2024-31Dec2024,Not Available,199,14,,,,01Jan2021-31Dec2023,Not Available,199,13,,,,As Expected,1,28,29.2,66.7,7.8,01Jan2024-31Dec2024,As Expected,1,14,0.69,2.26,0.22,01Jan2023-31Dec2024,As Expected,1,18,1.69,3.7,0.45,01Jan2021-31Dec2023,Not Available,201,0,,,,01Jan2024-31Dec2024,Not Available,201,,,,Not Available,201,0,,,,01Jul2025-30Sep2025,1,0,280,0,,,280,30,264,,280,0,,,280,0,,,18,1,0,1,11,280,30,264,,280,30,247,,,,,,201,0,,,280,0,,
552645,17,DaVita Fresno at Home Center-PD,01Jan2021-31Dec2024,,260,"6121 N. THESTA ST., STE# 102",,FRESNO,CA,93710,Fresno,(559) 437-3856,Profit,Yes,DaVita,No,0,No,Yes,Yes,1/12/10,01Oct2024-30Sep2025,01Oct2024-30Sep2025,01Jan2021-31Dec2024,As Expected,1,58,33.4,71.3,13,01Jan2024-31Dec2024,As Expected,1,11,109.9,474.4,30.5,01Jan2024-31Dec2024,Not Available,199,5,,,,01Jan2024-31Dec2024,Not Available,199,10,,,,01Jan2021-31Dec2023,As Expected,1,14,0.89,2.28,0.24,As Expected,1,24,42.9,78.2,13.7,01Jan2024-31Dec2024,As Expected,1,11,0.59,2.41,0.15,01Jan2023-31Dec2024,As Expected,1,16,1.7,4.31,0.32,01Jan2021-31Dec2023,Not Available,201,0,,,,01Jan2024-31Dec2024,Not Available,201,,,,As Expected,1,15,33.2,76.9,0,01Jul2025-30Sep2025,1,2,280,0,,,280,10,70,,280,0,,,280,0,,,,199,,199,5,280,25,145,,280,26,139,,,,,,1,15,79,57,280,0,,
552646,17,FRESENIUS MEDICAL CARE FRESNO NORTH,01Jan2021-31Dec2024,5,1,6737 N. WILLOW BLDG C,,FRESNO,CA,93710,Fresno,(559) 324-1070,Profit,Yes,Fresenius Medical Care,No,20,Yes,Yes,No,12/7/09,01Oct2024-30Sep2025,01Oct2024-30Sep2025,01Jan2021-31Dec2024,As Expected,1,236,20,33,12.5,01Jan2024-31Dec2024,As Expected,1,57,107,207.2,59.5,01Jan2024-31Dec2024,As Expected,1,33,10.2,27.1,2.2,01Jan2024-31Dec2024,As Expected,1,21,6.9,129.6,0.7,01Jan2021-31Dec2023,Not Available,199,22,,,,As Expected,1,57,26.8,51.7,11.1,01Jan2024-31Dec2024,As Expected,1,27,0.52,1.76,0.17,01Jan2023-31Dec2024,As Expected,1,34,1.54,3.4,0.51,01Jan2021-31Dec2023,As Expected,1,34,0.3,1.7,0.01,01Jan2024-31Dec2024,As Expected,1,0.35,1.17,0.06,As Expected,1,75,73.2,93.9,52.8,01Jul2025-30Sep2025,201,,1,74,708,99,201,0,,,259,0,,,259,0,,,11,1,0,1,19,1,77,744,1,1,77,755,8,22,25,28,18,1,75,746,11,259,0,,
552647,17,DaVita Merced East Dialysis,01Jan2021-31Dec2024,3,1,464 EAST YOSEMITE AVENUE STE B,,MERCED,CA,95340,Merced,(209) 205-1126,Profit,Yes,DaVita,No,12,Yes,No,No,12/9/09,01Oct2024-30Sep2025,01Oct2024-30Sep2025,01Jan2021-31Dec2024,As Expected,1,207,28,42.5,18.5,01Jan2024-31Dec2024,As Expected,1,47,138.7,238.1,86.8,01Jan2024-31Dec2024,As Expected,1,51,28.8,44.5,16.4,01Jan2024-31Dec2024,As Expected,1,29,23,99.5,7.6,01Jan2021-31Dec2023,Not Available,199,15,,,,As Expected,1,44,27.6,55.3,10.5,01Jan2024-31Dec2024,As Expected,1,33,1.22,2.35,0.67,01Jan2023-31Dec2024,As Expected,1,40,1.67,3.23,0.64,01Jan2021-31Dec2023,As Expected,1,33,1.23,3.15,0.34,01Jan2024-31Dec2024,As Expected,1,0.33,1.08,0.06,As Expected,1,62,68.2,86.4,49.1,01Jul2025-30Sep2025,1,0,280,54,530,,280,0,,,280,0,,,280,0,,,13,1,4,1,24,280,58,578,,280,62,600,,,,,,1,62,588,20,280,0,,
552648,17,RAI - STERLING PKWY - LINCOLN,01Jan2021-31Dec2024,3,1,811 STERLING PARKWAY,,LINCOLN,CA,95648,Placer,(916) 434-5597,Profit,Yes,Fresenius Medical Care,No,21,Yes,No,No,2/3/10,01Oct2024-30Sep2025,01Oct2024-30Sep2025,01Jan2021-31Dec2024,As Expected,1,372,20.5,31.8,13.6,01Jan2024-31Dec2024,As Expected,1,91,138.5,222.4,91.1,01Jan2024-31Dec2024,As Expected,1,76,30.4,44.4,19.3,01Jan2024-31Dec2024,As Expected,1,36,17.7,76.7,5.8,01Jan2021-31Dec2023,Not Available,199,21,,,,As Expected,1,58,24.2,51.9,8.6,01Jan2024-31Dec2024,As Expected,1,51,0.84,1.85,0.46,01Jan2023-31Dec2024,As Expected,1,53,0.74,1.94,0.17,01Jan2021-31Dec2023,As Expected,1,56,1.09,2.54,0.35,01Jan2024-31Dec2024,Better than Expected,1,0.14,0.69,0.01,As Expected,1,95,60.6,80.5,41,01Jul2025-30Sep2025,201,,1,78,720,100,257,0,,,259,0,,,259,0,,,0,1,0,1,24,1,92,821,4,1,95,857,9,24,27,25,15,1,95,857,21,259,0,,
552649,18,DaVita Carabello Dialysis Center,01Jan2021-31Dec2024,3,1,757 E. Wahington Blvd.,,Los Angeles,CA,90021,Los Angeles,(213) 745-2860,Profit,Yes,DaVita,No,24,Yes,Yes,No,1/29/10,01Oct2024-30Sep2025,01Oct2024-30Sep2025,01Jan2021-31Dec2024,As Expected,1,250,23.5,37.1,14.7,01Jan2024-31Dec2024,As Expected,1,63,128.5,221.9,80.1,01Jan2024-31Dec2024,As Expected,1,33,17.5,39.1,5.3,01Jan2024-31Dec2024,As Expected,1,33,18.6,101.2,5.2,01Jan2021-31Dec2023,As Expected,1,41,0.41,1.48,0.05,As Expected,1,75,9.8,28.8,2.8,01Jan2024-31Dec2024,As Expected,1,34,0.82,1.86,0.38,01Jan2023-31Dec2024,As Expected,1,20,1.6,3.75,0.36,01Jan2021-31Dec2023,As Expected,1,59,0.33,1.2,0.04,01Jan2024-31Dec2024,As Expected,1,1.07,1.96,0.52,As Expected,1,74,68.4,88.5,48.6,01Jul2025-30Sep2025,1,0,280,74,652,,280,13,131,,280,0,,,280,0,,,,199,,199,10,280,84,793,,280,84,801,,,,,,1,74,681,23,280,0,,
552650,17,DaVita Sanger Sequoia Dialysis,01Jan2021-31Dec2024,4,1,2517 JENSEN AVENUE BUILDING B,,SANGER,CA,93657,Fresno,(559) 876-3852,Profit,Yes,DaVita,Yes,16,Yes,No,No,3/10/10,01Oct2024-30Sep2025,01Oct2024-30Sep2025,01Jan2021-31Dec2024,As Expected,1,315,23.4,35.3,16.1,01Jan2024-31Dec2024,As Expected,1,77,97.8,172.7,59,01Jan2024-31Dec2024,As Expected,1,42,17.6,33,7.1,01Jan2024-31Dec2024,As Expected,1,34,30.4,100.5,12.3,01Jan2021-31Dec2023,As Expected,1,46,0.46,1.68,0.06,As Expected,1,88,22.9,44.3,10,01Jan2024-31Dec2024,As Expected,1,36,1.42,2.73,0.87,01Jan2023-31Dec2024,As Expected,1,56,1.69,3.04,0.74,01Jan2021-31Dec2023,As Expected,1,66,0.74,1.74,0.24,01Jan2024-31Dec2024,As Expected,1,0.65,1.45,0.24,As Expected,1,112,70.2,88.4,48.2,01Jul2025-30Sep2025,1,2,280,105,924,,280,0,,,280,0,,,280,0,,,15,1,0,1,27,280,108,965,,280,113,992,,,,,,1,112,992,19,280,0,,
552652,17,SHC White Road,01Jan2021-31Dec2024,4,1,1450 S WHITE ROAD #30,,SAN JOSE,CA,95127,Santa Clara,(408) 272-9810,Non-profit,Yes,"US Renal Care, Inc.",No,25,Yes,No,No,7/8/10,01Oct2024-30Sep2025,01Oct2024-30Sep2025,01Jan2021-31Dec2024,As Expected,1,447,24.3,35.7,17.1,01Jan2024-31Dec2024,As Expected,1,87,155.5,233.5,108.5,01Jan2024-31Dec2024,As Expected,1,92,33.1,44.9,22.7,01Jan2024-31Dec2024,As Expected,1,39,19.8,73.5,7.3,01Jan2021-31Dec2023,Better than Expected,1,45,2.43,4.46,1.16,Better than Expected,1,88,39.1,59.5,21.9,01Jan2024-31Dec2024,As Expected,1,46,1.03,2.11,0.6,01Jan2023-31Dec2024,As Expected,1,75,1.09,2.23,0.38,01Jan2021-31Dec2023,Worse than Expected,1,79,0.25,0.92,0.03,01Jan2024-31Dec2024,Better than Expected,1,0.38,0.92,0.12,As Expected,1,123,57.5,76.4,34.5,01Jul2025-30Sep2025,1,0,1,98,831,96,257,0,,,259,0,,,259,0,,,11,1,0,1,36,1,120,1036,0,1,125,1102,7,25,27,27,14,1,123,1082,27,259,0,,
552653,17,SHC Merced,01Jan2021-31Dec2024,4,1,3376 NORTH HIGHWAY 59 SUITE I,,MERCED,CA,95348,Merced,(209) 383-7370,Non-profit,Yes,"US Renal Care, Inc.",No,24,Yes,Yes,No,6/16/10,01Oct2024-30Sep2025,01Oct2024-30Sep2025,01Jan2021-31Dec2024,As Expected,1,587,21.6,32.1,15.1,01Jan2024-31Dec2024,As Expected,1,138,132.9,202.6,93.1,01Jan2024-31Dec2024,As Expected,1,118,26.6,37.4,17.4,01Jan2024-31Dec2024,As Expected,1,92,20.4,49.4,10.4,01Jan2021-31Dec2023,As Expected,1,58,1.72,3.16,0.82,Better than Expected,1,139,33.6,49.6,20.6,01Jan2024-31Dec2024,As Expected,1,102,1.12,1.73,0.8,01Jan2023-31Dec2024,As Expected,1,171,1.22,1.82,0.7,01Jan2021-31Dec2023,As Expected,1,84,0.9,1.78,0.39,01Jan2024-31Dec2024,As Expected,1,1.37,2.21,0.8,As Expected,1,149,61.8,79.9,39.8,01Jul2025-30Sep2025,1,0,1,144,1232,92,1,41,332,86,259,0,,,259,0,,,20,1,0,1,66,1,178,1596,1,1,185,1675,11,26,24,24,16,1,149,1278,16,259,0,,
552655,18,FRESENIUS MEDICAL CARE IMPERIAL VALLEY HOME,01Jan2021-31Dec2024,5,1,"2205 W. Ross Avenue, Suite 3",,El Centro,CA,92243,Imperial,(760) 370-5790,Profit,Yes,Fresenius Medical Care,No,0,No,Yes,No,6/18/10,01Oct2024-30Sep2025,01Oct2024-30Sep2025,01Jan2021-31Dec2024,As Expected,1,272,13.3,26.8,6.6,01Jan2024-31Dec2024,As Expected,1,68,99,198.8,53.4,01Jan2024-31Dec2024,As Expected,1,29,30.9,58.5,12.1,01Jan2024-31Dec2024,Worse than Expected,1,46,61.6,125.4,35.9,01Jan2021-31Dec2023,As Expected,1,37,0.94,2.74,0.19,As Expected,1,68,30.3,54.2,13.8,01Jan2024-31Dec2024,As Expected,1,56,1.19,2.28,0.73,01Jan2023-31Dec2024,As Expected,1,45,1.55,2.94,0.53,01Jan2021-31Dec2023,Not Available,201,0,,,,01Jan2024-31Dec2024,Not Available,201,,,,Not Available,256,0,,,,01Jul2025-30Sep2025,201,,256,0,,,1,75,628,98,259,0,,,259,0,,,29,1,0,1,31,1,75,628,0,1,79,676,6,24,27,29,14,256,0,,,259,0,,
552657,18,"San Gabriel Nephrology Services, LLC",01Jan2021-31Dec2024,3,1,801 S. San Gabriel Blvd.,,San Gabriel,CA,91776,Los Angeles,(626) 285-1830,Profit,No,Independent,No,36,Yes,Yes,No,6/4/10,01Oct2024-30Sep2025,01Oct2024-30Sep2025,01Jan2021-31Dec2024,As Expected,1,780,25.9,35.5,19.5,01Jan2024-31Dec2024,As Expected,1,160,160.8,227.2,120.1,01Jan2024-31Dec2024,As Expected,1,166,28.1,38,19.6,01Jan2024-31Dec2024,Worse than Expected,1,63,53.8,103.6,32.7,01Jan2021-31Dec2023,Worse than Expected,1,148,0.23,0.66,0.05,As Expected,1,200,10.7,21.3,5,01Jan2024-31Dec2024,As Expected,1,76,0.91,1.67,0.58,01Jan2023-31Dec2024,As Expected,1,146,1.31,2.07,0.73,01Jan2021-31Dec2023,Worse than Expected,1,196,0.1,0.37,0.01,01Jan2024-31Dec2024,Not Available,201,,,,Better than Expected,1,236,90.6,96.2,83.7,01Jul2025-30Sep2025,201,,1,225,2061,95,1,31,284,46,259,0,,,259,0,,,85,1,0,1,59,1,257,2386,3,1,257,2333,9,19,24,26,22,1,236,2216,5,259,0,,
552659,18,DaVita Silver Lake Dialysis,01Jan2021-31Dec2024,2,1,2723 W. Temple St,,Los Angeles,CA,90026,Los Angeles,(213) 480-3039,Profit,Yes,DaVita,No,30,Yes,No,No,8/5/10,01Oct2024-30Sep2025,01Oct2024-30Sep2025,01Jan2021-31Dec2024,As Expected,1,238,18.8,30,11.7,01Jan2024-31Dec2024,As Expected,1,41,127.7,269.5,66.4,01Jan2024-31Dec2024,As Expected,1,33,28.4,47.2,13.7,01Jan2024-31Dec2024,Not Available,199,20,,,,01Jan2021-31Dec2023,Worse than Expected,1,53,0.17,0.92,0,As Expected,1,102,4,19.3,0.7,01Jan2024-31Dec2024,As Expected,1,26,0.49,1.59,0.15,01Jan2023-31Dec2024,As Expected,1,39,0.62,1.76,0.13,01Jan2021-31Dec2023,Worse than Expected,1,71,0.15,0.83,0,01Jan2024-31Dec2024,Not Available,201,,,,As Expected,1,119,66.2,84.3,44.1,01Jul2025-30Sep2025,1,0,280,109,948,,280,0,,,280,0,,,280,0,,,12,1,0,1,25,280,116,1012,,280,120,993,,,,,,1,119,1078,20,280,0,,
552660,18,DaVita Pasadena Foothills Dialysis Center,01Jan2021-31Dec2024,4,1,3722 E. Colorado Blvd.,,Pasadena,CA,91107,Los Angeles,(626) 432-4331,Profit,Yes,DaVita,No,21,Yes,Yes,No,9/29/10,01Oct2024-30Sep2025,01Oct2024-30Sep2025,01Jan2021-31Dec2024,As Expected,1,369,19.6,31.3,12.6,01Jan2024-31Dec2024,As Expected,1,76,125,210.8,78.6,01Jan2024-31Dec2024,As Expected,1,48,31,49.9,16.4,01Jan2024-31Dec2024,As Expected,1,33,26.4,97.9,9.8,01Jan2021-31Dec2023,As Expected,1,25,0.78,2.83,0.09,Better than Expected,1,73,33.8,56,17,01Jan2024-31Dec2024,As Expected,1,43,0.53,1.23,0.24,01Jan2023-31Dec2024,As Expected,1,65,0.62,1.65,0.14,01Jan2021-31Dec2023,As Expected,1,50,0.49,1.76,0.06,01Jan2024-31Dec2024,As Expected,1,0.41,1.13,0.11,As Expected,1,93,68.1,87.5,49,01Jul2025-30Sep2025,1,2,280,83,708,,280,17,131,,280,0,,,280,0,,,14,1,0,1,44,280,104,908,,280,105,903,,,,,,1,93,781,17,280,0,,
552661,18,DaVita Gateway Plaza Dialysis Center,01Jan2021-31Dec2024,1,1,1580 W. Rosecrans Avenue,,Compton,CA,90220,Los Angeles,(310) 631-3085,Profit,Yes,DaVita,No,16,Yes,No,No,9/22/10,01Oct2024-30Sep2025,01Oct2024-30Sep2025,01Jan2021-31Dec2024,As Expected,1,265,27.8,42,19,01Jan2024-31Dec2024,As Expected,1,67,193.1,293.4,133.3,01Jan2024-31Dec2024,As Expected,1,69,36,49,23.6,01Jan2024-31Dec2024,As Expected,1,28,58.2,140.9,29.8,01Jan2021-31Dec2023,As Expected,1,37,0.48,1.72,0.06,As Expected,1,92,8,28.2,1.9,01Jan2024-31Dec2024,As Expected,1,31,0.89,1.92,0.43,01Jan2023-31Dec2024,As Expected,1,55,0.87,1.64,0.36,01Jan2021-31Dec2023,As Expected,1,57,0.67,1.72,0.18,01Jan2024-31Dec2024,As Expected,1,0.56,1.25,0.21,As Expected,1,108,54.4,75.3,28.9,01Jul2025-30Sep2025,1,0,280,94,794,,280,0,,,280,0,,,280,0,,,23,1,0,1,26,280,99,894,,280,108,927,,,,,,1,108,951,24,280,0,,
552662,18,USRC Verdugo Hills Dialysis,01Jan2021-31Dec2024,3,1,"1808 Verdugo Blvd., Suite 200",,Glendale,CA,91208,Los Angeles,(818) 790-0712,Profit,Yes,"US Renal Care, Inc.",No,25,Yes,Yes,Yes,8/30/10,01Oct2024-30Sep2025,01Oct2024-30Sep2025,01Jan2021-31Dec2024,As Expected,1,188,17.9,29.1,10.8,01Jan2024-31Dec2024,As Expected,1,46,159.8,274.4,100.1,01Jan2024-31Dec2024,As Expected,1,43,40.1,58.8,24.1,01Jan2024-31Dec2024,Not Available,199,20,,,,01Jan2021-31Dec2023,Not Available,199,17,,,,As Expected,1,34,11.4,48.5,1.7,01Jan2024-31Dec2024,As Expected,1,26,0.56,1.59,0.21,01Jan2023-31Dec2024,Better than Expected,1,39,0,0.75,0,01Jan2021-31Dec2023,As Expected,1,37,0,1.13,0,01Jan2024-31Dec2024,Better than Expected,1,0,0.65,,Better than Expected,1,61,76.1,92.1,59.3,01Jul2025-30Sep2025,1,0,1,54,505,93,201,0,,,259,0,,,259,0,,,33,1,0,1,24,1,59,546,0,1,62,567,10,23,29,24,14,1,61,535,14,259,0,,
552663,18,DaVita Highland Ranch Dialysis Center,01Jan2021-31Dec2024,3,1,"7223 Church Street, Suite A-14",,Highland,CA,92346,San Bernardino,(909) 862-9670,Profit,Yes,DaVita,No,20,Yes,No,No,4/22/10,01Oct2024-30Sep2025,01Oct2024-30Sep2025,01Jan2021-31Dec2024,As Expected,1,367,27.3,41.5,18.6,01Jan2024-31Dec2024,As Expected,1,82,124.2,196,82.9,01Jan2024-31Dec2024,As Expected,1,84,23.7,35.2,13.9,01Jan2024-31Dec2024,As Expected,1,31,27.2,101,10.1,01Jan2021-31Dec2023,Not Available,199,42,,,,As Expected,1,104,20.2,39.4,9,01Jan2024-31Dec2024,As Expected,1,32,0.78,1.84,0.35,01Jan2023-31Dec2024,As Expected,1,67,1.05,2.03,0.43,01Jan2021-31Dec2023,As Expected,1,70,1.59,3.27,0.64,01Jan2024-31Dec2024,Better than Expected,1,0.22,0.74,0.04,As Expected,1,130,65.1,83.1,43.2,01Jul2025-30Sep2025,1,0,280,116,1032,,280,0,,,280,0,,,280,0,,,10,1,5,1,21,280,120,1081,,280,132,1037,,,,,,1,130,1132,20,280,0,,
552664,17,DaVita Delta View Dialysis,01Jan2021-31Dec2024,4,1,1150 E LELAND ROAD,,PITTSBURG,CA,94565,Contra Costa,(925) 427-0867,Profit,Yes,DaVita,No,20,Yes,No,No,12/17/10,01Oct2024-30Sep2025,01Oct2024-30Sep2025,01Jan2021-31Dec2024,As Expected,1,381,23.7,37.5,15.5,01Jan2024-31Dec2024,As Expected,1,96,152.1,243.8,102.1,01Jan2024-31Dec2024,As Expected,1,99,39.5,53.3,26.9,01Jan2024-31Dec2024,As Expected,1,37,19.2,83.2,6.3,01Jan2021-31Dec2023,As Expected,1,26,2.04,4.77,0.66,Better than Expected,1,84,41.5,62.4,23.2,01Jan2024-31Dec2024,As Expected,1,42,0.83,2.08,0.42,01Jan2023-31Dec2024,As Expected,1,68,0.79,1.72,0.22,01Jan2021-31Dec2023,As Expected,1,48,0.6,1.74,0.12,01Jan2024-31Dec2024,Better than Expected,1,0.35,0.94,0.09,As Expected,1,115,61.5,81.4,37.3,01Jul2025-30Sep2025,1,0,280,106,980,,280,0,,,280,0,,,280,0,,,0,1,10,1,20,280,111,1027,,280,115,1025,,,,,,1,115,1062,14,280,0,,
552665,17,DaVita Redwood City Dialysis,01Jan2021-31Dec2024,4,1,1000 Marshall Street,,REDWOOD CITY,CA,94063,San Mateo,(650) 365-0129,Profit,Yes,DaVita,Yes,24,Yes,Yes,Yes,11/12/10,01Oct2024-30Sep2025,01Oct2024-30Sep2025,01Jan2021-31Dec2024,As Expected,1,308,20.8,31.3,14.3,01Jan2024-31Dec2024,As Expected,1,74,137.2,233.4,85.7,01Jan2024-31Dec2024,As Expected,1,57,29,46.8,15.6,01Jan2024-31Dec2024,Not Available,199,19,,,,01Jan2021-31Dec2023,As Expected,1,35,1.7,3.97,0.55,Better than Expected,1,91,36.9,57,20.5,01Jan2024-31Dec2024,As Expected,1,24,1.09,2.42,0.51,01Jan2023-31Dec2024,As Expected,1,45,1.06,2.55,0.3,01Jan2021-31Dec2023,As Expected,1,44,0.72,2.11,0.15,01Jan2024-31Dec2024,Better than Expected,1,0.19,0.95,0.01,As Expected,1,97,68.8,89,49,01Jul2025-30Sep2025,1,8,280,79,728,,280,23,206,,280,0,,,280,0,,,21,1,0,1,29,280,111,1025,,280,123,978,,,,,,1,97,822,13,280,0,,
552666,18,DaVita Garfield Home Program,01Jan2021-31Dec2024,5,1,"228 N. Garfield Avenue, #301",,Monterey Park,CA,91754,Los Angeles,(626) 288-6379,Profit,Yes,DaVita,No,4,No,Yes,No,11/9/10,01Oct2024-30Sep2025,01Oct2024-30Sep2025,01Jan2021-31Dec2024,As Expected,1,220,18.2,31.4,10.2,01Jan2024-31Dec2024,As Expected,1,39,87.1,197.2,42.9,01Jan2024-31Dec2024,As Expected,1,17,28,69,6,01Jan2024-31Dec2024,As Expected,1,20,8.6,161.5,0.9,01Jan2021-31Dec2023,Not Available,199,12,,,,Better than Expected,1,36,44.3,71.1,20.4,01Jan2024-31Dec2024,As Expected,1,22,0.58,1.72,0.21,01Jan2023-31Dec2024,As Expected,1,22,1.91,4.04,0.53,01Jan2021-31Dec2023,Not Available,201,0,,,,01Jan2024-31Dec2024,Not Available,201,,,,Not Available,256,0,,,,01Jul2025-30Sep2025,1,0,280,0,,,280,47,466,,280,0,,,280,0,,,21,1,0,1,19,280,47,466,,280,46,465,,,,,,256,0,,,280,0,,
552667,18,DaVita Huntington Park Dialysis,01Jan2021-31Dec2024,3,1,5942 Rugby Avenue,,Huntington Park,CA,90255,Los Angeles,(323) 585-7605,Profit,Yes,DaVita,No,21,Yes,No,No,1/28/11,01Oct2024-30Sep2025,01Oct2024-30Sep2025,01Jan2021-31Dec2024,As Expected,1,346,22.8,37.3,14.4,01Jan2024-31Dec2024,As Expected,1,85,193.2,292,136.3,01Jan2024-31Dec2024,Worse than Expected,1,106,39.8,51.8,29.5,01Jan2024-31Dec2024,As Expected,1,40,45.2,109.3,23.1,01Jan2021-31Dec2023,As Expected,1,35,0.58,2.1,0.07,As Expected,1,134,16.1,32.2,7.2,01Jan2024-31Dec2024,As Expected,1,41,0.93,1.8,0.5,01Jan2023-31Dec2024,As Expected,1,92,0.86,1.64,0.35,01Jan2021-31Dec2023,As Expected,1,49,0.2,1.13,0.01,01Jan2024-31Dec2024,Better than Expected,1,0.41,0.99,0.13,As Expected,1,155,70.5,86.5,51,01Jul2025-30Sep2025,1,2,280,150,1368,,280,0,,,280,0,,,280,0,,,14,1,4,1,28,280,152,1408,,280,156,1422,,,,,,1,155,1444,14,280,0,,
552669,17,Mission District,01Jan2021-31Dec2024,4,1,2765 16th Street,,San Francisco,CA,94103,San Francisco,(628) 600-8705,Profit,Yes,DaVita,No,24,Yes,No,No,2/1/11,01Oct2024-30Sep2025,01Oct2024-30Sep2025,01Jan2021-31Dec2024,As Expected,1,237,20.3,30.7,13.4,01Jan2024-31Dec2024,As Expected,1,49,121.6,218.3,73.3,01Jan2024-31Dec2024,As Expected,1,37,24,45.5,9.5,01Jan2024-31Dec2024,As Expected,1,22,20.9,113.7,5.8,01Jan2021-31Dec2023,Not Available,199,30,,,,As Expected,1,42,12.4,44.8,2.4,01Jan2024-31Dec2024,As Expected,1,31,1.34,2.64,0.71,01Jan2023-31Dec2024,As Expected,1,38,0.24,1.29,0.01,01Jan2021-31Dec2023,As Expected,1,56,0.74,2.16,0.15,01Jan2024-31Dec2024,Better than Expected,1,0,0.71,,As Expected,1,63,68.5,90.3,45.4,01Jul2025-30Sep2025,1,0,280,56,391,,280,0,,,280,0,,,280,0,,,16,1,5,1,19,280,59,413,,280,63,414,,,,,,1,63,420,14,280,0,,
552670,17,Satellite Healthcare Menlo Park,01Jan2021-31Dec2024,5,1,1040 HAMILTON COURT,,MENLO PARK,CA,94025,San Mateo,(650) 384-4800,Non-profit,Yes,Satellite Healthcare,No,25,Yes,No,No,3/14/11,01Oct2024-30Sep2025,01Oct2024-30Sep2025,01Jan2021-31Dec2024,As Expected,1,248,13.6,23.1,8.3,01Jan2024-31Dec2024,As Expected,1,61,111.5,195,67.9,01Jan2024-31Dec2024,As Expected,1,56,26.2,40.6,14.9,01Jan2024-31Dec2024,As Expected,1,37,7.4,58.9,1.5,01Jan2021-31Dec2023,As Expected,1,27,1.44,4.22,0.3,Better than Expected,1,42,45,71.2,21.4,01Jan2024-31Dec2024,As Expected,1,42,0.92,2.08,0.5,01Jan2023-31Dec2024,As Expected,1,70,0.82,1.87,0.24,01Jan2021-31Dec2023,As Expected,1,47,0.46,1.65,0.06,01Jan2024-31Dec2024,Better than Expected,1,0.14,0.71,0.01,As Expected,1,51,71.9,94.1,48.3,01Jul2025-30Sep2025,201,,1,48,121,97,257,0,,,259,0,,,259,0,,,,199,,199,9,1,52,132,0,1,53,134,7,19,19,28,27,1,51,128,20,259,0,,
552671,18,FRESENIUS MEDICAL CARE EUCALYPTUS,01Jan2021-31Dec2024,1,1,610 N. Eucalyptus Avenue,,Inglewood,CA,90302,Los Angeles,(310) 680-9101,Profit,Yes,Fresenius Medical Care,No,24,Yes,Yes,Yes,2/9/11,01Oct2024-30Sep2025,01Oct2024-30Sep2025,01Jan2021-31Dec2024,As Expected,1,497,21.8,33.1,14.9,01Jan2024-31Dec2024,As Expected,1,115,164.9,240.3,120,01Jan2024-31Dec2024,As Expected,1,137,34.8,45,25.8,01Jan2024-31Dec2024,As Expected,1,55,30.3,76.6,15,01Jan2021-31Dec2023,As Expected,1,54,0.46,1.35,0.1,As Expected,1,127,12.2,27.6,4.8,01Jan2024-31Dec2024,Better than Expected,1,61,0.37,0.94,0.18,01Jan2023-31Dec2024,As Expected,1,127,0.62,1.26,0.24,01Jan2021-31Dec2023,As Expected,1,84,0.34,1,0.07,01Jan2024-31Dec2024,Better than Expected,1,0.21,0.58,0.05,As Expected,1,151,53.2,70.8,31.8,01Jul2025-30Sep2025,201,,1,140,1203,94,1,13,82,87,259,0,,,259,0,,,19,1,0,1,43,1,161,1441,1,1,163,1465,12,23,25,23,17,1,151,1370,22,259,0,,
552672,17,DaVita Hayward Mission Hills Dialysis,01Jan2021-31Dec2024,5,1,1661 INDUSTRIAL PARKWAY WEST,,HAYWARD,CA,94544,Alameda,(510) 266-5743,Profit,Yes,DaVita,No,24,Yes,No,No,4/28/11,01Oct2024-30Sep2025,01Oct2024-30Sep2025,01Jan2021-31Dec2024,As Expected,1,321,18.2,28.5,12,01Jan2024-31Dec2024,Better than Expected,1,79,76.5,147.1,42.9,01Jan2024-31Dec2024,As Expected,1,40,12.8,31.4,3.5,01Jan2024-31Dec2024,As Expected,1,54,13.6,50.5,5,01Jan2021-31Dec2023,As Expected,1,38,1.95,3.84,0.84,Better than Expected,1,82,40.4,61,22.8,01Jan2024-31Dec2024,As Expected,1,59,0.86,1.65,0.52,01Jan2023-31Dec2024,As Expected,1,65,1.19,2.27,0.47,01Jan2021-31Dec2023,As Expected,1,68,1.09,2.24,0.44,01Jan2024-31Dec2024,As Expected,1,1.03,1.95,0.48,As Expected,1,119,61.1,81.4,36.3,01Jul2025-30Sep2025,1,4,280,107,988,,280,0,,,280,0,,,280,0,,,7,1,2,1,46,280,110,1018,,280,115,967,,,,,,1,119,1053,15,280,0,,
552673,18,"La Quinta Kidney Center, LLC",01Jan2021-31Dec2024,3,1,"43576 Washington Street, Suite 101",,La Quinta,CA,92253,Riverside,(760) 200-1000,Profit,No,Independent,No,28,Yes,Yes,Yes,3/21/11,01Oct2024-30Sep2025,01Oct2024-30Sep2025,01Jan2021-31Dec2024,As Expected,1,158,21.6,37,12.4,01Jan2024-31Dec2024,As Expected,1,34,110.1,228.7,58,01Jan2024-31Dec2024,As Expected,1,21,23.5,52.4,6.6,01Jan2024-31Dec2024,As Expected,1,20,27.4,118.8,9,01Jan2021-31Dec2023,Not Available,199,10,,,,As Expected,1,28,30.2,63.9,9.6,01Jan2024-31Dec2024,As Expected,1,27,0.81,1.85,0.38,01Jan2023-31Dec2024,As Expected,1,32,0.85,2.26,0.16,01Jan2021-31Dec2023,As Expected,1,20,0.49,2.71,0.01,01Jan2024-31Dec2024,Not Available,201,,,,As Expected,1,44,61.5,82.5,39.7,01Jul2025-30Sep2025,1,40,1,40,371,99,201,0,,,259,0,,,259,0,,,9,1,0,1,22,1,43,396,3,1,44,419,13,23,33,19,12,1,44,420,18,259,0,,
552674,18,Northridge Dialysis Center,01Jan2021-31Dec2024,3,1,9325 Reseda Blvd.,,Northridge,CA,91324,Los Angeles,(818) 993-6700,Profit,Yes,Other,Yes,22,Yes,No,No,4/6/11,01Oct2024-30Sep2025,01Oct2024-30Sep2025,01Jan2021-31Dec2024,As Expected,1,334,22.4,32.7,15.9,01Jan2024-31Dec2024,As Expected,1,77,130.5,216.7,83.2,01Jan2024-31Dec2024,As Expected,1,89,28.9,38.9,20.6,01Jan2024-31Dec2024,As Expected,1,36,5.4,101.4,0.6,01Jan2021-31Dec2023,As Expected,1,43,0,1.11,0,As Expected,1,85,24.9,46.2,11.3,01Jan2024-31Dec2024,As Expected,1,41,0.43,1.15,0.17,01Jan2023-31Dec2024,As Expected,1,77,1.07,1.81,0.54,01Jan2021-31Dec2023,Worse than Expected,1,54,0,0.93,0,01Jan2024-31Dec2024,Better than Expected,1,0.26,0.87,0.04,As Expected,1,115,56.1,76.7,31,01Jul2025-30Sep2025,1,0,1,100,908,97,257,0,,,259,0,,,259,0,,,5,1,0,1,37,1,103,933,2,1,115,980,6,30,34,17,13,1,115,969,28,259,0,,
552675,18,Home Dialysis Centers of Rancho Cucamonga,01Jan2021-31Dec2024,1,1,"8239 Rochester Avenue, Suite 110",,Rancho Cucamonga,CA,91730,San Bernardino,(909) 945-2104,Profit,No,Independent,Yes,2,Yes,Yes,Yes,10/21/10,01Oct2024-30Sep2025,01Oct2024-30Sep2025,01Jan2021-31Dec2024,Worse than Expected,1,431,33.8,43.7,27.1,01Jan2024-31Dec2024,As Expected,1,130,170.1,248.3,123.6,01Jan2024-31Dec2024,As Expected,1,175,33.9,41.4,26.9,01Jan2024-31Dec2024,Worse than Expected,1,49,112.6,186.1,76.9,01Jan2021-31Dec2023,As Expected,1,24,0,1.8,0,As Expected,1,51,25.4,52.8,9.4,01Jan2024-31Dec2024,As Expected,1,61,0.66,1.51,0.35,01Jan2023-31Dec2024,As Expected,1,141,0.54,1.09,0.22,01Jan2021-31Dec2023,Better than Expected,1,81,5.51,8.42,3.41,01Jan2024-31Dec2024,Not Available,201,,,,Worse than Expected,1,190,36.7,55.8,13.3,01Jul2025-30Sep2025,201,,1,200,964,74,1,33,324,46,259,0,,,259,0,,,48,1,0,1,56,1,236,1314,27,1,255,1191,17,28,25,22,8,1,190,877,53,259,0,,
552676,18,DaVita Anaheim West Dialysis,01Jan2021-31Dec2024,3,1,1821 W. Lincoln Avenue,,Anaheim,CA,92801,Orange,(714) 765-6510,Profit,Yes,DaVita,Yes,20,Yes,Yes,No,5/17/11,01Oct2024-30Sep2025,01Oct2024-30Sep2025,01Jan2021-31Dec2024,As Expected,1,507,21.7,33.3,14.7,01Jan2024-31Dec2024,As Expected,1,119,144.8,218.8,102.2,01Jan2024-31Dec2024,As Expected,1,104,30.3,42,20.5,01Jan2024-31Dec2024,As Expected,1,48,44.7,100.7,24.1,01Jan2021-31Dec2023,Worse than Expected,1,76,0.34,0.99,0.07,As Expected,1,143,19,33.4,9.9,01Jan2024-31Dec2024,As Expected,1,54,0.87,1.77,0.51,01Jan2023-31Dec2024,As Expected,1,88,0.59,1.37,0.19,01Jan2021-31Dec2023,As Expected,1,82,1.32,2.42,0.63,01Jan2024-31Dec2024,Better than Expected,1,0.12,0.6,0.01,As Expected,1,139,63.9,82.5,41.3,01Jul2025-30Sep2025,1,0,280,108,1001,,280,36,352,,280,0,,,280,0,,,11,1,3,1,37,280,162,1578,,280,171,1612,,,,,,1,139,1272,9,280,0,,
552677,18,FMC-BALBOA SOUTH BAY HOME THERAPIES,01Jan2021-31Dec2024,4,1,"340 4th Avenue, Suite 18",,Chula Vista,CA,91910,San Diego,(619) 420-1798,Profit,Yes,Fresenius Medical Care,No,5,No,Yes,Yes,5/10/11,01Oct2024-30Sep2025,01Oct2024-30Sep2025,01Jan2021-31Dec2024,As Expected,1,425,21.1,36.4,12.6,01Jan2024-31Dec2024,As Expected,1,108,147.5,244.4,96.3,01Jan2024-31Dec2024,As Expected,1,85,21.4,35.1,11.8,01Jan2024-31Dec2024,As Expected,1,52,20.9,77.5,7.7,01Jan2021-31Dec2023,As Expected,1,52,0.77,1.97,0.21,Better than Expected,1,159,30.7,45.7,18.9,01Jan2024-31Dec2024,As Expected,1,57,0.77,1.79,0.41,01Jan2023-31Dec2024,As Expected,1,91,0.83,1.72,0.32,01Jan2021-31Dec2023,Not Available,201,0,,,,01Jan2024-31Dec2024,Not Available,201,,,,As Expected,1,38,66.7,89.8,42.6,01Jul2025-30Sep2025,201,,201,0,,,1,136,1037,94,259,0,,,259,0,,,11,1,0,1,27,1,173,1359,1,1,183,1511,6,20,22,30,22,1,38,326,5,259,0,,
552678,18,Van Buren Dialysis,01Jan2021-31Dec2024,3,1,"3595 Van Buren Blvd., Suite 101",,Riverside,CA,92503,Riverside,(951) 977-9466,Profit,No,Independent,No,18,Yes,No,No,3/17/11,01Oct2024-30Sep2025,01Oct2024-30Sep2025,01Jan2021-31Dec2024,As Expected,1,296,27.8,39.7,20.2,01Jan2024-31Dec2024,As Expected,1,70,150.4,238.4,100.9,01Jan2024-31Dec2024,As Expected,1,59,24.4,39.1,13.5,01Jan2024-31Dec2024,As Expected,1,25,24.1,130.8,6.7,01Jan2021-31Dec2023,As Expected,1,40,1.3,3.33,0.35,As Expected,1,65,26.5,52,10.7,01Jan2024-31Dec2024,As Expected,1,33,0.68,1.68,0.29,01Jan2023-31Dec2024,As Expected,1,53,0.4,1.16,0.08,01Jan2021-31Dec2023,As Expected,1,69,0.18,1.03,0,01Jan2024-31Dec2024,Not Available,201,,,,As Expected,1,84,61.8,83.8,40,01Jul2025-30Sep2025,1,92,1,76,594,97,257,0,,,259,0,,,259,0,,,50,1,0,1,24,1,83,675,1,1,93,704,5,33,38,12,11,1,84,658,25,259,0,,
552679,18,DaVita Lemoore Dialysis,01Jan2021-31Dec2024,3,1,1345 W. Bush Street,,Lemoore,CA,93245,Kings,(559) 924-3175,Profit,Yes,DaVita,No,16,Yes,No,No,6/30/11,01Oct2024-30Sep2025,01Oct2024-30Sep2025,01Jan2021-31Dec2024,As Expected,1,317,25.2,37.9,17.5,01Jan2024-31Dec2024,As Expected,1,84,134.5,220.2,86.9,01Jan2024-31Dec2024,As Expected,1,59,17.8,32.4,8.3,01Jan2024-31Dec2024,As Expected,1,43,34,90.2,16.2,01Jan2021-31Dec2023,Worse than Expected,1,71,0.28,1,0.03,As Expected,1,91,16.5,36.1,6.4,01Jan2024-31Dec2024,As Expected,1,50,1.39,2.53,0.88,01Jan2023-31Dec2024,As Expected,1,71,1.46,2.55,0.66,01Jan2021-31Dec2023,As Expected,1,92,1.71,2.78,0.98,01Jan2024-31Dec2024,As Expected,1,0.52,1.16,0.19,As Expected,1,112,68,85.6,46.6,01Jul2025-30Sep2025,1,0,280,94,898,,280,0,,,280,0,,,280,0,,,15,1,3,1,39,280,109,1058,,280,115,987,,,,,,1,112,1076,15,280,0,,
552680,17,FRESENIUS MEDICAL CARE DIABLO EAST ANTIOCH,01Jan2021-31Dec2024,4,1,2163 COUNTRY HILLS DR,,ANTIOCH,CA,94509,Contra Costa,(925) 779-1254,Profit,Yes,Fresenius Medical Care,No,24,Yes,Yes,Yes,6/27/11,01Oct2024-30Sep2025,01Oct2024-30Sep2025,01Jan2021-31Dec2024,As Expected,1,609,22.5,32.7,16,01Jan2024-31Dec2024,As Expected,1,163,159.2,225.7,118.7,01Jan2024-31Dec2024,As Expected,1,148,30.8,40.3,22.2,01Jan2024-31Dec2024,As Expected,1,98,13.2,37.3,6,01Jan2021-31Dec2023,As Expected,1,84,1.25,2.37,0.57,Better than Expected,1,178,44.9,59,31.6,01Jan2024-31Dec2024,Worse than Expected,1,126,1.5,2.12,1.16,01Jan2023-31Dec2024,As Expected,1,181,1.2,1.76,0.75,01Jan2021-31Dec2023,As Expected,1,88,0.68,1.47,0.25,01Jan2024-31Dec2024,As Expected,1,0.52,1.14,0.19,As Expected,1,167,58.7,75.9,37.7,01Jul2025-30Sep2025,201,,1,146,1270,99,1,63,603,95,259,0,,,259,0,,,14,1,0,1,80,1,222,2112,1,1,231,2180,6,23,28,26,17,1,167,1526,13,259,0,,
552682,17,DaVita San Mateo Mills Dialysis,01Jan2021-31Dec2024,5,1,159 2nd Ave,,San Mateo,CA,94401,San Mateo,(650) 715-5001,Profit,Yes,DaVita,No,18,Yes,Yes,Yes,7/1/11,01Oct2024-30Sep2025,01Oct2024-30Sep2025,01Jan2021-31Dec2024,As Expected,1,233,20.3,30.6,13.4,01Jan2024-31Dec2024,As Expected,1,75,153.8,251.5,100.5,01Jan2024-31Dec2024,As Expected,1,61,33.8,48.5,20.9,01Jan2024-31Dec2024,As Expected,1,27,8.9,166.6,1,01Jan2021-31Dec2023,Not Available,199,17,,,,Better than Expected,1,56,35.7,60.8,16.5,01Jan2024-31Dec2024,As Expected,1,37,1.16,2.38,0.6,01Jan2023-31Dec2024,As Expected,1,57,1.61,2.87,0.74,01Jan2021-31Dec2023,As Expected,1,23,1.25,4.53,0.15,01Jan2024-31Dec2024,As Expected,1,0.24,1.17,0.01,As Expected,1,91,70,88.8,51.4,01Jul2025-30Sep2025,1,3,280,86,790,,280,16,166,,280,0,,,280,0,,,10,1,7,1,31,280,104,980,,280,107,980,,,,,,1,91,833,9,280,0,,
552683,17,DaVita Calvine Dialysis,01Jan2021-31Dec2024,3,1,8243 E STOCKTON BLVD Suite C,,SACRAMENTO,CA,95828,Sacramento,(916) 682-6655,Profit,Yes,DaVita,No,24,Yes,No,No,7/22/11,01Oct2024-30Sep2025,01Oct2024-30Sep2025,01Jan2021-31Dec2024,As Expected,1,400,25,38.6,16.7,01Jan2024-31Dec2024,As Expected,1,84,144.8,235.1,96.2,01Jan2024-31Dec2024,As Expected,1,71,23.8,38,12.9,01Jan2024-31Dec2024,As Expected,1,45,18.3,60.7,7.4,01Jan2021-31Dec2023,As Expected,1,29,0,1.13,0,As Expected,1,78,24.9,47.2,11,01Jan2024-31Dec2024,As Expected,1,51,0.95,1.85,0.57,01Jan2023-31Dec2024,As Expected,1,70,1.57,2.72,0.74,01Jan2021-31Dec2023,As Expected,1,48,0.2,1.13,0.01,01Jan2024-31Dec2024,As Expected,1,0.7,1.45,0.28,As Expected,1,108,61.6,82.8,35.9,01Jul2025-30Sep2025,1,0,280,103,875,,280,0,,,280,0,,,280,0,,,20,1,0,1,35,280,105,895,,280,108,926,,,,,,1,108,907,18,280,0,,
552684,18,DaVita Oxnard Dialysis Center,01Jan2021-31Dec2024,4,1,1900 Outlet Center Dr.,,OXNARD,CA,93036,Ventura,(805) 278-3815,Profit,Yes,DaVita,Yes,20,Yes,Yes,No,9/21/11,01Oct2024-30Sep2025,01Oct2024-30Sep2025,01Jan2021-31Dec2024,As Expected,1,369,18.8,31.1,11.6,01Jan2024-31Dec2024,As Expected,1,85,122.8,206.8,79.2,01Jan2024-31Dec2024,As Expected,1,76,16.2,28.5,7.6,01Jan2024-31Dec2024,As Expected,1,46,17.3,64.2,6.4,01Jan2021-31Dec2023,As Expected,1,62,0.43,1.27,0.09,As Expected,1,122,15.3,30.6,6.8,01Jan2024-31Dec2024,As Expected,1,51,0.96,1.88,0.58,01Jan2023-31Dec2024,As Expected,1,84,1.63,2.66,0.85,01Jan2021-31Dec2023,As Expected,1,73,0.52,1.33,0.14,01Jan2024-31Dec2024,As Expected,1,0.88,1.67,0.41,As Expected,1,135,66.4,83.3,45.8,01Jul2025-30Sep2025,1,0,280,119,1217,,280,14,98,,280,0,,,280,0,,,8,1,0,1,40,280,138,1389,,280,145,1374,,,,,,1,135,1328,10,280,0,,
552685,17,SHC Morgan Hill,01Jan2021-31Dec2024,3,1,"16060 CAPUTO DRIVE, SUITE 140",,MORGAN HILL,CA,95037,Santa Clara,(408) 337-4100,Non-profit,Yes,"US Renal Care, Inc.",No,17,Yes,No,No,11/21/11,01Oct2024-30Sep2025,01Oct2024-30Sep2025,01Jan2021-31Dec2024,As Expected,1,256,19.3,29.6,13,01Jan2024-31Dec2024,As Expected,1,60,167.6,263,113.4,01Jan2024-31Dec2024,As Expected,1,61,24.8,38.1,14.3,01Jan2024-31Dec2024,As Expected,1,23,57.7,191,23.3,01Jan2021-31Dec2023,Not Available,199,20,,,,As Expected,1,51,23.5,54.2,7.4,01Jan2024-31Dec2024,Worse than Expected,1,30,1.79,3.08,1.08,01Jan2023-31Dec2024,As Expected,1,55,1.5,2.66,0.68,01Jan2021-31Dec2023,As Expected,1,43,1.66,3.62,0.61,01Jan2024-31Dec2024,As Expected,1,0.58,1.58,0.15,As Expected,1,63,63.1,82.3,42.8,01Jul2025-30Sep2025,199,,1,61,482,96,257,0,,,259,0,,,259,0,,,28,1,0,1,18,1,63,501,1,1,68,544,9,22,24,26,19,1,63,489,23,259,0,,
552687,18,RAI - SOUTH BRAND - SAN FERNANDO,01Jan2021-31Dec2024,,260,501 S. Brand Blvd.,,San Fernando,CA,91340,Los Angeles,(818) 365-5270,Profit,Yes,Fresenius Medical Care,No,5,No,Yes,Yes,9/2/11,01Oct2024-30Sep2025,01Oct2024-30Sep2025,01Jan2021-31Dec2024,As Expected,1,338,18.5,30.8,11.4,01Jan2024-31Dec2024,As Expected,1,78,117.7,210.2,70.4,01Jan2024-31Dec2024,As Expected,1,45,37,58,19.4,01Jan2024-31Dec2024,Not Available,199,17,,,,01Jan2021-31Dec2023,As Expected,1,52,1.44,2.83,0.62,Better than Expected,1,97,32.7,51.4,18.2,01Jan2024-31Dec2024,As Expected,1,18,1.7,3.73,0.79,01Jan2023-31Dec2024,As Expected,1,19,0.55,2.73,0.02,01Jan2021-31Dec2023,Not Available,201,0,,,,01Jan2024-31Dec2024,Not Available,201,,,,Not Available,199,8,,,,01Jul2025-30Sep2025,201,,201,0,,,1,107,962,96,259,0,,,259,0,,,,199,,199,5,1,115,1042,0,1,120,1102,6,18,26,30,21,199,8,81,,259,0,,
552688,17,DaVita Richmond Dialysis,01Jan2021-31Dec2024,4,1,"4200 MACDONALD AVE., STE A",,RICHMOND,CA,94805,Contra Costa,(510) 236-8861,Profit,Yes,DaVita,Yes,24,Yes,No,No,11/30/11,01Oct2024-30Sep2025,01Oct2024-30Sep2025,01Jan2021-31Dec2024,As Expected,1,310,28.3,41.6,19.9,01Jan2024-31Dec2024,As Expected,1,67,111.5,199.1,66.7,01Jan2024-31Dec2024,As Expected,1,42,17.5,34.6,6,01Jan2024-31Dec2024,As Expected,1,45,15.4,57.1,5.7,01Jan2021-31Dec2023,As Expected,1,43,0.38,1.38,0.05,As Expected,1,102,18.1,36.7,7.8,01Jan2024-31Dec2024,As Expected,1,55,1.28,2.24,0.84,01Jan2023-31Dec2024,As Expected,1,53,0.91,2.32,0.24,01Jan2021-31Dec2023,As Expected,1,60,0.29,1.05,0.04,01Jan2024-31Dec2024,As Expected,1,1.12,2.05,0.54,As Expected,1,123,71.7,87.8,52.1,01Jul2025-30Sep2025,1,6,280,121,1126,,280,0,,,280,0,,,280,0,,,11,1,2,1,45,280,122,1138,,280,125,1104,,,,,,1,123,1179,14,280,0,,
552689,17,DCI UKIAH,01Jan2021-31Dec2024,2,1,275 S ORCHARD,,UKIAH,CA,95482,Mendocino,(707) 462-2024,Non-profit,Yes,"Dialysis Clinic, Inc.",No,24,Yes,Yes,Yes,12/16/11,01Oct2024-30Sep2025,01Oct2024-30Sep2025,01Jan2021-31Dec2024,As Expected,1,391,18.9,30.7,12,01Jan2024-31Dec2024,As Expected,1,97,120.6,200.5,78.6,01Jan2024-31Dec2024,As Expected,1,72,30.7,44.7,18.3,01Jan2024-31Dec2024,As Expected,1,70,26.3,57.6,14.5,01Jan2021-31Dec2023,As Expected,1,34,0.33,1.86,0.01,As Expected,1,93,19.3,38.2,8.5,01Jan2024-31Dec2024,Worse than Expected,1,84,1.58,2.42,1.15,01Jan2023-31Dec2024,Worse than Expected,1,113,1.7,2.62,1.02,01Jan2021-31Dec2023,As Expected,1,62,0.35,1.27,0.04,01Jan2024-31Dec2024,As Expected,1,0.38,1.04,0.1,As Expected,1,106,57.6,76.3,34.8,01Jul2025-30Sep2025,1,0,1,98,891,98,1,15,103,76,259,0,,,259,0,,,18,1,2,1,66,1,114,1066,3,1,117,1114,7,23,25,26,18,1,106,987,24,259,0,,
552690,18,USRC Torrance Dialysis,01Jan2021-31Dec2024,3,1,20430 Hawthorne Blvd.,,Torrance,CA,90503,Los Angeles,(424) 212-5051,Profit,Yes,"US Renal Care, Inc.",No,18,Yes,No,No,10/4/11,01Oct2024-30Sep2025,01Oct2024-30Sep2025,01Jan2021-31Dec2024,As Expected,1,473,18.2,27.3,12.6,01Jan2024-31Dec2024,As Expected,1,101,128.4,204.3,86.7,01Jan2024-31Dec2024,As Expected,1,89,26.2,38.4,15.9,01Jan2024-31Dec2024,As Expected,1,39,24.1,72.9,10.4,01Jan2021-31Dec2023,As Expected,1,38,0.65,2.34,0.08,As Expected,1,77,19.6,41.7,7.7,01Jan2024-31Dec2024,As Expected,1,44,0.94,2.09,0.52,01Jan2023-31Dec2024,As Expected,1,68,0.61,1.66,0.13,01Jan2021-31Dec2023,Worse than Expected,1,75,0.14,0.79,0,01Jan2024-31Dec2024,Better than Expected,1,0.12,0.59,0.01,As Expected,1,116,62.2,81.5,38.7,01Jul2025-30Sep2025,1,0,1,104,969,91,257,0,,,259,0,,,259,0,,,22,1,0,1,32,1,116,1071,1,1,117,1113,6,30,19,27,18,1,116,1108,15,259,0,,
552691,18,DaVita Los Alamitos Dialysis,01Jan2021-31Dec2024,4,1,4141 Katella Avenue,,Los Alamitos,CA,90720,Orange,(714) 952-0175,Profit,Yes,DaVita,No,24,Yes,Yes,No,9/16/11,01Oct2024-30Sep2025,01Oct2024-30Sep2025,01Jan2021-31Dec2024,As Expected,1,530,18.7,27.9,13,01Jan2024-31Dec2024,As Expected,1,138,116.2,180.9,80,01Jan2024-31Dec2024,As Expected,1,110,22.8,34.6,13.5,01Jan2024-31Dec2024,As Expected,1,34,22.4,83,8.3,01Jan2021-31Dec2023,As Expected,1,43,0.67,1.96,0.14,Better than Expected,1,83,41.7,61.3,24.4,01Jan2024-31Dec2024,As Expected,1,40,0.76,1.59,0.38,01Jan2023-31Dec2024,As Expected,1,70,1.21,2.37,0.51,01Jan2021-31Dec2023,As Expected,1,71,0.8,1.86,0.26,01Jan2024-31Dec2024,Better than Expected,1,0.34,0.81,0.11,As Expected,1,124,62.8,81.1,40.6,01Jul2025-30Sep2025,1,0,280,110,1013,,280,30,321,,280,0,,,280,0,,,16,1,0,1,31,280,147,1487,,280,151,1468,,,,,,1,124,1152,20,280,0,,
552692,18,USRC Gala Dialysis,01Jan2021-31Dec2024,4,1,1666 W. Third Street,,Los Angeles,CA,90017,Los Angeles,(213) 989-0247,Profit,Yes,"US Renal Care, Inc.",No,21,Yes,No,No,10/24/11,01Oct2024-30Sep2025,01Oct2024-30Sep2025,01Jan2021-31Dec2024,As Expected,1,310,17.1,27.7,10.9,01Jan2024-31Dec2024,As Expected,1,80,107.3,183.3,66.8,01Jan2024-31Dec2024,As Expected,1,55,19,32.1,9.1,01Jan2024-31Dec2024,As Expected,1,40,15.4,66.8,5.1,01Jan2021-31Dec2023,As Expected,1,66,0.38,1.37,0.05,As Expected,1,124,17.8,34.9,8.1,01Jan2024-31Dec2024,As Expected,1,48,0.8,1.89,0.42,01Jan2023-31Dec2024,As Expected,1,57,0.42,1.44,0.05,01Jan2021-31Dec2023,As Expected,1,75,0.79,1.73,0.29,01Jan2024-31Dec2024,Better than Expected,1,0,0.38,,Better than Expected,1,145,76.1,89.5,59.8,01Jul2025-30Sep2025,1,0,1,127,1198,98,257,0,,,259,0,,,259,0,,,16,1,0,1,38,1,137,1254,0,1,145,1341,6,21,28,26,19,1,145,1343,9,259,0,,
552693,18,FMC-RAI-Fountain Valley Home,01Jan2021-31Dec2024,,260,"17197 Newhope Street, Suite E",,Fountain Valley,CA,92708,Orange,(714) 435-0281,Profit,Yes,Fresenius Medical Care,No,3,No,Yes,Yes,11/28/11,01Oct2024-30Sep2025,01Oct2024-30Sep2025,01Jan2021-31Dec2024,As Expected,1,149,20.2,35.6,10.4,01Jan2024-31Dec2024,As Expected,1,40,133.2,269,72,01Jan2024-31Dec2024,As Expected,1,25,12.5,41,1.6,01Jan2024-31Dec2024,Not Available,199,13,,,,01Jan2021-31Dec2023,As Expected,1,26,1.26,3.23,0.34,As Expected,1,42,33,61.5,13.2,01Jan2024-31Dec2024,As Expected,1,21,0.26,1.58,0.05,01Jan2023-31Dec2024,As Expected,1,20,0.4,2.02,0.01,01Jan2021-31Dec2023,Not Available,201,0,,,,01Jan2024-31Dec2024,Not Available,201,,,,Not Available,199,2,,,,01Jul2025-30Sep2025,201,,201,0,,,1,49,389,99,259,0,,,259,0,,,8,1,0,1,12,1,51,397,1,1,52,431,3,17,34,28,17,199,2,8,,259,0,,
552694,18,DaVita Artesia Home Training,01Jan2021-31Dec2024,2,1,"16506 Lakewood Blvd, Suite 100",,Bellflower,CA,90706,Los Angeles,(562) 920-4084,Profit,Yes,DaVita,Yes,8,No,Yes,Yes,11/30/11,01Oct2024-30Sep2025,01Oct2024-30Sep2025,01Jan2021-31Dec2024,As Expected,1,318,21.8,35.8,13.7,01Jan2024-31Dec2024,As Expected,1,67,156.2,268.1,96.8,01Jan2024-31Dec2024,As Expected,1,40,34.2,54.9,18,01Jan2024-31Dec2024,As Expected,1,34,55.9,135.2,28.6,01Jan2021-31Dec2023,As Expected,1,37,0.77,1.79,0.25,As Expected,1,78,25.5,46.9,11.7,01Jan2024-31Dec2024,As Expected,1,34,0.65,1.57,0.29,01Jan2023-31Dec2024,As Expected,1,43,0.19,1.08,0.01,01Jan2021-31Dec2023,Not Available,201,0,,,,01Jan2024-31Dec2024,Not Available,201,,,,As Expected,1,26,60.2,91.7,27.4,01Jul2025-30Sep2025,1,3,280,0,,,280,58,545,,280,0,,,280,0,,,44,1,0,1,16,280,83,748,,280,83,718,,,,,,1,26,205,15,280,0,,
552696,18,USRC Carson Dialysis,01Jan2021-31Dec2024,3,1,"930 East Dominguez Street, Suite A",,Carson,CA,90746,Los Angeles,(310) 532-5100,Profit,Yes,"US Renal Care, Inc.",No,18,Yes,No,No,1/25/12,01Oct2024-30Sep2025,01Oct2024-30Sep2025,01Jan2021-31Dec2024,As Expected,1,427,20.5,31.3,13.9,01Jan2024-31Dec2024,As Expected,1,106,109.2,183.3,70.6,01Jan2024-31Dec2024,As Expected,1,74,34.4,47.5,22,01Jan2024-31Dec2024,As Expected,1,42,19.5,72.4,7.2,01Jan2021-31Dec2023,As Expected,1,30,0.86,2.5,0.18,As Expected,1,88,16.7,36.8,6.5,01Jan2024-31Dec2024,As Expected,1,46,0.69,1.79,0.34,01Jan2023-31Dec2024,As Expected,1,56,0.76,2,0.17,01Jan2021-31Dec2023,Worse than Expected,1,46,0,0.71,0,01Jan2024-31Dec2024,Better than Expected,1,0.2,0.66,0.03,As Expected,1,127,59.5,78.4,36.5,01Jul2025-30Sep2025,1,0,1,115,1100,96,257,0,,,259,0,,,259,0,,,12,1,0,1,34,1,123,1186,1,1,125,1224,11,25,26,25,14,1,127,1188,17,259,0,,
552697,17,RAI - MACK ROAD - SACRAMENTO,01Jan2021-31Dec2024,5,1,6300 Mack Rd,,Sacramento,CA,95823,Sacramento,(916) 394-9312,Profit,Yes,Fresenius Medical Care,No,23,Yes,Yes,Yes,4/20/12,01Oct2024-30Sep2025,01Oct2024-30Sep2025,01Jan2021-31Dec2024,As Expected,1,930,19.6,27.5,14.5,01Jan2024-31Dec2024,Better than Expected,1,215,84.3,131.3,58,01Jan2024-31Dec2024,As Expected,1,96,24.1,38.7,13.1,01Jan2024-31Dec2024,As Expected,1,38,12,95.4,2.5,01Jan2021-31Dec2023,Better than Expected,1,124,2.49,3.62,1.64,Better than Expected,1,274,36.2,47.8,26.1,01Jan2024-31Dec2024,As Expected,1,44,1.05,2.14,0.54,01Jan2023-31Dec2024,As Expected,1,40,0.48,1.64,0.05,01Jan2021-31Dec2023,As Expected,1,65,0.92,2,0.34,01Jan2024-31Dec2024,Better than Expected,1,0.07,0.34,0,As Expected,1,203,61,76.4,42.3,01Jul2025-30Sep2025,201,,1,172,1563,99,1,133,1132,97,259,0,,,259,0,,,15,1,0,1,26,1,321,2933,1,1,335,3085,10,28,29,23,11,1,203,1842,24,259,0,,
552698,17,DaVita Fremont Dialysis,01Jan2021-31Dec2024,4,1,2599 STEVENSON BLVD,,FREMONT,CA,94538,Alameda,(510) 796-4385,Profit,Yes,DaVita,No,24,Yes,No,No,4/10/12,01Oct2024-30Sep2025,01Oct2024-30Sep2025,01Jan2021-31Dec2024,As Expected,1,460,18.9,28.8,12.8,01Jan2024-31Dec2024,As Expected,1,126,105.4,174.6,68.8,01Jan2024-31Dec2024,As Expected,1,79,25.3,37.3,15.1,01Jan2024-31Dec2024,As Expected,1,47,12.2,66.4,3.4,01Jan2021-31Dec2023,As Expected,1,53,0.54,1.59,0.11,Better than Expected,1,98,34,53.7,18.6,01Jan2024-31Dec2024,As Expected,1,59,0.88,1.89,0.5,01Jan2023-31Dec2024,As Expected,1,58,0.44,1.49,0.06,01Jan2021-31Dec2023,As Expected,1,99,0.76,1.49,0.33,01Jan2024-31Dec2024,Better than Expected,1,0.26,0.71,0.07,As Expected,1,161,63.8,80.4,43.7,01Jul2025-30Sep2025,1,1,280,148,1384,,280,0,,,280,0,,,280,0,,,7,1,7,1,41,280,151,1415,,280,159,1422,,,,,,1,161,1468,14,280,0,,
552699,17,DaVita Fremont at Home PD,01Jan2021-31Dec2024,,260,39355 CALIFORNIA ST,STE 101,FREMONT,CA,94538,Alameda,(510) 494-1348,Profit,Yes,DaVita,No,0,No,Yes,Yes,2/9/12,01Oct2024-30Sep2025,01Oct2024-30Sep2025,01Jan2021-31Dec2024,As Expected,1,162,18.9,37.5,9,01Jan2024-31Dec2024,As Expected,1,37,64.3,162.3,28.6,01Jan2024-31Dec2024,As Expected,1,14,31.3,62,9.5,01Jan2024-31Dec2024,As Expected,1,26,28.7,106.6,10.6,01Jan2021-31Dec2023,Not Available,199,21,,,,Better than Expected,1,38,48.2,74.6,22.8,01Jan2024-31Dec2024,As Expected,1,28,1.16,2.44,0.59,01Jan2023-31Dec2024,As Expected,1,26,1.88,3.63,0.6,01Jan2021-31Dec2023,Not Available,201,0,,,,01Jan2024-31Dec2024,Not Available,201,,,,Not Available,199,2,,,,01Jul2025-30Sep2025,1,0,280,0,,,280,47,383,,280,0,,,280,0,,,12,1,0,1,17,280,49,396,,280,48,394,,,,,,199,2,13,,280,0,,
552700,18,DaVita Cathedral City Dialysis,01Jan2021-31Dec2024,3,1,30885 Date Palm Drive,,Cathedral City,CA,92234,Riverside,(760) 202-3491,Profit,Yes,DaVita,Yes,21,Yes,Yes,Yes,10/17/11,01Oct2024-30Sep2025,01Oct2024-30Sep2025,01Jan2021-31Dec2024,As Expected,1,586,20.4,30.7,14,01Jan2024-31Dec2024,As Expected,1,147,162.8,236.4,118.8,01Jan2024-31Dec2024,As Expected,1,140,26.7,37.2,17.9,01Jan2024-31Dec2024,As Expected,1,48,32.4,86.1,15.5,01Jan2021-31Dec2023,As Expected,1,45,0.85,3.05,0.1,As Expected,1,126,20.8,36.9,10.5,01Jan2024-31Dec2024,As Expected,1,64,0.94,1.73,0.59,01Jan2023-31Dec2024,As Expected,1,65,1.19,2.41,0.43,01Jan2021-31Dec2023,As Expected,1,67,0.77,1.79,0.25,01Jan2024-31Dec2024,As Expected,1,0.69,1.37,0.3,As Expected,1,148,71.2,87.4,51.5,01Jul2025-30Sep2025,1,0,280,143,1377,,280,18,156,,280,0,,,280,0,,,17,1,2,1,47,280,159,1543,,280,168,1496,,,,,,1,148,1419,12,280,0,,
552701,18,FRESENIUS MEDICAL CARE VAN NUYS,01Jan2021-31Dec2024,3,1,14812 Oxnard Street,,Van Nuys,CA,91411,Los Angeles,(818) 781-7888,Profit,Yes,Fresenius Medical Care,No,25,Yes,No,No,8/3/12,01Oct2024-30Sep2025,01Oct2024-30Sep2025,01Jan2021-31Dec2024,As Expected,1,488,18,28,11.9,01Jan2024-31Dec2024,As Expected,1,121,147.9,225.8,103.4,01Jan2024-31Dec2024,As Expected,1,106,36.6,48.8,24.3,01Jan2024-31Dec2024,As Expected,1,32,5.8,108.9,0.6,01Jan2021-31Dec2023,As Expected,1,50,0.2,1.1,0,As Expected,1,96,18.5,38.6,7.5,01Jan2024-31Dec2024,As Expected,1,39,1.13,2.21,0.61,01Jan2023-31Dec2024,As Expected,1,64,0.72,1.54,0.26,01Jan2021-31Dec2023,Worse than Expected,1,78,0.25,0.89,0.03,01Jan2024-31Dec2024,Better than Expected,1,0.1,0.5,0.01,As Expected,1,141,66.5,83.6,45.7,01Jul2025-30Sep2025,201,,1,133,1234,99,257,0,,,259,0,,,259,0,,,4,1,0,1,25,1,137,1282,1,1,140,1298,11,21,27,25,16,1,141,1320,15,259,0,,
552702,17,DaVita Herndon Dialysis,01Jan2021-31Dec2024,3,1,"560 E HERNDON AVE, STE 101",,FRESNO,CA,93720,Fresno,(559) 432-5278,Profit,Yes,DaVita,Yes,48,Yes,No,No,9/26/12,01Oct2024-30Sep2025,01Oct2024-30Sep2025,01Jan2021-31Dec2024,As Expected,1,850,26,34.8,20,01Jan2024-31Dec2024,As Expected,1,209,167.9,225.2,131,01Jan2024-31Dec2024,Worse than Expected,1,204,37,45,29,01Jan2024-31Dec2024,As Expected,1,96,20.5,47.7,10.8,01Jan2021-31Dec2023,As Expected,1,110,0.78,1.48,0.36,As Expected,1,211,25.3,38.1,15.7,01Jan2024-31Dec2024,As Expected,1,106,0.99,1.58,0.69,01Jan2023-31Dec2024,As Expected,1,169,0.96,1.59,0.5,01Jan2021-31Dec2023,As Expected,1,179,0.7,1.2,0.37,01Jan2024-31Dec2024,Better than Expected,1,0.14,0.39,0.04,As Expected,1,274,68.4,80.5,53.7,01Jul2025-30Sep2025,1,2,280,245,2342,,280,0,,,280,0,,,280,0,,,10,1,0,1,70,280,261,2512,,280,275,2539,,,,,,1,274,2633,19,280,0,,
552703,17,MADERA KIDNEY CENTER,01Jan2021-31Dec2024,4,1,1560 COUNTRY CLUB RD,,MADERA,CA,93638,Madera,(559) 673-5259,Profit,Yes,American Renal Associates,No,17,Yes,Yes,No,9/28/12,01Oct2024-30Sep2025,01Oct2024-30Sep2025,01Jan2021-31Dec2024,As Expected,1,350,31.8,49.2,21.3,01Jan2024-31Dec2024,As Expected,1,79,132.8,219,85.3,01Jan2024-31Dec2024,As Expected,1,68,21.5,35.7,11.6,01Jan2024-31Dec2024,As Expected,1,56,10.3,44.5,3.4,01Jan2021-31Dec2023,As Expected,1,54,0.64,1.65,0.18,As Expected,1,118,21,36.8,10.9,01Jan2024-31Dec2024,As Expected,1,60,0.93,1.77,0.58,01Jan2023-31Dec2024,As Expected,1,104,0.69,1.5,0.26,01Jan2021-31Dec2023,As Expected,1,59,1.13,2.33,0.46,01Jan2024-31Dec2024,Better than Expected,1,0,0.5,,As Expected,1,111,73.4,90.1,53,01Jul2025-30Sep2025,1,17,1,96,852,99,1,37,348,99,259,0,,,259,0,,,21,1,0,1,42,1,131,1233,0,1,141,1287,6,30,33,15,17,1,111,925,9,259,0,,
552704,17,SHC University Park,01Jan2021-31Dec2024,3,1,590 E HARDING WAY,,STOCKTON,CA,95204,San Joaquin,(209) 774-5800,Non-profit,Yes,"US Renal Care, Inc.",No,25,Yes,No,No,11/8/12,01Oct2024-30Sep2025,01Oct2024-30Sep2025,01Jan2021-31Dec2024,As Expected,1,443,24.4,36.8,16.8,01Jan2024-31Dec2024,As Expected,1,119,100.9,168.8,65.4,01Jan2024-31Dec2024,As Expected,1,66,27.9,44.1,15.4,01Jan2024-31Dec2024,As Expected,1,73,20.5,54.6,9.8,01Jan2021-31Dec2023,As Expected,1,70,1.04,2.14,0.42,As Expected,1,123,23.3,39.8,12.3,01Jan2024-31Dec2024,As Expected,1,83,1.4,2.23,0.98,01Jan2023-31Dec2024,As Expected,1,67,1.61,2.79,0.76,01Jan2021-31Dec2023,As Expected,1,96,0.75,1.47,0.32,01Jan2024-31Dec2024,Better than Expected,1,0.09,0.45,0.01,As Expected,1,145,60.8,77.8,40.1,01Jul2025-30Sep2025,1,0,1,133,1236,98,1,20,175,87,259,0,,,259,0,,,23,1,0,1,53,1,153,1456,1,1,163,1522,10,20,25,24,20,1,145,1325,22,259,0,,
552705,17,DaVita North Sacramento Dialysis,01Jan2021-31Dec2024,3,1,251 LATHROP WAY,SUITE A,SACRAMENTO,CA,95815,Sacramento,(916) 922-4721,Profit,Yes,DaVita,No,24,Yes,No,No,11/21/12,01Oct2024-30Sep2025,01Oct2024-30Sep2025,01Jan2021-31Dec2024,As Expected,1,334,23.6,34.9,16.5,01Jan2024-31Dec2024,As Expected,1,72,191.6,289.4,133,01Jan2024-31Dec2024,As Expected,1,83,30.8,41.6,21.2,01Jan2024-31Dec2024,As Expected,1,47,37,89.5,18.9,01Jan2021-31Dec2023,As Expected,1,35,0.67,2.4,0.08,As Expected,1,84,18.1,41.3,6.5,01Jan2024-31Dec2024,As Expected,1,50,1.15,2.12,0.72,01Jan2023-31Dec2024,As Expected,1,78,0.8,1.64,0.29,01Jan2021-31Dec2023,As Expected,1,48,0.62,1.8,0.13,01Jan2024-31Dec2024,As Expected,1,0.59,1.41,0.19,As Expected,1,103,54.1,77,26.4,01Jul2025-30Sep2025,1,1,280,95,777,,280,0,,,280,0,,,280,0,,,15,1,0,1,27,280,99,831,,280,103,783,,,,,,1,103,858,24,280,0,,
552706,18,SHC Laguna Hills,01Jan2021-31Dec2024,5,1,"25251 Paseo de Alicia, Suite 105",,Laguna Hills,CA,92653,Orange,(949) 420-5700,Non-profit,Yes,"US Renal Care, Inc.",No,17,Yes,Yes,No,1/28/13,01Oct2024-30Sep2025,01Oct2024-30Sep2025,01Jan2021-31Dec2024,As Expected,1,370,21.2,33.7,13.8,01Jan2024-31Dec2024,As Expected,1,93,131.1,228.9,81.8,01Jan2024-31Dec2024,As Expected,1,66,24.7,40,13.1,01Jan2024-31Dec2024,As Expected,1,36,11.9,94.5,2.5,01Jan2021-31Dec2023,As Expected,1,47,0.64,1.86,0.13,As Expected,1,69,28.1,51.7,12.6,01Jan2024-31Dec2024,As Expected,1,40,1.13,2.28,0.59,01Jan2023-31Dec2024,As Expected,1,54,1.74,3.09,0.76,01Jan2021-31Dec2023,As Expected,1,62,2.02,3.72,0.97,01Jan2024-31Dec2024,As Expected,1,0.62,1.7,0.16,Better than Expected,1,92,79.4,93.8,65.2,01Jul2025-30Sep2025,1,0,1,73,675,99,1,28,233,95,259,0,,,259,0,,,16,1,0,1,31,1,112,989,1,1,122,1075,8,24,28,27,13,1,92,798,10,259,0,,
552707,18,DaVita Bermuda Dunes Dialysis,01Jan2021-31Dec2024,3,1,78030 Wildcat Drive Suite 101,,Palm Desert,CA,92211,Riverside,(760) 345-5115,Profit,Yes,DaVita,No,21,Yes,No,No,8/8/12,01Oct2024-30Sep2025,01Oct2024-30Sep2025,01Jan2021-31Dec2024,As Expected,1,461,27.1,40.4,18.9,01Jan2024-31Dec2024,As Expected,1,116,127.4,198.8,87.6,01Jan2024-31Dec2024,As Expected,1,99,28.5,40.1,18.2,01Jan2024-31Dec2024,As Expected,1,33,44.2,124.5,20.1,01Jan2021-31Dec2023,As Expected,1,37,0.27,1.48,0.01,As Expected,1,79,24.2,46.8,10.4,01Jan2024-31Dec2024,As Expected,1,48,1.09,2.17,0.65,01Jan2023-31Dec2024,As Expected,1,66,1.47,2.68,0.63,01Jan2021-31Dec2023,As Expected,1,75,1.31,2.57,0.56,01Jan2024-31Dec2024,Better than Expected,1,0.31,0.83,0.08,As Expected,1,117,63.9,82.8,40.9,01Jul2025-30Sep2025,1,0,280,113,952,,280,0,,,280,0,,,280,0,,,38,1,0,1,37,280,115,959,,280,118,969,,,,,,1,117,988,15,280,0,,
552708,18,DaVita Mojave Sage Dialysis,01Jan2021-31Dec2024,3,1,17207 Jasmine Street,,VICTORVILLE,CA,92395,San Bernardino,(760) 241-8167,Profit,Yes,DaVita,No,24,Yes,Yes,No,10/10/12,01Oct2024-30Sep2025,01Oct2024-30Sep2025,01Jan2021-31Dec2024,As Expected,1,564,27.5,40.6,19.4,01Jan2024-31Dec2024,As Expected,1,136,137.5,206.4,97.5,01Jan2024-31Dec2024,As Expected,1,113,29.7,40.8,19.8,01Jan2024-31Dec2024,As Expected,1,51,26.2,73.9,12,01Jan2021-31Dec2023,As Expected,1,86,0.68,1.48,0.25,As Expected,1,165,24.3,38.5,14.1,01Jan2024-31Dec2024,As Expected,1,52,1.11,1.97,0.72,01Jan2023-31Dec2024,As Expected,1,107,0.56,1.25,0.19,01Jan2021-31Dec2023,As Expected,1,87,0.79,1.62,0.32,01Jan2024-31Dec2024,Better than Expected,1,0.12,0.58,0.01,As Expected,1,151,63.7,82.2,41.1,01Jul2025-30Sep2025,1,0,280,130,1124,,280,48,421,,280,0,,,280,0,,,26,1,2,1,46,280,188,1724,,280,195,1642,,,,,,1,151,1343,13,280,0,,
552709,18,DaVita Quest Dialysis Center,01Jan2021-31Dec2024,2,1,3140 Long Beach Blvd.,,Long Beach,CA,90807,Los Angeles,(562) 988-8866,Profit,Yes,DaVita,No,24,Yes,Yes,No,10/12/12,01Oct2024-30Sep2025,01Oct2024-30Sep2025,01Jan2021-31Dec2024,As Expected,1,443,19.8,32,12.6,01Jan2024-31Dec2024,As Expected,1,88,141.9,228.7,94.9,01Jan2024-31Dec2024,As Expected,1,78,25.5,39.6,14.3,01Jan2024-31Dec2024,As Expected,1,51,25.8,72.7,11.8,01Jan2021-31Dec2023,Worse than Expected,1,50,0,0.65,0,As Expected,1,95,25.9,45.9,12.6,01Jan2024-31Dec2024,As Expected,1,61,1.02,1.99,0.62,01Jan2023-31Dec2024,As Expected,1,105,0.89,1.67,0.38,01Jan2021-31Dec2023,Worse than Expected,1,57,0.17,0.95,0,01Jan2024-31Dec2024,Better than Expected,1,0.39,0.94,0.12,As Expected,1,108,53,73.2,28.3,01Jul2025-30Sep2025,1,0,280,99,987,,280,7,55,,280,0,,,280,0,,,12,1,2,1,43,280,110,1114,,280,116,1066,,,,,,1,108,1067,25,280,0,,
552711,17,DaVita Silicon Valley Dialysis,01Jan2021-31Dec2024,5,1,"725 RIDDER PARK., STE 10",,SAN JOSE,CA,95131,Santa Clara,(408) 392-0390,Profit,Yes,DaVita,No,32,Yes,No,No,3/13/13,01Oct2024-30Sep2025,01Oct2024-30Sep2025,01Jan2021-31Dec2024,As Expected,1,256,18.2,28.9,11.9,01Jan2024-31Dec2024,As Expected,1,74,116.9,200.6,72.5,01Jan2024-31Dec2024,As Expected,1,69,32.2,44.5,20.9,01Jan2024-31Dec2024,As Expected,1,27,13.5,107.3,2.8,01Jan2021-31Dec2023,As Expected,1,27,1.04,3.05,0.21,Better than Expected,1,69,36.9,60.6,18.2,01Jan2024-31Dec2024,As Expected,1,30,0.87,1.99,0.41,01Jan2023-31Dec2024,As Expected,1,44,1.72,2.9,0.82,01Jan2021-31Dec2023,As Expected,1,62,0.9,2.1,0.29,01Jan2024-31Dec2024,As Expected,1,0.33,1.08,0.06,As Expected,1,92,61.1,81.2,41.3,01Jul2025-30Sep2025,1,0,280,89,734,,280,0,,,280,0,,,280,0,,,14,1,10,1,21,280,90,751,,280,94,730,,,,,,1,92,791,19,280,0,,
552712,17,DaVita Silicon Valley Home Training,01Jan2021-31Dec2024,,260,"725 RIDDER PARK DR., STE 50",,SAN JOSE,CA,95131,Santa Clara,(408) 392-0239,Profit,Yes,DaVita,No,8,No,Yes,Yes,3/12/13,01Oct2024-30Sep2025,01Oct2024-30Sep2025,01Jan2021-31Dec2024,As Expected,1,82,24.2,49.6,10,01Jan2024-31Dec2024,As Expected,1,28,157.4,358,76.6,01Jan2024-31Dec2024,As Expected,1,16,52.9,99.3,18.9,01Jan2024-31Dec2024,Not Available,199,12,,,,01Jan2021-31Dec2023,Not Available,199,5,,,,Better than Expected,1,24,63.6,88.2,28.9,01Jan2024-31Dec2024,As Expected,1,13,1.55,3.83,0.64,01Jan2023-31Dec2024,As Expected,1,12,3.02,6.1,0.8,01Jan2021-31Dec2023,Not Available,201,0,,,,01Jan2024-31Dec2024,Not Available,201,,,,Not Available,199,4,,,,01Jul2025-30Sep2025,1,6,280,0,,,280,35,297,,280,0,,,280,0,,,,199,,199,6,280,39,332,,280,41,322,,,,,,199,4,38,,280,0,,
552713,17,DaVita Laurel Meadows Dialysis,01Jan2021-31Dec2024,5,1,"3 ROSSI CIRCLE, STE A",,SALINAS,CA,93907,Monterey,(831) 424-5726,Profit,Yes,DaVita,Yes,24,Yes,No,No,4/10/13,01Oct2024-30Sep2025,01Oct2024-30Sep2025,01Jan2021-31Dec2024,As Expected,1,396,19,31.1,11.9,01Jan2024-31Dec2024,As Expected,1,104,130.5,204.5,89.4,01Jan2024-31Dec2024,As Expected,1,90,17.7,30.5,9.3,01Jan2024-31Dec2024,As Expected,1,76,18.2,48.4,8.7,01Jan2021-31Dec2023,Better than Expected,1,41,2.78,5.11,1.33,Better than Expected,1,109,36.4,54.5,21.5,01Jan2024-31Dec2024,As Expected,1,78,0.64,1.26,0.39,01Jan2023-31Dec2024,As Expected,1,121,0.85,1.56,0.38,01Jan2021-31Dec2023,As Expected,1,66,1.89,3.3,0.98,01Jan2024-31Dec2024,As Expected,1,0.52,1.15,0.19,As Expected,1,145,64.1,81.8,42.5,01Jul2025-30Sep2025,1,0,280,133,1236,,280,0,,,280,0,,,280,0,,,10,1,0,1,58,280,134,1250,,280,143,1272,,,,,,1,145,1320,12,280,0,,
552714,17,SHC Silver Creek,01Jan2021-31Dec2024,3,1,1620 EAST CAPITOL EXPRESSWAY,,SAN JOSE,CA,95121,Santa Clara,(408) 754-3400,Non-profit,Yes,"US Renal Care, Inc.",No,31,Yes,No,No,4/17/13,01Oct2024-30Sep2025,01Oct2024-30Sep2025,01Jan2021-31Dec2024,As Expected,1,448,20.1,30.4,13.8,01Jan2024-31Dec2024,As Expected,1,95,122,201.5,79.9,01Jan2024-31Dec2024,As Expected,1,84,28.2,39.5,18,01Jan2024-31Dec2024,As Expected,1,45,55.4,112.8,32.3,01Jan2021-31Dec2023,As Expected,1,55,1.4,2.77,0.61,Better than Expected,1,112,30.4,47.7,17.2,01Jan2024-31Dec2024,As Expected,1,50,1.52,2.68,0.99,01Jan2023-31Dec2024,As Expected,1,90,1.28,2.28,0.58,01Jan2021-31Dec2023,Worse than Expected,1,83,0.11,0.61,0,01Jan2024-31Dec2024,Better than Expected,1,0.33,0.8,0.11,As Expected,1,140,69.5,84.8,50.9,01Jul2025-30Sep2025,1,0,1,105,938,92,257,0,,,259,0,,,259,0,,,38,1,0,1,42,1,129,1190,1,1,142,1254,8,23,26,26,17,1,140,1243,20,259,0,,
552715,18,DaVita Sun City Menifee Dialysis,01Jan2021-31Dec2024,3,1,1702 ILLINOIS AVENUE,,PERRIS,CA,92571,Riverside,(951) 928-1369,Profit,Yes,DaVita,Yes,24,Yes,No,No,11/16/12,01Oct2024-30Sep2025,01Oct2024-30Sep2025,01Jan2021-31Dec2024,As Expected,1,776,27.9,38.4,21,01Jan2024-31Dec2024,As Expected,1,193,153.4,215.9,115,01Jan2024-31Dec2024,As Expected,1,164,32.3,42.1,23.8,01Jan2024-31Dec2024,Worse than Expected,1,65,68.4,123,43.9,01Jan2021-31Dec2023,As Expected,1,115,0.99,1.77,0.49,As Expected,1,225,17.7,29.5,10,01Jan2024-31Dec2024,Worse than Expected,1,71,1.59,2.67,1.07,01Jan2023-31Dec2024,As Expected,1,111,1.52,2.38,0.86,01Jan2021-31Dec2023,As Expected,1,163,1.34,2.06,0.82,01Jan2024-31Dec2024,Better than Expected,1,0.17,0.45,0.04,As Expected,1,270,68,80.5,52.9,01Jul2025-30Sep2025,1,3,280,245,2102,,280,0,,,280,0,,,280,0,,,33,1,0,1,40,280,255,2194,,280,273,2089,,,,,,1,270,2285,18,280,0,,
552716,17,DaVita South San Francisco at Home (PD),01Jan2021-31Dec2024,,260,74 CAMARITAS AVE,,SOUTH SAN FRANCISCO,CA,94080,San Mateo,(650) 589-8562,Profit,Yes,DaVita,No,7,No,Yes,Yes,5/16/13,01Oct2024-30Sep2025,01Oct2024-30Sep2025,01Jan2021-31Dec2024,As Expected,1,282,19.1,31.1,12.1,01Jan2024-31Dec2024,As Expected,1,44,137.8,249.3,82.5,01Jan2024-31Dec2024,As Expected,1,34,18,42.3,5.1,01Jan2024-31Dec2024,Not Available,199,14,,,,01Jan2021-31Dec2023,Better than Expected,1,34,4.17,7.47,2.08,Better than Expected,1,44,68.8,88.9,37.8,01Jan2024-31Dec2024,As Expected,1,18,1.18,2.7,0.55,01Jan2023-31Dec2024,As Expected,1,27,1.6,3.57,0.44,01Jan2021-31Dec2023,Not Available,201,0,,,,01Jan2024-31Dec2024,Not Available,201,,,,Not Available,199,6,,,,01Jul2025-30Sep2025,1,4,280,0,,,280,48,468,,280,0,,,280,0,,,,199,,199,9,280,54,516,,280,54,473,,,,,,199,6,48,,280,0,,
552717,17,SHC Oakland Waterfront,01Jan2021-31Dec2024,3,1,255 2nd STREET,,OAKLAND,CA,94607,Alameda,(510) 433-8340,Non-profit,Yes,"US Renal Care, Inc.",No,27,Yes,Yes,Yes,6/5/13,01Oct2024-30Sep2025,01Oct2024-30Sep2025,01Jan2021-31Dec2024,As Expected,1,591,19.7,30.3,13.3,01Jan2024-31Dec2024,As Expected,1,181,116.4,174.2,82.8,01Jan2024-31Dec2024,As Expected,1,139,30.3,42.1,20.1,01Jan2024-31Dec2024,As Expected,1,47,40.5,98,20.7,01Jan2021-31Dec2023,As Expected,1,51,1.22,2.65,0.45,Better than Expected,1,201,41.6,55.1,29.4,01Jan2024-31Dec2024,As Expected,1,65,1.41,2.48,0.93,01Jan2023-31Dec2024,As Expected,1,69,1.43,2.63,0.62,01Jan2021-31Dec2023,As Expected,1,78,1.14,2.17,0.52,01Jan2024-31Dec2024,Better than Expected,1,0.29,0.71,0.09,As Expected,1,226,49.6,65.5,30.3,01Jul2025-30Sep2025,1,0,1,182,1516,92,1,67,574,86,259,0,,,259,0,,,17,1,0,1,48,1,264,2306,1,1,282,2459,6,25,29,26,14,1,226,1866,24,259,0,,
552719,17,SHC WB Daly City,01Jan2021-31Dec2024,,260,2001 JUNIPERO SERRA BLVD,,DALY CITY,CA,94014,San Mateo,(650) 550-3600,Non-profit,Yes,"US Renal Care, Inc.",No,4,No,Yes,Yes,6/12/13,01Oct2024-30Sep2025,01Oct2024-30Sep2025,01Jan2021-31Dec2024,As Expected,1,179,26.9,45.5,15.6,01Jan2024-31Dec2024,As Expected,1,39,136,264.6,76,01Jan2024-31Dec2024,As Expected,1,32,34.1,57.8,16.4,01Jan2024-31Dec2024,As Expected,1,19,40.8,176.7,13.4,01Jan2021-31Dec2023,Not Available,199,12,,,,Better than Expected,1,61,54.5,74.9,32.5,01Jan2024-31Dec2024,As Expected,1,21,0.96,2.44,0.4,01Jan2023-31Dec2024,As Expected,1,35,1.63,3.35,0.53,01Jan2021-31Dec2023,Not Available,201,0,,,,01Jan2024-31Dec2024,Not Available,201,,,,Not Available,201,0,,,,01Jul2025-30Sep2025,199,,201,0,,,1,73,619,88,259,0,,,259,0,,,14,1,0,1,14,1,73,619,3,1,78,667,4,18,27,31,19,201,0,,,259,0,,
552720,17,SHC West San Leandro,01Jan2021-31Dec2024,4,1,2401 MERCED ST SUITE 110,,SAN LEANDRO,CA,94577,Alameda,(510) 746-3900,Non-profit,Yes,"US Renal Care, Inc.",No,27,Yes,No,No,6/19/13,01Oct2024-30Sep2025,01Oct2024-30Sep2025,01Jan2021-31Dec2024,As Expected,1,312,17,25.9,11.6,01Jan2024-31Dec2024,As Expected,1,76,79.8,149.9,45.6,01Jan2024-31Dec2024,As Expected,1,50,23.6,41.9,10.6,01Jan2024-31Dec2024,As Expected,1,24,27.2,147.5,7.5,01Jan2021-31Dec2023,As Expected,1,35,0.9,3.24,0.11,As Expected,1,64,31.4,55.3,14.4,01Jan2024-31Dec2024,Worse than Expected,1,25,1.82,3.35,1.03,01Jan2023-31Dec2024,As Expected,1,36,0.97,2.47,0.26,01Jan2021-31Dec2023,As Expected,1,53,0.4,1.43,0.05,01Jan2024-31Dec2024,As Expected,1,0.47,1.28,0.12,As Expected,1,99,55.9,78.1,28.9,01Jul2025-30Sep2025,1,0,1,79,737,99,257,0,,,259,0,,,259,0,,,16,1,0,1,19,1,95,900,0,1,102,936,8,21,29,31,11,1,99,928,18,259,0,,
552721,18,DaVita Sequoia Dialysis,01Jan2021-31Dec2024,3,1,440 N. 11th Street,,HANFORD,CA,93230,Kings,(559) 587-0105,Profit,Yes,DaVita,No,20,Yes,No,No,4/12/13,01Oct2024-30Sep2025,01Oct2024-30Sep2025,01Jan2021-31Dec2024,As Expected,1,458,25.9,39.4,17.6,01Jan2024-31Dec2024,As Expected,1,126,149.9,225.1,106.4,01Jan2024-31Dec2024,As Expected,1,100,33.4,47.4,21.7,01Jan2024-31Dec2024,As Expected,1,62,46.9,93.6,27.8,01Jan2021-31Dec2023,As Expected,1,52,0.24,1.36,0.01,As Expected,1,131,19.3,35.2,9.6,01Jan2024-31Dec2024,As Expected,1,68,1.12,1.98,0.73,01Jan2023-31Dec2024,As Expected,1,117,1.49,2.4,0.85,01Jan2021-31Dec2023,As Expected,1,88,0.57,1.47,0.16,01Jan2024-31Dec2024,Better than Expected,1,0.23,0.76,0.04,As Expected,1,122,71.8,89.2,50.7,01Jul2025-30Sep2025,1,0,280,109,924,,280,48,350,,280,0,,,280,0,,,13,1,3,1,38,280,163,1427,,280,165,1372,,,,,,1,122,1106,14,280,0,,
552722,18,"Coachella Kidney Institute, LLC",01Jan2021-31Dec2024,4,1,1413 6th Street,,COACHELLA,CA,92236,Riverside,(760) 391-5300,Profit,No,Independent,No,25,Yes,No,No,4/19/13,01Oct2024-30Sep2025,01Oct2024-30Sep2025,01Jan2021-31Dec2024,As Expected,1,224,16.7,31.7,8.9,01Jan2024-31Dec2024,As Expected,1,63,136.4,241,82.4,01Jan2024-31Dec2024,As Expected,1,50,33.6,54.4,17.8,01Jan2024-31Dec2024,As Expected,1,35,18.6,80.7,6.1,01Jan2021-31Dec2023,As Expected,1,26,0.83,2.42,0.17,As Expected,1,66,26.6,49.5,11.8,01Jan2024-31Dec2024,As Expected,1,42,0.99,2.19,0.55,01Jan2023-31Dec2024,As Expected,1,46,0.65,1.82,0.11,01Jan2021-31Dec2023,As Expected,1,35,0.23,1.29,0.01,01Jan2024-31Dec2024,Not Available,201,,,,As Expected,1,75,65.5,86.4,44.9,01Jul2025-30Sep2025,1,29,1,73,767,96,257,0,,,259,0,,,259,0,,,3,1,0,1,36,1,73,767,0,1,76,803,3,30,36,16,15,1,75,791,18,259,0,,
552723,17,DaVita Tully Dialysis,01Jan2021-31Dec2024,4,1,614 Tully Rd,Ste 30,San Jose,CA,95111,Santa Clara,(669) 369-3425,Profit,Yes,DaVita,No,48,Yes,No,No,7/26/13,01Oct2024-30Sep2025,01Oct2024-30Sep2025,01Jan2021-31Dec2024,As Expected,1,564,16,24.4,10.9,01Jan2024-31Dec2024,As Expected,1,162,135.4,196.1,99,01Jan2024-31Dec2024,As Expected,1,152,27.2,37.7,18.2,01Jan2024-31Dec2024,As Expected,1,48,20.3,67,8.2,01Jan2021-31Dec2023,As Expected,1,40,1.17,2.72,0.38,Better than Expected,1,175,33.6,47.9,21.8,01Jan2024-31Dec2024,As Expected,1,55,1.04,2.04,0.62,01Jan2023-31Dec2024,As Expected,1,87,0.82,1.72,0.28,01Jan2021-31Dec2023,As Expected,1,75,0.28,1,0.03,01Jan2024-31Dec2024,Better than Expected,1,0.15,0.4,0.04,As Expected,1,228,54.8,70,36.4,01Jul2025-30Sep2025,1,1,280,207,1887,,280,0,,,280,0,,,280,0,,,12,1,3,1,34,280,214,1940,,280,224,1874,,,,,,1,228,2002,29,280,0,,
552724,17,DaVita Laurel Meadows Home Training,01Jan2021-31Dec2024,,260,"3 ROSSI CIRCLE, STE B",,SALINAS,CA,93907,Monterey,(831) 757-4360,Profit,Yes,DaVita,No,5,No,Yes,Yes,7/2/13,01Oct2024-30Sep2025,01Oct2024-30Sep2025,01Jan2021-31Dec2024,As Expected,1,256,19.6,36.2,10.9,01Jan2024-31Dec2024,As Expected,1,67,129.5,232.6,77.1,01Jan2024-31Dec2024,As Expected,1,37,31,55.4,14.2,01Jan2024-31Dec2024,As Expected,1,45,40.8,95,21.5,01Jan2021-31Dec2023,As Expected,1,33,1.26,2.74,0.46,Better than Expected,1,98,49.5,66.5,32.6,01Jan2024-31Dec2024,As Expected,1,49,1.02,2.08,0.6,01Jan2023-31Dec2024,As Expected,1,53,1.36,2.53,0.54,01Jan2021-31Dec2023,Not Available,201,0,,,,01Jan2024-31Dec2024,Not Available,201,,,,Not Available,199,9,,,,01Jul2025-30Sep2025,1,8,280,1,2,,280,91,791,,280,0,,,280,0,,,36,1,0,1,33,280,100,871,,280,102,867,,,,,,199,9,77,,280,0,,
552725,17,SHC WB Santa Cruz,01Jan2021-31Dec2024,,260,2128 SOQUEL AVENUE,,SANTA CRUZ,CA,95062,Santa Cruz,(831) 600-4840,Non-profit,Yes,Satellite Dialysis,No,4,No,Yes,Yes,8/2/13,01Oct2024-30Sep2025,01Oct2024-30Sep2025,01Jan2021-31Dec2024,As Expected,1,182,35.7,57.2,22,01Jan2024-31Dec2024,As Expected,1,39,186.9,339.6,110.8,01Jan2024-31Dec2024,As Expected,1,27,23.8,49.6,7.8,01Jan2024-31Dec2024,As Expected,1,23,38.3,165.9,12.6,01Jan2021-31Dec2023,Not Available,199,16,,,,Better than Expected,1,42,46.2,73.1,21.4,01Jan2024-31Dec2024,As Expected,1,28,1.03,2.3,0.48,01Jan2023-31Dec2024,As Expected,1,40,1.17,2.82,0.31,01Jan2021-31Dec2023,Not Available,199,1,,,,01Jan2024-31Dec2024,Not Available,201,,,,Not Available,199,6,,,,01Jul2025-30Sep2025,199,,201,0,,,1,38,291,85,259,0,,,259,0,,,50,1,0,1,12,1,44,342,1,1,47,351,5,24,32,24,14,199,6,51,,259,0,,
552726,17,DaVita Coalinga Dialysis,01Jan2021-31Dec2024,3,1,1147 PHELPS AVE,,COALINGA,CA,93210,Fresno,(559) 934-0690,Profit,Yes,DaVita,No,12,Yes,No,No,7/23/13,01Oct2024-30Sep2025,01Oct2024-30Sep2025,01Jan2021-31Dec2024,As Expected,1,188,24.9,41.6,14.6,01Jan2024-31Dec2024,As Expected,1,52,135.8,240.4,82.8,01Jan2024-31Dec2024,As Expected,1,42,22.3,40,10.2,01Jan2024-31Dec2024,As Expected,1,21,8.5,158.7,0.9,01Jan2021-31Dec2023,As Expected,1,35,0.31,1.71,0.01,As Expected,1,87,12.9,31.9,4.5,01Jan2024-31Dec2024,As Expected,1,24,0.97,2.21,0.45,01Jan2023-31Dec2024,As Expected,1,27,0.28,1.43,0.01,01Jan2021-31Dec2023,As Expected,1,52,1.47,3.02,0.59,01Jan2024-31Dec2024,As Expected,1,0.41,1.12,0.11,As Expected,1,95,59,78,40.2,01Jul2025-30Sep2025,1,0,280,82,794,,280,0,,,280,0,,,280,0,,,10,1,0,1,21,280,93,882,,280,96,831,,,,,,1,95,918,22,280,0,,
552727,18,DaVita Firestone Blvd Dialysis,01Jan2021-31Dec2024,3,1,11913 Firestone Blvd.,,NORWALK,CA,90650,Los Angeles,(562) 863-2127,Profit,Yes,DaVita,No,24,Yes,No,No,7/1/13,01Oct2024-30Sep2025,01Oct2024-30Sep2025,01Jan2021-31Dec2024,As Expected,1,365,21.8,35.1,13.9,01Jan2024-31Dec2024,As Expected,1,90,145.2,230.6,98.3,01Jan2024-31Dec2024,As Expected,1,83,23.4,37.2,13.3,01Jan2024-31Dec2024,As Expected,1,33,36.2,96.3,17.3,01Jan2021-31Dec2023,As Expected,1,36,0.25,1.4,0.01,As Expected,1,86,15,36.5,5.2,01Jan2024-31Dec2024,As Expected,1,40,0.56,1.4,0.28,01Jan2023-31Dec2024,Better than Expected,1,57,0.23,0.82,0.03,01Jan2021-31Dec2023,As Expected,1,56,1.1,2.4,0.4,01Jan2024-31Dec2024,Better than Expected,1,0.24,0.8,0.04,As Expected,1,120,61,81.8,35.8,01Jul2025-30Sep2025,1,1,280,112,994,,280,0,,,280,0,,,280,0,,,37,1,0,1,38,280,116,1033,,280,120,1035,,,,,,1,120,1029,12,280,0,,
552728,18,DaVita Moorpark Dialysis Center,01Jan2021-31Dec2024,3,1,"883 Patriot Drive, Suite C",,Moorpark,CA,93021,Ventura,(805) 517-1442,Profit,Yes,DaVita,No,20,Yes,Yes,Yes,3/21/13,01Oct2024-30Sep2025,01Oct2024-30Sep2025,01Jan2021-31Dec2024,As Expected,1,323,21.2,32.8,14.1,01Jan2024-31Dec2024,As Expected,1,80,168.8,274.4,109.7,01Jan2024-31Dec2024,As Expected,1,69,31,44.9,19.2,01Jan2024-31Dec2024,As Expected,1,42,41.9,105.8,20.7,01Jan2021-31Dec2023,As Expected,1,50,1.03,2.63,0.28,Better than Expected,1,84,41,60.8,23.7,01Jan2024-31Dec2024,As Expected,1,55,1.07,2.2,0.62,01Jan2023-31Dec2024,As Expected,1,70,0.94,2.05,0.32,01Jan2021-31Dec2023,As Expected,1,35,1.65,3.84,0.53,01Jan2024-31Dec2024,Better than Expected,1,0,0.88,,As Expected,1,65,58.9,80.2,36.4,01Jul2025-30Sep2025,1,6,280,50,328,,280,52,463,,280,0,,,280,0,,,14,1,2,1,51,280,106,917,,280,112,914,,,,,,1,65,462,16,280,0,,
552729,17,DaVita North Madera Dialysis,01Jan2021-31Dec2024,5,1,720 N. I ST.,,MADERA,CA,93637,Madera,(559) 664-8780,Profit,Yes,DaVita,No,20,Yes,Yes,No,7/25/13,01Oct2024-30Sep2025,01Oct2024-30Sep2025,01Jan2021-31Dec2024,As Expected,1,206,27.5,42.4,17.8,01Jan2024-31Dec2024,As Expected,1,52,184.3,295.4,122.5,01Jan2024-31Dec2024,As Expected,1,52,28.7,47.5,15,01Jan2024-31Dec2024,As Expected,1,29,5.3,99.1,0.6,01Jan2021-31Dec2023,As Expected,1,21,1.47,4.3,0.3,Better than Expected,1,70,36.3,59.2,18.2,01Jan2024-31Dec2024,As Expected,1,33,0.82,1.84,0.39,01Jan2023-31Dec2024,As Expected,1,41,0.38,1.33,0.04,01Jan2021-31Dec2023,As Expected,1,34,1.16,2.98,0.32,01Jan2024-31Dec2024,As Expected,1,0.39,1.28,0.07,As Expected,1,68,73.6,91.9,54.2,01Jul2025-30Sep2025,1,0,280,60,512,,280,10,84,,280,0,,,280,0,,,7,1,0,1,27,280,73,634,,280,80,594,,,,,,1,68,554,13,280,0,,
552730,17,SHC Rohnert Park,01Jan2021-31Dec2024,3,1,6265 COMMERCE BLVD SUITE 156,,ROHNERT PARK,CA,94928,Sonoma,(707) 303-2040,Non-profit,Yes,"US Renal Care, Inc.",Yes,25,Yes,No,No,9/13/13,01Oct2024-30Sep2025,01Oct2024-30Sep2025,01Jan2021-31Dec2024,As Expected,1,342,20,32,12.9,01Jan2024-31Dec2024,As Expected,1,85,140.4,219.9,94.4,01Jan2024-31Dec2024,As Expected,1,84,26.8,38.1,17.4,01Jan2024-31Dec2024,As Expected,1,37,49.5,115.4,26.1,01Jan2021-31Dec2023,As Expected,1,31,1.8,3.7,0.72,As Expected,1,95,23.6,42.9,11.3,01Jan2024-31Dec2024,Worse than Expected,1,45,2.38,3.87,1.65,01Jan2023-31Dec2024,As Expected,1,52,1.59,3.04,0.61,01Jan2021-31Dec2023,As Expected,1,59,0.77,1.8,0.25,01Jan2024-31Dec2024,As Expected,1,0.52,1.14,0.19,As Expected,1,116,55.7,75.7,31.4,01Jul2025-30Sep2025,1,0,1,101,879,91,257,0,,,259,0,,,259,0,,,34,1,0,1,32,1,116,1007,0,1,118,1047,6,19,24,26,24,1,116,1029,21,259,0,,
552731,17,DaVita Tully Road Home Training PD,01Jan2021-31Dec2024,,260,1290 TULLY RD SUITE 60,,SAN JOSE,CA,95122,Santa Clara,(408) 275-0105,Profit,Yes,DaVita,No,0,No,Yes,Yes,9/30/13,01Oct2024-30Sep2025,01Oct2024-30Sep2025,01Jan2021-31Dec2024,As Expected,1,106,20.5,40.7,8.9,01Jan2024-31Dec2024,As Expected,1,18,120.8,375.2,44.8,01Jan2024-31Dec2024,As Expected,1,12,19.3,56.5,2.2,01Jan2024-31Dec2024,Not Available,199,10,,,,01Jan2021-31Dec2023,Not Available,199,17,,,,Better than Expected,1,23,59,88.5,21.3,01Jan2024-31Dec2024,As Expected,1,11,0.65,3.12,0.14,01Jan2023-31Dec2024,As Expected,1,18,0.52,2.56,0.01,01Jan2021-31Dec2023,Not Available,201,0,,,,01Jan2024-31Dec2024,Not Available,201,,,,Not Available,199,1,,,,01Jul2025-30Sep2025,1,5,280,0,,,280,28,200,,280,0,,,280,0,,,,199,,199,5,280,29,212,,280,30,209,,,,,,199,1,12,,280,0,,
552732,18,USRC Chula Vista Home Dialysis,01Jan2021-31Dec2024,,260,"2082 Otay Lakes Road, Suite 101",,CHULA VISTA,CA,91915,San Diego,(619) 482-8207,Profit,Yes,"US Renal Care, Inc.",No,3,No,Yes,Yes,9/5/13,01Oct2024-30Sep2025,01Oct2024-30Sep2025,01Jan2021-31Dec2024,As Expected,1,61,16.4,45.9,3.9,01Jan2024-31Dec2024,As Expected,1,12,100.2,388.3,30.6,01Jan2024-31Dec2024,Not Available,199,7,,,,01Jan2024-31Dec2024,Not Available,199,2,,,,01Jan2021-31Dec2023,Not Available,199,3,,,,As Expected,1,19,30.9,76.2,5.9,01Jan2024-31Dec2024,Not Available,199,2,,,,01Jan2023-31Dec2024,Not Available,199,10,,,,01Jan2021-31Dec2023,Not Available,201,0,,,,01Jan2024-31Dec2024,Not Available,201,,,,Not Available,201,0,,,,01Jul2025-30Sep2025,199,,201,0,,,1,16,140,89,259,0,,,259,0,,,,199,,199,2,1,16,140,3,1,17,134,8,16,25,30,21,201,0,,,259,0,,
552733,17,SHC Daly City,01Jan2021-31Dec2024,5,1,"2001 JUNIPERO SERRA BLVD, SUITE 100",,DALY CITY,CA,94014,San Mateo,(650) 746-3140,Non-profit,Yes,"US Renal Care, Inc.",No,24,Yes,No,No,8/14/13,01Oct2024-30Sep2025,01Oct2024-30Sep2025,01Jan2021-31Dec2024,As Expected,1,468,17.7,27.2,11.9,01Jan2024-31Dec2024,As Expected,1,108,120.4,190.7,81.7,01Jan2024-31Dec2024,As Expected,1,88,35.4,50,22.7,01Jan2024-31Dec2024,As Expected,1,54,14.1,52.4,5.2,01Jan2021-31Dec2023,As Expected,1,39,1.48,3.78,0.4,Better than Expected,1,103,35.8,54.4,20.7,01Jan2024-31Dec2024,As Expected,1,63,0.74,1.59,0.42,01Jan2023-31Dec2024,As Expected,1,72,1.19,2.45,0.41,01Jan2021-31Dec2023,As Expected,1,70,0.81,1.88,0.26,01Jan2024-31Dec2024,Better than Expected,1,0.41,0.99,0.13,As Expected,1,153,70.8,86.8,51.3,01Jul2025-30Sep2025,1,0,1,135,1264,98,257,0,,,259,0,,,259,0,,,18,1,0,1,44,1,143,1343,1,1,155,1400,9,22,26,25,18,1,153,1395,15,259,0,,
552734,18,LIBERTY DIALYSIS - WEST PASADENA,01Jan2021-31Dec2024,3,1,757 S. Raymond Avenue,,PASADENA,CA,91105,Los Angeles,(626) 396-6957,Profit,Yes,Fresenius Medical Care,No,21,Yes,Yes,Yes,8/28/13,01Oct2024-30Sep2025,01Oct2024-30Sep2025,01Jan2021-31Dec2024,As Expected,1,405,14,23.7,8.4,01Jan2024-31Dec2024,As Expected,1,106,141.8,216.5,99.2,01Jan2024-31Dec2024,As Expected,1,105,31.6,45.2,21,01Jan2024-31Dec2024,As Expected,1,46,16.6,61.6,6.2,01Jan2021-31Dec2023,As Expected,1,44,0.54,1.94,0.07,As Expected,1,84,19.1,39.8,7.8,01Jan2024-31Dec2024,As Expected,1,55,0.64,1.38,0.36,01Jan2023-31Dec2024,As Expected,1,106,0.48,1.1,0.14,01Jan2021-31Dec2023,As Expected,1,64,1.22,2.52,0.49,01Jan2024-31Dec2024,As Expected,1,0.68,1.35,0.3,As Expected,1,121,61.8,81.5,37.9,01Jul2025-30Sep2025,201,,1,118,1041,99,199,8,91,,259,0,,,259,0,,,15,1,0,1,41,1,129,1172,0,1,133,1216,9,22,26,25,18,1,121,1095,19,259,0,,
552735,18,FRESENIUS MEDICAL CARE BAKERSFIELD NORTHEAST,01Jan2021-31Dec2024,3,1,3201 Mall View Road,,BAKERSFIELD,CA,93306,Kern,(661) 873-7918,Profit,Yes,Fresenius Medical Care,No,25,Yes,Yes,Yes,11/9/13,01Oct2024-30Sep2025,01Oct2024-30Sep2025,01Jan2021-31Dec2024,As Expected,1,559,23.9,35.4,16.7,01Jan2024-31Dec2024,As Expected,1,147,139.8,210.6,98.9,01Jan2024-31Dec2024,As Expected,1,113,30.6,43.9,20.4,01Jan2024-31Dec2024,As Expected,1,44,17.1,63.4,6.3,01Jan2021-31Dec2023,As Expected,1,43,0.2,1.13,0.01,As Expected,1,149,24.8,39.7,14.2,01Jan2024-31Dec2024,As Expected,1,50,1.16,2.16,0.73,01Jan2023-31Dec2024,As Expected,1,72,1.59,2.69,0.81,01Jan2021-31Dec2023,As Expected,1,63,1.16,2.4,0.47,01Jan2024-31Dec2024,As Expected,1,0.61,1.34,0.22,As Expected,1,144,71.4,87.3,52.1,01Jul2025-30Sep2025,201,,1,114,1068,98,1,45,376,95,259,0,,,259,0,,,31,1,0,1,32,1,179,1660,1,1,188,1713,8,20,24,28,21,1,144,1296,10,259,0,,
552736,17,DaVita San Francisco Home Training (PD),01Jan2021-31Dec2024,3,1,1493 WEBSTER STREET,,SAN FRANCISCO,CA,94115,San Francisco,(415) 346-3382,Profit,Yes,DaVita,No,7,No,Yes,Yes,12/10/13,01Oct2024-30Sep2025,01Oct2024-30Sep2025,01Jan2021-31Dec2024,As Expected,1,167,23.6,40.8,13.3,01Jan2024-31Dec2024,As Expected,1,35,116.3,229,64.3,01Jan2024-31Dec2024,As Expected,1,17,50.9,90,20,01Jan2024-31Dec2024,Not Available,199,12,,,,01Jan2021-31Dec2023,Not Available,199,18,,,,Better than Expected,1,35,73,90.6,43.3,01Jan2024-31Dec2024,As Expected,1,16,0.72,2.35,0.22,01Jan2023-31Dec2024,As Expected,1,15,0.59,2.8,0.02,01Jan2021-31Dec2023,Not Available,201,0,,,,01Jan2024-31Dec2024,Not Available,201,,,,Not Available,256,0,,,,01Jul2025-30Sep2025,1,0,280,0,,,280,41,361,,280,0,,,280,0,,,,199,,199,5,280,41,361,,280,43,343,,,,,,256,0,,,280,0,,
552737,17,DaVita Santa Clara Dialysis,01Jan2021-31Dec2024,4,1,777 LAWRENCE EXPRESSWAY,,SANTA CLARA,CA,95051,Santa Clara,(408) 243-1130,Profit,Yes,DaVita,No,24,Yes,No,No,10/24/13,01Oct2024-30Sep2025,01Oct2024-30Sep2025,01Jan2021-31Dec2024,As Expected,1,243,19.6,29.5,13,01Jan2024-31Dec2024,As Expected,1,59,123.3,205.3,79.3,01Jan2024-31Dec2024,As Expected,1,55,17.9,35.4,6.9,01Jan2024-31Dec2024,Not Available,199,16,,,,01Jan2021-31Dec2023,Not Available,199,18,,,,As Expected,1,51,38.3,66.3,16.4,01Jan2024-31Dec2024,As Expected,1,19,0.8,2.17,0.31,01Jan2023-31Dec2024,As Expected,1,44,1.3,2.65,0.44,01Jan2021-31Dec2023,As Expected,1,38,0,1.11,0,01Jan2024-31Dec2024,Better than Expected,1,0.16,0.78,0.01,As Expected,1,78,60.3,83.4,37.6,01Jul2025-30Sep2025,1,1,280,75,645,,280,0,,,280,0,,,280,0,,,14,1,7,1,14,280,76,662,,280,81,644,,,,,,1,78,687,25,280,0,,
552738,17,DaVita Stevens Creek Dialysis,01Jan2021-31Dec2024,2,1,275 DI SALVO AVE,,SAN JOSE,CA,95128,Santa Clara,(408) 297-0103,Profit,Yes,DaVita,No,24,Yes,No,No,11/26/13,01Oct2024-30Sep2025,01Oct2024-30Sep2025,01Jan2021-31Dec2024,As Expected,1,230,17.5,27.1,11.2,01Jan2024-31Dec2024,As Expected,1,58,167.8,263.4,113.6,01Jan2024-31Dec2024,As Expected,1,68,32.2,46.8,19.8,01Jan2024-31Dec2024,As Expected,1,30,6.1,114.1,0.7,01Jan2021-31Dec2023,Not Available,199,21,,,,As Expected,1,53,21.9,50.2,7.2,01Jan2024-31Dec2024,As Expected,1,36,1.41,2.58,0.81,01Jan2023-31Dec2024,As Expected,1,66,1.75,2.81,0.91,01Jan2021-31Dec2023,As Expected,1,33,0.66,2.37,0.08,01Jan2024-31Dec2024,As Expected,1,0.64,1.54,0.2,As Expected,1,76,63.1,87.6,39,01Jul2025-30Sep2025,1,2,280,69,624,,280,0,,,280,0,,,280,0,,,21,1,0,1,28,280,76,704,,280,78,665,,,,,,1,76,672,24,280,0,,
552739,17,SHC Sacramento,01Jan2021-31Dec2024,3,1,646 N. MARKET BLVD,,SACRAMENTO,CA,95834,Sacramento,(916) 437-5800,Non-profit,Yes,"US Renal Care, Inc.",Yes,29,Yes,Yes,Yes,12/20/13,01Oct2024-30Sep2025,01Oct2024-30Sep2025,01Jan2021-31Dec2024,As Expected,1,459,20.5,33.1,13,01Jan2024-31Dec2024,As Expected,1,115,124.4,198.5,83.9,01Jan2024-31Dec2024,As Expected,1,85,19.7,33.8,10.6,01Jan2024-31Dec2024,As Expected,1,52,17,56.2,6.9,01Jan2021-31Dec2023,As Expected,1,69,0.76,1.77,0.25,As Expected,1,119,17.7,34.7,8,01Jan2024-31Dec2024,Worse than Expected,1,55,1.64,2.65,1.14,01Jan2023-31Dec2024,As Expected,1,79,0.99,1.95,0.37,01Jan2021-31Dec2023,As Expected,1,80,0.81,1.66,0.32,01Jan2024-31Dec2024,Better than Expected,1,0.42,0.93,0.15,As Expected,1,151,56.7,74.7,34.9,01Jul2025-30Sep2025,1,0,1,134,1272,97,201,0,,,259,0,,,259,0,,,10,1,0,1,40,1,150,1442,1,1,151,1472,11,22,26,24,17,1,151,1455,20,259,0,,
552740,18,DaVita Dinuba Dialysis,01Jan2021-31Dec2024,4,1,510 E North Way,,DINUBA,CA,93618,Tulare,(559) 595-9462,Profit,Yes,DaVita,No,24,Yes,Yes,No,11/19/13,01Oct2024-30Sep2025,01Oct2024-30Sep2025,01Jan2021-31Dec2024,As Expected,1,426,22.8,36.1,14.8,01Jan2024-31Dec2024,As Expected,1,113,125.5,199.7,84.8,01Jan2024-31Dec2024,As Expected,1,92,24.3,36.8,14.7,01Jan2024-31Dec2024,As Expected,1,54,17.5,58,7.1,01Jan2021-31Dec2023,Worse than Expected,1,63,0.13,0.72,0,As Expected,1,134,24.6,40.6,13.5,01Jan2024-31Dec2024,As Expected,1,61,1.43,2.45,0.96,01Jan2023-31Dec2024,As Expected,1,81,1.51,2.91,0.62,01Jan2021-31Dec2023,As Expected,1,82,1.28,2.23,0.66,01Jan2024-31Dec2024,Better than Expected,1,0,0.33,,Better than Expected,1,152,75.9,90,58.7,01Jul2025-30Sep2025,1,0,280,137,1283,,280,13,111,,280,0,,,280,0,,,9,1,3,1,58,280,156,1460,,280,160,1354,,,,,,1,152,1391,11,280,0,,
552741,18,"Dialysis Center of Porterville, LLC",01Jan2021-31Dec2024,4,1,841 & 847 W. Henderson Ave.,,PORTERVILLE,CA,93257,Tulare,(559) 783-0600,Profit,Yes,American Renal Associates,No,21,Yes,Yes,Yes,12/17/13,01Oct2024-30Sep2025,01Oct2024-30Sep2025,01Jan2021-31Dec2024,As Expected,1,387,24.9,38.5,16.7,01Jan2024-31Dec2024,As Expected,1,88,89.1,164.7,53,01Jan2024-31Dec2024,As Expected,1,50,22.3,42.8,8.2,01Jan2024-31Dec2024,As Expected,1,54,30.4,70.9,16,01Jan2021-31Dec2023,As Expected,1,75,0.75,1.76,0.24,As Expected,1,93,19.1,38.6,8.1,01Jan2024-31Dec2024,As Expected,1,57,0.75,1.54,0.44,01Jan2023-31Dec2024,As Expected,1,84,1.19,1.98,0.57,01Jan2021-31Dec2023,Worse than Expected,1,93,0.23,0.83,0.03,01Jan2024-31Dec2024,As Expected,1,0.99,1.88,0.46,As Expected,1,114,66.2,84.5,44,01Jul2025-30Sep2025,1,0,1,95,895,99,199,9,90,,259,0,,,259,0,,,14,1,0,1,37,1,111,1056,0,1,124,1115,11,28,36,17,8,1,114,979,15,259,0,,
552742,18,DaVita Boyle Heights Dialysis,01Jan2021-31Dec2024,2,1,1936 East 1st Street,,LOS ANGELES,CA,90033,Los Angeles,(323) 268-2729,Profit,Yes,DaVita,No,28,Yes,Yes,No,10/30/13,01Oct2024-30Sep2025,01Oct2024-30Sep2025,01Jan2021-31Dec2024,As Expected,1,265,21.7,34.4,14.2,01Jan2024-31Dec2024,As Expected,1,49,145.4,248.3,91.5,01Jan2024-31Dec2024,As Expected,1,44,37.9,59,20.6,01Jan2024-31Dec2024,As Expected,1,24,8.9,167,1,01Jan2021-31Dec2023,Worse than Expected,1,39,0,0.81,0,As Expected,1,74,10.5,30.9,3,01Jan2024-31Dec2024,As Expected,1,25,0.45,1.49,0.15,01Jan2023-31Dec2024,As Expected,1,33,0.4,1.4,0.04,01Jan2021-31Dec2023,Worse than Expected,1,35,0,0.97,0,01Jan2024-31Dec2024,Better than Expected,1,0,0.51,,As Expected,1,76,66,87.6,44.7,01Jul2025-30Sep2025,1,0,280,69,657,,280,8,63,,280,0,,,280,0,,,21,1,0,1,19,280,80,789,,280,83,742,,,,,,1,76,738,17,280,0,,
552743,17,DaVita Los Gatos Dialysis,01Jan2021-31Dec2024,3,1,14251 WINCHESTER BLVD SUITE 100,,LOS GATOS,CA,95032,Santa Clara,(408) 370-6756,Profit,Yes,DaVita,No,16,Yes,Yes,Yes,3/19/14,01Oct2024-30Sep2025,01Oct2024-30Sep2025,01Jan2021-31Dec2024,As Expected,1,180,19.8,30.1,12.9,01Jan2024-31Dec2024,As Expected,1,38,119.5,219.1,70.3,01Jan2024-31Dec2024,As Expected,1,33,31.7,51.5,15.9,01Jan2024-31Dec2024,Not Available,199,11,,,,01Jan2021-31Dec2023,Not Available,199,15,,,,As Expected,1,39,36.4,70.1,12.2,01Jan2024-31Dec2024,As Expected,1,12,0.82,2.49,0.28,01Jan2023-31Dec2024,As Expected,1,32,1.07,2.68,0.25,01Jan2021-31Dec2023,As Expected,1,33,0.33,1.84,0.01,01Jan2024-31Dec2024,As Expected,1,0.24,1.16,0.01,As Expected,1,58,67.3,86.8,46.7,01Jul2025-30Sep2025,1,7,280,53,476,,280,0,,,280,0,,,280,0,,,,199,,199,7,280,54,486,,280,58,461,,,,,,1,58,494,21,280,0,,
552744,18,DaVita Hawthorne Dialysis,01Jan2021-31Dec2024,2,1,14204 Prairie Avenue,,HAWTHORNE,CA,90250,Los Angeles,(310) 349-1174,Profit,Yes,DaVita,Yes,25,Yes,No,No,1/24/14,01Oct2024-30Sep2025,01Oct2024-30Sep2025,01Jan2021-31Dec2024,As Expected,1,420,19,30,12.4,01Jan2024-31Dec2024,As Expected,1,103,168.3,257.5,117.6,01Jan2024-31Dec2024,As Expected,1,112,31.2,43.1,21,01Jan2024-31Dec2024,As Expected,1,53,20.3,67.1,8.2,01Jan2021-31Dec2023,As Expected,1,51,0.44,1.29,0.09,As Expected,1,117,16.2,33.6,6.9,01Jan2024-31Dec2024,As Expected,1,60,0.91,1.82,0.54,01Jan2023-31Dec2024,As Expected,1,105,1.26,2.14,0.63,01Jan2021-31Dec2023,As Expected,1,72,0.46,1.18,0.13,01Jan2024-31Dec2024,Better than Expected,1,0.24,0.65,0.06,As Expected,1,145,56.7,74.3,35.2,01Jul2025-30Sep2025,1,0,280,125,1121,,280,0,,,280,0,,,280,0,,,6,1,0,1,47,280,138,1250,,280,148,1181,,,,,,1,145,1255,20,280,0,,
552745,18,FRESENIUS MEDICAL CARE EAST LAKES,01Jan2021-31Dec2024,4,1,2391 Boswell Road,,CHULA VISTA,CA,91914,San Diego,(619) 397-0939,Profit,Yes,Fresenius Medical Care,No,25,Yes,No,No,3/28/14,01Oct2024-30Sep2025,01Oct2024-30Sep2025,01Jan2021-31Dec2024,As Expected,1,671,16.5,24.2,11.7,01Jan2024-31Dec2024,As Expected,1,168,123.2,177.9,90.4,01Jan2024-31Dec2024,As Expected,1,155,29.7,39.5,21,01Jan2024-31Dec2024,As Expected,1,79,15.4,43.4,7,01Jan2021-31Dec2023,As Expected,1,48,0.63,1.83,0.13,As Expected,1,153,24.9,39.9,14.2,01Jan2024-31Dec2024,As Expected,1,94,0.71,1.24,0.47,01Jan2023-31Dec2024,As Expected,1,152,0.67,1.24,0.31,01Jan2021-31Dec2023,As Expected,1,84,0.6,1.4,0.19,01Jan2024-31Dec2024,Better than Expected,1,0.09,0.46,0.01,As Expected,1,218,59,74.8,39.8,01Jul2025-30Sep2025,201,,1,205,1918,100,257,0,,,259,0,,,259,0,,,16,1,0,1,63,1,210,1978,0,1,219,2036,8,21,27,27,18,1,218,2048,5,259,0,,
552746,17,SHC Mountain View,01Jan2021-31Dec2024,5,1,247 WEST EL CAMINO REAL SUITE 100,,MOUNTAIN VIEW,CA,94040,Santa Clara,(650) 417-6420,Non-profit,Yes,"US Renal Care, Inc.",No,25,Yes,No,No,4/10/14,01Oct2024-30Sep2025,01Oct2024-30Sep2025,01Jan2021-31Dec2024,As Expected,1,395,17.9,27.6,12,01Jan2024-31Dec2024,As Expected,1,94,119,197.2,77.7,01Jan2024-31Dec2024,As Expected,1,81,25.4,38.5,15.1,01Jan2024-31Dec2024,As Expected,1,53,20,56.4,9.1,01Jan2021-31Dec2023,As Expected,1,39,1.64,4.2,0.45,Better than Expected,1,106,33.2,51.8,18.6,01Jan2024-31Dec2024,As Expected,1,65,1.02,1.86,0.65,01Jan2023-31Dec2024,As Expected,1,112,0.57,1.26,0.19,01Jan2021-31Dec2023,As Expected,1,66,1.1,2.4,0.4,01Jan2024-31Dec2024,Better than Expected,1,0,0.29,,As Expected,1,148,67.2,85,45.6,01Jul2025-30Sep2025,1,0,1,118,1077,96,257,0,,,259,0,,,259,0,,,11,1,0,1,47,1,139,1269,0,1,150,1327,9,22,29,26,14,1,148,1311,17,259,0,,
552747,17,DaVita Calvine Home Training Center,01Jan2021-31Dec2024,5,1,8231 EAST STOCKTON BLVD. SUITE A,,SACRAMENTO,CA,95828,Sacramento,(916) 689-4254,Profit,Yes,DaVita,No,6,No,Yes,Yes,3/24/14,01Oct2024-30Sep2025,01Oct2024-30Sep2025,01Jan2021-31Dec2024,As Expected,1,495,24,38.6,15.3,01Jan2024-31Dec2024,As Expected,1,135,88.6,151.7,56.2,01Jan2024-31Dec2024,As Expected,1,67,23.7,40,12.4,01Jan2024-31Dec2024,As Expected,1,78,29.5,62.9,16.6,01Jan2021-31Dec2023,Better than Expected,1,96,1.74,2.72,1.05,Better than Expected,1,174,29.4,43.7,18.3,01Jan2024-31Dec2024,As Expected,1,84,0.84,1.53,0.54,01Jan2023-31Dec2024,As Expected,1,62,0.31,1.31,0.02,01Jan2021-31Dec2023,Not Available,201,0,,,,01Jan2024-31Dec2024,Not Available,201,,,,As Expected,1,42,61.1,85,36.3,01Jul2025-30Sep2025,1,0,280,0,,,280,147,1220,,280,0,,,280,0,,,30,1,0,1,50,280,188,1551,,280,194,1588,,,,,,1,42,321,23,280,0,,
552748,17,DCI-MEADOWVIEW DIALYSIS CLINIC,01Jan2021-31Dec2024,3,1,"1545 MEADOWVIEW RD., SUITE 130-180",,SACRAMENTO,CA,95832,Sacramento,(916) 392-1250,Non-profit,Yes,"Dialysis Clinic, Inc.",No,24,Yes,No,No,3/24/14,01Oct2024-30Sep2025,01Oct2024-30Sep2025,01Jan2021-31Dec2024,As Expected,1,146,20.3,36.6,10.9,01Jan2024-31Dec2024,As Expected,1,34,159.4,285.1,95.8,01Jan2024-31Dec2024,As Expected,1,38,20.2,36.3,9.2,01Jan2024-31Dec2024,As Expected,1,18,7.3,136.6,0.8,01Jan2021-31Dec2023,Not Available,199,8,,,,As Expected,1,35,14.5,56.6,2.2,01Jan2024-31Dec2024,As Expected,1,24,1.06,2.14,0.55,01Jan2023-31Dec2024,As Expected,1,48,0.65,1.59,0.17,01Jan2021-31Dec2023,As Expected,1,16,0,2.47,0,01Jan2024-31Dec2024,As Expected,1,0.27,1.33,0.01,As Expected,1,41,63.5,86.5,39.5,01Jul2025-30Sep2025,1,0,1,32,269,99,257,0,,,259,0,,,259,0,,,7,1,0,1,15,1,41,341,1,1,43,351,11,18,22,30,19,1,41,342,23,259,0,,
552749,17,DaVita San Leandro Marina Dialysis,01Jan2021-31Dec2024,5,1,2551 MERCED ST,,SAN LEANDRO,CA,94577,Alameda,(510) 352-1207,Profit,Yes,DaVita,No,24,Yes,No,No,4/14/14,01Oct2024-30Sep2025,01Oct2024-30Sep2025,01Jan2021-31Dec2024,As Expected,1,342,19,31.5,11.8,01Jan2024-31Dec2024,As Expected,1,80,124.7,207.2,81.2,01Jan2024-31Dec2024,As Expected,1,75,17.6,30.5,8.8,01Jan2024-31Dec2024,As Expected,1,45,18.5,61.1,7.5,01Jan2021-31Dec2023,As Expected,1,29,1.33,3.9,0.28,As Expected,1,79,26.9,48.7,12.5,01Jan2024-31Dec2024,As Expected,1,54,0.95,1.73,0.6,01Jan2023-31Dec2024,As Expected,1,110,1.11,1.87,0.56,01Jan2021-31Dec2023,As Expected,1,58,0.73,1.87,0.2,01Jan2024-31Dec2024,Better than Expected,1,0.16,0.8,0.01,As Expected,1,109,55.7,76.6,30.3,01Jul2025-30Sep2025,1,7,280,101,980,,280,0,,,280,0,,,280,0,,,13,1,0,1,39,280,103,1000,,280,109,998,,,,,,1,109,1046,12,280,0,,
552752,17,SHC North Modesto,01Jan2021-31Dec2024,3,1,"4207 BANGS AVENUE, SUITE 100",,MODESTO,CA,95356,Stanislaus,(209) 338-2500,Non-profit,Yes,"US Renal Care, Inc.",No,16,Yes,No,No,3/18/14,01Oct2024-30Sep2025,01Oct2024-30Sep2025,01Jan2021-31Dec2024,As Expected,1,225,20.4,32.2,12.8,01Jan2024-31Dec2024,As Expected,1,49,197.9,310.6,133.9,01Jan2024-31Dec2024,As Expected,1,75,36.6,50.6,24.3,01Jan2024-31Dec2024,As Expected,1,33,30,99.2,12.1,01Jan2021-31Dec2023,Not Available,199,26,,,,As Expected,1,47,28.9,57.6,10.8,01Jan2024-31Dec2024,As Expected,1,36,1.11,2.07,0.62,01Jan2023-31Dec2024,As Expected,1,94,0.83,1.47,0.4,01Jan2021-31Dec2023,As Expected,1,39,1.58,3.69,0.51,01Jan2024-31Dec2024,As Expected,1,0.21,1.01,0.01,As Expected,1,58,64.9,85.2,43.5,01Jul2025-30Sep2025,1,0,1,53,485,96,257,0,,,259,0,,,259,0,,,22,1,0,1,23,1,54,498,0,1,58,509,7,19,20,29,25,1,58,506,25,259,0,,
552753,18,DaVita Arvin Dialysis,01Jan2021-31Dec2024,4,1,902 Bear Mountain Blvd,,ARVIN,CA,93203,Kern,(661) 854-3699,Profit,Yes,DaVita,No,16,Yes,No,No,4/3/14,01Oct2024-30Sep2025,01Oct2024-30Sep2025,01Jan2021-31Dec2024,As Expected,1,186,26.9,43.1,16.6,01Jan2024-31Dec2024,As Expected,1,48,109,205.2,63,01Jan2024-31Dec2024,As Expected,1,38,32.1,52.7,15.5,01Jan2024-31Dec2024,As Expected,1,24,10.4,82.9,2.2,01Jan2021-31Dec2023,As Expected,1,29,0.69,2.5,0.08,As Expected,1,70,12.5,36.5,3.4,01Jan2024-31Dec2024,As Expected,1,26,0.73,1.66,0.34,01Jan2023-31Dec2024,As Expected,1,23,1.15,2.83,0.22,01Jan2021-31Dec2023,As Expected,1,38,0.26,1.44,0.01,01Jan2024-31Dec2024,As Expected,1,0.37,1.22,0.06,Better than Expected,1,82,74.9,92.6,57.4,01Jul2025-30Sep2025,1,0,280,79,743,,280,0,,,280,0,,,280,0,,,24,1,0,1,25,280,80,745,,280,82,710,,,,,,1,82,767,10,280,0,,
552754,17,SHC Vallejo,01Jan2021-31Dec2024,5,1,"4300 SONOMA BLVD, SUITE 25",,VALLEJO,CA,94589,Solano,(707) 561-7150,Non-profit,Yes,"US Renal Care, Inc.",No,33,Yes,No,No,3/10/14,01Oct2024-30Sep2025,01Oct2024-30Sep2025,01Jan2021-31Dec2024,As Expected,1,612,16.6,25.6,11.2,01Jan2024-31Dec2024,Better than Expected,1,153,78.1,127.5,51.6,01Jan2024-31Dec2024,As Expected,1,84,18.4,31.9,9,01Jan2024-31Dec2024,As Expected,1,33,9.5,75.3,2,01Jan2021-31Dec2023,As Expected,1,69,1.44,2.96,0.58,Better than Expected,1,140,31.9,48.6,18.8,01Jan2024-31Dec2024,Worse than Expected,1,37,2.05,3.34,1.3,01Jan2023-31Dec2024,As Expected,1,36,1.47,3.19,0.47,01Jan2021-31Dec2023,Worse than Expected,1,104,0.29,0.85,0.06,01Jan2024-31Dec2024,Better than Expected,1,0.31,0.75,0.1,As Expected,1,191,55.2,71.5,35.3,01Jul2025-30Sep2025,1,0,1,179,1694,97,257,0,,,259,0,,,259,0,,,10,1,0,1,31,1,183,1742,0,1,192,1804,7,24,28,25,16,1,191,1798,12,259,0,,
552755,18,FMC-NEWPORT SUPERIOR DIALYSIS,01Jan2021-31Dec2024,4,1,"510 Superior Avenue, Suite 150",,NEWPORT BEACH,CA,92663,Orange,(949) 574-4733,Profit,Yes,Fresenius Medical Care,No,18,Yes,No,No,3/19/14,01Oct2024-30Sep2025,01Oct2024-30Sep2025,01Jan2021-31Dec2024,As Expected,1,276,19.8,29.3,13.8,01Jan2024-31Dec2024,As Expected,1,77,113.9,193.7,71.1,01Jan2024-31Dec2024,As Expected,1,57,36.1,51.6,22.2,01Jan2024-31Dec2024,As Expected,1,33,35.1,116.1,14.2,01Jan2021-31Dec2023,Not Available,199,19,,,,As Expected,1,46,18.8,44.2,6.4,01Jan2024-31Dec2024,As Expected,1,44,0.95,2.01,0.54,01Jan2023-31Dec2024,As Expected,1,53,0.69,1.82,0.17,01Jan2021-31Dec2023,As Expected,1,44,0.3,1.68,0.01,01Jan2024-31Dec2024,As Expected,1,0.67,1.61,0.21,Better than Expected,1,95,76.9,92.9,61.1,01Jul2025-30Sep2025,201,,1,80,715,100,257,0,,,259,0,,,259,0,,,18,1,0,1,34,1,92,839,1,1,94,901,5,19,32,29,15,1,95,900,16,259,0,,
552756,17,SHC WB Mountain View,01Jan2021-31Dec2024,,260,247 WEST EL CAMINO REAL SUITE 200,,MOUNTAIN VIEW,CA,94040,Santa Clara,(650) 417-6460,Profit,Yes,"US Renal Care, Inc.",No,4,No,Yes,Yes,6/19/14,01Oct2024-30Sep2025,01Oct2024-30Sep2025,01Jan2021-31Dec2024,As Expected,1,207,13.8,25.6,7.1,01Jan2024-31Dec2024,As Expected,1,52,127.8,231.1,76.5,01Jan2024-31Dec2024,As Expected,1,32,17.3,42.5,4.1,01Jan2024-31Dec2024,As Expected,1,40,9.2,73.3,1.9,01Jan2021-31Dec2023,Not Available,199,16,,,,Better than Expected,1,51,73.4,88.9,48.8,01Jan2024-31Dec2024,As Expected,1,41,0.8,1.99,0.4,01Jan2023-31Dec2024,As Expected,1,35,1.15,3.03,0.24,01Jan2021-31Dec2023,Not Available,201,0,,,,01Jan2024-31Dec2024,Not Available,201,,,,Not Available,199,6,,,,01Jul2025-30Sep2025,199,,199,3,32,,1,65,498,89,259,0,,,259,0,,,32,1,0,1,25,1,71,545,2,1,73,583,5,19,27,33,15,199,6,49,,259,0,,
552757,18,DaVita Rancho Cucamonga Home Training,01Jan2021-31Dec2024,,260,"8219 Rochester Avenue, Ste. 120",,RANCHO CUCAMONGA,CA,91730,San Bernardino,(909) 466-5489,Profit,Yes,DaVita,No,10,No,Yes,Yes,1/23/14,01Oct2024-30Sep2025,01Oct2024-30Sep2025,01Jan2021-31Dec2024,As Expected,1,501,27.1,43.3,17.5,01Jan2024-31Dec2024,As Expected,1,129,127.6,204.5,85.7,01Jan2024-31Dec2024,As Expected,1,74,29.3,46.3,16.4,01Jan2024-31Dec2024,As Expected,1,57,37.3,84.2,20.2,01Jan2021-31Dec2023,As Expected,1,56,1.99,3.66,0.95,Better than Expected,1,141,30.3,46.1,18,01Jan2024-31Dec2024,As Expected,1,63,0.82,1.72,0.47,01Jan2023-31Dec2024,As Expected,1,66,0.36,1.16,0.04,01Jan2021-31Dec2023,Not Available,201,0,,,,01Jan2024-31Dec2024,Not Available,201,,,,Not Available,199,7,,,,01Jul2025-30Sep2025,1,4,280,1,4,,280,158,1490,,280,0,,,280,0,,,15,1,0,1,34,280,166,1563,,280,172,1561,,,,,,199,7,64,,280,0,,
552759,18,DaVita Bastanchury Dialysis,01Jan2021-31Dec2024,4,1,1950 Sunnycrest Dr Ste 1300,,FULLERTON,CA,92835,Orange,(714) 578-0015,Profit,Yes,DaVita,No,25,Yes,Yes,No,9/24/14,01Oct2024-30Sep2025,01Oct2024-30Sep2025,01Jan2021-31Dec2024,As Expected,1,534,22,32.8,15.3,01Jan2024-31Dec2024,As Expected,1,136,176.5,257.9,128.1,01Jan2024-31Dec2024,Worse than Expected,1,115,39.2,54.5,27.2,01Jan2024-31Dec2024,As Expected,1,53,49.8,101.4,29.1,01Jan2021-31Dec2023,As Expected,1,59,0.56,1.63,0.12,As Expected,1,107,24,41.9,12.2,01Jan2024-31Dec2024,As Expected,1,63,1.08,1.95,0.7,01Jan2023-31Dec2024,As Expected,1,80,0.92,1.76,0.38,01Jan2021-31Dec2023,As Expected,1,64,0.85,1.99,0.28,01Jan2024-31Dec2024,Better than Expected,1,0,0.53,,Better than Expected,1,110,87.8,100,69.2,01Jul2025-30Sep2025,1,3,280,81,704,,280,62,538,,280,0,,,280,0,,,12,1,0,1,43,280,156,1438,,280,169,1436,,,,,,1,110,943,4,280,0,,
552760,17,DaVita Archway Dialysis of Modesto,01Jan2021-31Dec2024,4,1,3001 HEALTH CARE WAY,STE 102,MODESTO,CA,95356,Stanislaus,(209) 543-1720,Profit,Yes,DaVita,No,32,Yes,No,No,7/2/14,01Oct2024-30Sep2025,01Oct2024-30Sep2025,01Jan2021-31Dec2024,As Expected,1,388,20.7,33.1,13.4,01Jan2024-31Dec2024,As Expected,1,98,145.9,228.6,99.9,01Jan2024-31Dec2024,As Expected,1,95,25.1,36.8,15.8,01Jan2024-31Dec2024,As Expected,1,23,13.5,107,2.8,01Jan2021-31Dec2023,As Expected,1,31,0.97,2.84,0.2,As Expected,1,96,24.4,43.9,11.7,01Jan2024-31Dec2024,As Expected,1,25,1.56,2.88,0.87,01Jan2023-31Dec2024,As Expected,1,43,1.23,2.48,0.44,01Jan2021-31Dec2023,As Expected,1,58,0.94,2.2,0.31,01Jan2024-31Dec2024,As Expected,1,0.53,1.28,0.17,As Expected,1,117,63.9,83.9,39.5,01Jul2025-30Sep2025,1,5,280,103,996,,280,0,,,280,0,,,280,0,,,7,1,7,1,15,280,110,1043,,280,117,997,,,,,,1,117,1084,12,280,0,,
552761,17,SHC San Francisco,01Jan2021-31Dec2024,5,1,"1700 California Street, Suite 260",,SAN FRANCISCO,CA,94109,San Francisco,(415) 653-5800,Non-profit,Yes,"US Renal Care, Inc.",No,23,Yes,No,No,9/22/14,01Oct2024-30Sep2025,01Oct2024-30Sep2025,01Jan2021-31Dec2024,As Expected,1,379,19.4,30.2,12.9,01Jan2024-31Dec2024,As Expected,1,75,159.4,247.7,107.8,01Jan2024-31Dec2024,As Expected,1,77,31.3,42.9,21.1,01Jan2024-31Dec2024,As Expected,1,29,14.3,77.9,4,01Jan2021-31Dec2023,As Expected,1,44,1.71,3.98,0.55,As Expected,1,73,30.7,54,14.3,01Jan2024-31Dec2024,As Expected,1,33,0.79,1.8,0.37,01Jan2023-31Dec2024,As Expected,1,64,1.01,2.12,0.36,01Jan2021-31Dec2023,Worse than Expected,1,69,0.16,0.92,0,01Jan2024-31Dec2024,Better than Expected,1,0.16,0.77,0.01,As Expected,1,104,72.5,91.7,49.3,01Jul2025-30Sep2025,1,0,1,96,867,94,257,0,,,259,0,,,259,0,,,28,1,0,1,18,1,98,881,0,1,105,930,10,24,27,24,15,1,104,926,11,259,0,,
552762,18,USRC Chula Vista Dialysis,01Jan2021-31Dec2024,3,1,2084 Otay Lakes Rd Ste 101,,CHULA VISTA,CA,91915,San Diego,(619) 397-0262,Profit,Yes,"US Renal Care, Inc.",No,15,Yes,No,No,7/23/14,01Oct2024-30Sep2025,01Oct2024-30Sep2025,01Jan2021-31Dec2024,As Expected,1,294,16.3,24.9,11,01Jan2024-31Dec2024,As Expected,1,64,112.5,187.6,71.6,01Jan2024-31Dec2024,As Expected,1,59,22.5,36.2,12.1,01Jan2024-31Dec2024,As Expected,1,33,17.5,76,5.8,01Jan2021-31Dec2023,Not Available,199,23,,,,As Expected,1,54,9.9,43.3,1.6,01Jan2024-31Dec2024,As Expected,1,39,0.78,1.66,0.45,01Jan2023-31Dec2024,As Expected,1,89,1.17,1.97,0.59,01Jan2021-31Dec2023,As Expected,1,39,0.7,2.53,0.08,01Jan2024-31Dec2024,Better than Expected,1,0.18,0.88,0.01,As Expected,1,81,53.2,76.7,30,01Jul2025-30Sep2025,1,0,1,70,614,96,257,0,,,259,0,,,259,0,,,19,1,0,1,31,1,75,650,1,1,79,666,13,30,24,21,12,1,81,665,19,259,0,,
552763,17,DaVita Fairfield Downtown Dialysis,01Jan2021-31Dec2024,3,1,1800 NORTH TEXAS STREET,,FAIRFIELD,CA,94533,Solano,(707) 399-9984,Profit,Yes,DaVita,No,24,Yes,No,No,10/15/14,01Oct2024-30Sep2025,01Oct2024-30Sep2025,01Jan2021-31Dec2024,As Expected,1,440,21.1,32.7,14.1,01Jan2024-31Dec2024,As Expected,1,106,166.8,250.1,118.5,01Jan2024-31Dec2024,As Expected,1,114,31,43.2,20.6,01Jan2024-31Dec2024,As Expected,1,61,23.5,62.3,11.2,01Jan2021-31Dec2023,As Expected,1,44,0.21,1.15,0.01,As Expected,1,97,23.6,43.6,11,01Jan2024-31Dec2024,As Expected,1,71,1.22,2,0.85,01Jan2023-31Dec2024,As Expected,1,137,1.05,1.63,0.6,01Jan2021-31Dec2023,As Expected,1,72,0.44,1.28,0.09,01Jan2024-31Dec2024,As Expected,1,1.04,1.98,0.48,As Expected,1,125,70.3,88.8,47.8,01Jul2025-30Sep2025,1,4,280,123,1113,,280,0,,,280,0,,,280,0,,,10,1,0,1,52,280,125,1135,,280,126,1058,,,,,,1,125,1141,11,280,0,,
552764,18,DaVita Channel Islands Dialysis,01Jan2021-31Dec2024,3,1,"3541 W 5th Street, Ste.A",,OXNARD,CA,93030,Ventura,(805) 984-5140,Profit,Yes,DaVita,No,16,Yes,Yes,Yes,8/18/14,01Oct2024-30Sep2025,01Oct2024-30Sep2025,01Jan2021-31Dec2024,As Expected,1,236,13.8,25.4,7.6,01Jan2024-31Dec2024,As Expected,1,38,127.8,229.5,77,01Jan2024-31Dec2024,As Expected,1,40,31.9,53.3,14.6,01Jan2024-31Dec2024,Not Available,199,12,,,,01Jan2021-31Dec2023,As Expected,1,31,0,1.07,0,As Expected,1,50,23.9,51.2,8.6,01Jan2024-31Dec2024,As Expected,1,15,1.35,2.85,0.67,01Jan2023-31Dec2024,As Expected,1,27,1.1,2.65,0.25,01Jan2021-31Dec2023,As Expected,1,33,0.29,1.59,0.01,01Jan2024-31Dec2024,As Expected,1,0.32,1.55,0.02,As Expected,1,54,63.7,86.3,39.7,01Jul2025-30Sep2025,1,0,280,48,469,,280,15,132,,280,0,,,280,0,,,0,1,0,1,15,280,66,620,,280,67,601,,,,,,1,54,501,11,280,0,,
552765,17,DaVita ARCHWAY MODESTO HOME TRAINING,01Jan2021-31Dec2024,,260,3001 HEALTH CARE WAY BLDG 200,,MODESTO,CA,95356,Stanislaus,(209) 543-1721,Profit,Yes,DaVita,No,4,No,Yes,Yes,7/2/14,01Oct2024-30Sep2025,01Oct2024-30Sep2025,01Jan2021-31Dec2024,As Expected,1,171,22,40.3,11.6,01Jan2024-31Dec2024,As Expected,1,44,211,360,132.2,01Jan2024-31Dec2024,As Expected,1,40,21.6,39.6,9,01Jan2024-31Dec2024,Not Available,199,12,,,,01Jan2021-31Dec2023,Not Available,199,12,,,,Better than Expected,1,69,42.4,65.2,22.4,01Jan2024-31Dec2024,As Expected,1,13,0.78,2.79,0.22,01Jan2023-31Dec2024,As Expected,1,18,1.35,3.54,0.23,01Jan2021-31Dec2023,Not Available,201,0,,,,01Jan2024-31Dec2024,Not Available,201,,,,Not Available,199,8,,,,01Jul2025-30Sep2025,1,0,280,2,13,,280,52,450,,280,0,,,280,0,,,,199,,199,4,280,60,525,,280,64,522,,,,,,199,8,58,,280,0,,
552766,18,DaVita Anaheim Springs Dialysis,01Jan2021-31Dec2024,4,1,1324 S EUCLID STREET,,ANAHEIM,CA,92802,Orange,(714) 774-1518,Profit,Yes,DaVita,No,26,Yes,No,No,9/15/14,01Oct2024-30Sep2025,01Oct2024-30Sep2025,01Jan2021-31Dec2024,As Expected,1,368,18.6,29.9,12,01Jan2024-31Dec2024,As Expected,1,87,113.2,190.6,72.9,01Jan2024-31Dec2024,As Expected,1,79,24.2,37.5,13.5,01Jan2024-31Dec2024,As Expected,1,34,26,86.2,10.5,01Jan2021-31Dec2023,As Expected,1,61,0.54,1.59,0.11,As Expected,1,103,14.6,31.2,6,01Jan2024-31Dec2024,As Expected,1,39,0.75,1.65,0.36,01Jan2023-31Dec2024,As Expected,1,51,0.77,1.77,0.24,01Jan2021-31Dec2023,As Expected,1,84,0.48,1.24,0.13,01Jan2024-31Dec2024,Better than Expected,1,0.33,0.89,0.08,As Expected,1,134,71.9,88.1,52.3,01Jul2025-30Sep2025,1,0,280,111,1045,,280,0,,,280,0,,,280,0,,,19,1,0,1,31,280,132,1246,,280,137,1192,,,,,,1,134,1280,14,280,0,,
552767,17,SHC San Jose LLC,01Jan2021-31Dec2024,3,1,888 SOUTH BASCOM AVE,,SAN JOSE,CA,95128,Santa Clara,(408) 855-6900,Non-profit,Yes,"US Renal Care, Inc.",No,25,Yes,No,No,12/2/14,01Oct2024-30Sep2025,01Oct2024-30Sep2025,01Jan2021-31Dec2024,As Expected,1,353,19.5,31.1,12.6,01Jan2024-31Dec2024,As Expected,1,79,173.1,254.4,123.1,01Jan2024-31Dec2024,As Expected,1,109,31.5,40.3,23.5,01Jan2024-31Dec2024,As Expected,1,41,24.4,73.8,10.5,01Jan2021-31Dec2023,Better than Expected,1,78,1.94,3.11,1.13,As Expected,1,110,25.1,43.3,12.8,01Jan2024-31Dec2024,As Expected,1,52,1.09,1.98,0.69,01Jan2023-31Dec2024,As Expected,1,107,0.97,1.66,0.48,01Jan2021-31Dec2023,Worse than Expected,1,110,0.18,0.66,0.02,01Jan2024-31Dec2024,Better than Expected,1,0.17,0.56,0.03,As Expected,1,143,73,88.1,54.6,01Jul2025-30Sep2025,1,0,1,114,1008,89,257,0,,,259,0,,,259,0,,,23,1,0,1,39,1,134,1227,0,1,145,1292,8,22,22,26,21,1,143,1266,17,259,0,,
552768,17,USRC PATTERSON DIALYSIS,01Jan2021-31Dec2024,4,1,"1700 KEYSTONE PACIFIC PARKWAY, SUITE A-1",,PATTERSON,CA,95363,Stanislaus,(209) 690-3768,Profit,Yes,"US Renal Care, Inc.",No,16,Yes,No,No,10/28/14,01Oct2024-30Sep2025,01Oct2024-30Sep2025,01Jan2021-31Dec2024,As Expected,1,202,27.1,42.1,17.4,01Jan2024-31Dec2024,As Expected,1,52,132,227.9,82.2,01Jan2024-31Dec2024,As Expected,1,45,14.8,35.3,4.2,01Jan2024-31Dec2024,As Expected,1,21,0,42.7,0,01Jan2021-31Dec2023,As Expected,1,26,0.48,2.66,0.01,As Expected,1,61,23.5,46.8,9.7,01Jan2024-31Dec2024,As Expected,1,22,0.82,2.41,0.3,01Jan2023-31Dec2024,As Expected,1,22,2.59,5.06,0.83,01Jan2021-31Dec2023,As Expected,1,39,0.76,2.23,0.16,01Jan2024-31Dec2024,Better than Expected,1,0.19,0.95,0.01,As Expected,1,78,67.2,86.5,48.1,01Jul2025-30Sep2025,1,0,1,68,681,97,257,0,,,259,0,,,259,0,,,20,1,0,1,15,1,75,729,0,1,81,771,10,27,28,28,7,1,78,754,13,259,0,,
552769,18,DaVita Bakersfield Oak St Dialysis,01Jan2021-31Dec2024,2,1,422 Oak Street,,BAKERSFIELD,CA,93304,Kern,(661) 631-0227,Profit,Yes,DaVita,No,24,Yes,Yes,No,10/21/14,01Oct2024-30Sep2025,01Oct2024-30Sep2025,01Jan2021-31Dec2024,As Expected,1,360,24.7,36.1,17.5,01Jan2024-31Dec2024,As Expected,1,91,178.9,271.8,123.5,01Jan2024-31Dec2024,As Expected,1,75,24.1,36,14.5,01Jan2024-31Dec2024,As Expected,1,34,44.2,117.4,21.1,01Jan2021-31Dec2023,As Expected,1,41,0.99,2.53,0.27,As Expected,1,135,16.8,32.6,7.8,01Jan2024-31Dec2024,As Expected,1,40,1.14,2.1,0.65,01Jan2023-31Dec2024,As Expected,1,62,0.9,1.7,0.39,01Jan2021-31Dec2023,As Expected,1,56,1.32,2.71,0.53,01Jan2024-31Dec2024,As Expected,1,0.75,1.43,0.35,As Expected,1,157,55.2,73.8,32.7,01Jul2025-30Sep2025,1,3,280,137,1028,,280,0,,,280,0,,,280,0,,,14,1,0,1,42,280,147,1145,,280,159,1138,,,,,,1,157,1191,24,280,0,,
552770,18,Desert Cities Dialysis-Amethyst,01Jan2021-31Dec2024,2,1,11883 Amethyst Road,,VICTORVILLE,CA,92392,San Bernardino,(760) 998-2060,Profit,No,Independent,No,26,Yes,Yes,Yes,9/5/14,01Oct2024-30Sep2025,01Oct2024-30Sep2025,01Jan2021-31Dec2024,As Expected,1,429,28,42.5,19.1,01Jan2024-31Dec2024,As Expected,1,88,137.8,213.6,93.4,01Jan2024-31Dec2024,As Expected,1,89,32.3,44.6,21.7,01Jan2024-31Dec2024,As Expected,1,46,21.1,69.9,8.5,01Jan2021-31Dec2023,As Expected,1,49,0.85,2.48,0.17,As Expected,1,97,19,38.5,8.1,01Jan2024-31Dec2024,As Expected,1,49,0.72,1.53,0.41,01Jan2023-31Dec2024,As Expected,1,103,0.94,1.74,0.4,01Jan2021-31Dec2023,As Expected,1,70,0.51,1.5,0.11,01Jan2024-31Dec2024,As Expected,1,0.55,1.23,0.2,As Expected,1,110,57.9,78.1,33.5,01Jul2025-30Sep2025,201,,1,100,838,93,199,3,20,,259,0,,,259,0,,,24,1,0,1,33,1,108,920,0,1,113,978,10,26,28,19,18,1,110,944,26,259,0,,
552771,17,DaVita Roseville Dialysis,01Jan2021-31Dec2024,4,1,"1836 SIERRA GARDENS DR., SUITE 150",,ROSEVILLE,CA,95661,Placer,(916) 772-0306,Profit,Yes,DaVita,No,24,Yes,No,No,12/5/14,01Oct2024-30Sep2025,01Oct2024-30Sep2025,01Jan2021-31Dec2024,As Expected,1,395,21.2,33.3,14,01Jan2024-31Dec2024,As Expected,1,113,115.6,191.5,75.5,01Jan2024-31Dec2024,As Expected,1,82,31.8,45.7,19.5,01Jan2024-31Dec2024,As Expected,1,39,10.3,81.8,2.1,01Jan2021-31Dec2023,Not Available,199,38,,,,As Expected,1,89,23.9,45.2,10.7,01Jan2024-31Dec2024,As Expected,1,49,0.79,1.56,0.42,01Jan2023-31Dec2024,As Expected,1,55,1.09,2.23,0.39,01Jan2021-31Dec2023,As Expected,1,78,0.18,1.02,0,01Jan2024-31Dec2024,As Expected,1,0.77,1.61,0.31,As Expected,1,136,64.5,84,40.8,01Jul2025-30Sep2025,1,0,280,124,1112,,280,0,,,280,0,,,280,0,,,14,1,3,1,29,280,129,1188,,280,136,1137,,,,,,1,136,1235,14,280,0,,
552772,17,DaVita Walnut Creek West Dialysis,01Jan2021-31Dec2024,4,1,1221 ROSSMOOR PKWY,,WALNUT CREEK,CA,94595,Contra Costa,(925) 295-9830,Profit,Yes,DaVita,No,21,Yes,No,No,11/7/14,01Oct2024-30Sep2025,01Oct2024-30Sep2025,01Jan2021-31Dec2024,As Expected,1,230,16.5,24,11.4,01Jan2024-31Dec2024,As Expected,1,62,143,226.8,95.9,01Jan2024-31Dec2024,As Expected,1,63,33.7,49.7,19.8,01Jan2024-31Dec2024,As Expected,1,23,6.8,127,0.7,01Jan2021-31Dec2023,Not Available,199,12,,,,As Expected,1,22,43.9,80.1,13.2,01Jan2024-31Dec2024,As Expected,1,32,0.66,1.6,0.29,01Jan2023-31Dec2024,As Expected,1,54,0.62,1.42,0.2,01Jan2021-31Dec2023,As Expected,1,35,0.8,2.9,0.1,01Jan2024-31Dec2024,As Expected,1,0.37,1.23,0.06,As Expected,1,63,64.5,84.7,43.2,01Jul2025-30Sep2025,1,5,280,55,472,,280,0,,,280,0,,,280,0,,,10,1,0,1,20,280,62,565,,280,63,527,,,,,,1,63,572,13,280,0,,
552773,18,DaVita Bluff Rd Dialysis,01Jan2021-31Dec2024,3,1,100 W. WASHINGTON BLVD.,,MONTEBELLO,CA,90640,Los Angeles,(323) 728-2984,Profit,Yes,DaVita,No,24,Yes,Yes,No,12/8/14,01Oct2024-30Sep2025,01Oct2024-30Sep2025,01Jan2021-31Dec2024,As Expected,1,476,22.1,33.4,15.1,01Jan2024-31Dec2024,As Expected,1,124,123,189.5,85.3,01Jan2024-31Dec2024,As Expected,1,99,25.8,38.1,16.1,01Jan2024-31Dec2024,As Expected,1,48,23.2,70.1,10,01Jan2021-31Dec2023,As Expected,1,52,0.21,1.17,0.01,As Expected,1,127,16.9,31.8,8.1,01Jan2024-31Dec2024,As Expected,1,55,0.84,1.72,0.49,01Jan2023-31Dec2024,As Expected,1,75,0.87,1.78,0.31,01Jan2021-31Dec2023,As Expected,1,68,1.07,2.2,0.43,01Jan2024-31Dec2024,Better than Expected,1,0.41,0.98,0.13,As Expected,1,141,64.6,81.2,44.5,01Jul2025-30Sep2025,1,2,280,126,1183,,280,23,223,,280,0,,,280,0,,,17,1,0,1,46,280,159,1527,,280,165,1468,,,,,,1,141,1307,13,280,0,,
552774,18,DaVita Pomona Valley Dialysis,01Jan2021-31Dec2024,3,1,2703 S TOWNE AVENUE,,POMONA,CA,91766,Los Angeles,(909) 590-4930,Profit,Yes,DaVita,No,32,Yes,No,No,11/17/14,01Oct2024-30Sep2025,01Oct2024-30Sep2025,01Jan2021-31Dec2024,As Expected,1,527,21.2,31.8,14.6,01Jan2024-31Dec2024,As Expected,1,129,136.4,207.1,95.8,01Jan2024-31Dec2024,As Expected,1,118,26.8,37.5,17.4,01Jan2024-31Dec2024,As Expected,1,42,42.9,114.1,20.5,01Jan2021-31Dec2023,As Expected,1,65,0.87,1.89,0.32,As Expected,1,138,17.3,32.9,8.2,01Jan2024-31Dec2024,As Expected,1,47,1.06,2.04,0.58,01Jan2023-31Dec2024,As Expected,1,63,1.79,3.06,0.86,01Jan2021-31Dec2023,As Expected,1,96,0.97,1.84,0.44,01Jan2024-31Dec2024,Better than Expected,1,0.4,0.88,0.15,As Expected,1,182,65.6,80.4,47.6,01Jul2025-30Sep2025,1,0,280,157,1455,,280,0,,,280,0,,,280,0,,,18,1,0,1,34,280,174,1623,,280,183,1553,,,,,,1,182,1685,17,280,0,,
552775,18,FRESENIUS MEDICAL CARE SANTA ANA DIALYSIS,01Jan2021-31Dec2024,4,1,"2740 S. Bristol Street, Suite 110",,SANTA ANA,CA,92704,Orange,(714) 754-1670,Profit,Yes,Fresenius Medical Care,No,24,Yes,Yes,Yes,3/5/15,01Oct2024-30Sep2025,01Oct2024-30Sep2025,01Jan2021-31Dec2024,As Expected,1,324,16.3,25.9,10.7,01Jan2024-31Dec2024,As Expected,1,70,110.7,192.7,67.8,01Jan2024-31Dec2024,As Expected,1,44,39.9,59.8,22.1,01Jan2024-31Dec2024,As Expected,1,23,0,38,0,01Jan2021-31Dec2023,As Expected,1,45,0.42,1.51,0.05,As Expected,1,117,17.3,34.6,7.7,01Jan2024-31Dec2024,As Expected,1,26,0.66,1.67,0.28,01Jan2023-31Dec2024,As Expected,1,28,1.58,3.25,0.51,01Jan2021-31Dec2023,As Expected,1,63,0.58,1.49,0.16,01Jan2024-31Dec2024,Better than Expected,1,0.12,0.6,0.01,As Expected,1,142,70.8,87.1,50.9,01Jul2025-30Sep2025,201,,1,119,1087,99,199,8,59,,259,0,,,259,0,,,20,1,0,1,15,1,140,1337,1,1,152,1392,10,20,25,26,20,1,142,1318,14,259,0,,
552776,18,DaVita San Bernardino Home Training,01Jan2021-31Dec2024,,260,966 E. Hospitality Lane,,SAN BERNARDINO,CA,92408,San Bernardino,(909) 796-8421,Profit,Yes,DaVita,No,0,No,Yes,Yes,11/10/14,01Oct2024-30Sep2025,01Oct2024-30Sep2025,01Jan2021-31Dec2024,As Expected,1,535,19,33,11.2,01Jan2024-31Dec2024,As Expected,1,128,150.1,230.1,104.7,01Jan2024-31Dec2024,As Expected,1,88,26.8,42.8,14.8,01Jan2024-31Dec2024,As Expected,1,52,28.8,81.2,13.1,01Jan2021-31Dec2023,As Expected,1,93,1,1.84,0.48,Better than Expected,1,176,31.1,44.4,20.4,01Jan2024-31Dec2024,As Expected,1,55,0.91,1.88,0.53,01Jan2023-31Dec2024,As Expected,1,63,1.05,2.17,0.39,01Jan2021-31Dec2023,Not Available,201,0,,,,01Jan2024-31Dec2024,Not Available,201,,,,Not Available,201,0,,,,01Jul2025-30Sep2025,1,3,280,0,,,280,187,1657,,280,0,,,280,0,,,34,1,0,1,35,280,187,1657,,280,193,1703,,,,,,201,0,,,280,0,,
552777,18,"Laurel Canyon Dialysis, LLC",01Jan2021-31Dec2024,2,1,8987 Laurel Canyon Blvd.,,SUN VALLEY,CA,91352,Los Angeles,(818) 771-9950,Profit,No,Independent,No,30,Yes,Yes,Yes,4/8/15,01Oct2024-30Sep2025,01Oct2024-30Sep2025,01Jan2021-31Dec2024,As Expected,1,650,17.5,26.8,11.9,01Jan2024-31Dec2024,As Expected,1,157,118,172.2,85.8,01Jan2024-31Dec2024,As Expected,1,143,23.4,32.7,15.5,01Jan2024-31Dec2024,As Expected,1,84,15.6,41.4,7.4,01Jan2021-31Dec2023,As Expected,1,122,0.64,1.31,0.26,As Expected,1,220,17.9,29.3,10.4,01Jan2024-31Dec2024,As Expected,1,90,1.16,1.89,0.81,01Jan2023-31Dec2024,As Expected,1,155,1.01,1.63,0.54,01Jan2021-31Dec2023,Worse than Expected,1,141,0.12,0.45,0.02,01Jan2024-31Dec2024,Better than Expected,1,0.32,0.67,0.13,As Expected,1,245,63.4,76.2,47.9,01Jul2025-30Sep2025,1,23,1,228,2213,98,1,22,186,85,259,0,,,259,0,,,10,1,0,1,78,1,255,2460,1,1,267,2551,8,24,42,15,12,1,245,2371,24,259,0,,
552778,18,Sylmar Dialysis Center,01Jan2021-31Dec2024,4,1,12151 San Fernando Rd.,,Sylmar,CA,91342,Los Angeles,(818) 465-9464,Profit,Yes,Other,Yes,32,Yes,No,No,4/6/15,01Oct2024-30Sep2025,01Oct2024-30Sep2025,01Jan2021-31Dec2024,As Expected,1,491,15.3,24.6,9.8,01Jan2024-31Dec2024,As Expected,1,135,130.2,191.8,93.9,01Jan2024-31Dec2024,As Expected,1,142,31,41.7,21.8,01Jan2024-31Dec2024,As Expected,1,67,20.5,57.8,9.3,01Jan2021-31Dec2023,As Expected,1,53,0.69,2.02,0.14,As Expected,1,143,15.6,30.2,7.3,01Jan2024-31Dec2024,As Expected,1,78,1.13,1.86,0.78,01Jan2023-31Dec2024,As Expected,1,201,1.46,2.04,0.99,01Jan2021-31Dec2023,Worse than Expected,1,80,0.13,0.75,0,01Jan2024-31Dec2024,Better than Expected,1,0.34,0.93,0.09,As Expected,1,201,72,84.9,56.4,01Jul2025-30Sep2025,1,22,1,185,1818,97,257,0,,,259,0,,,259,0,,,9,1,0,1,64,1,190,1870,0,1,203,1937,8,30,34,22,6,1,201,1915,13,259,0,,
552779,17,DaVita El Sobrante Dialysis,01Jan2021-31Dec2024,4,1,3380 SAN PABLO DAM RD STE. C-D,,SAN PABLO,CA,94803,Contra Costa,(510) 262-9230,Profit,Yes,DaVita,No,20,Yes,No,No,8/27/15,01Oct2024-30Sep2025,01Oct2024-30Sep2025,01Jan2021-31Dec2024,As Expected,1,399,18.7,30.4,11.9,01Jan2024-31Dec2024,As Expected,1,87,95.2,167.8,59.1,01Jan2024-31Dec2024,As Expected,1,61,27.5,43.5,14.2,01Jan2024-31Dec2024,Not Available,199,17,,,,01Jan2021-31Dec2023,As Expected,1,27,1.29,3.31,0.35,Better than Expected,1,92,37.3,57.7,20.6,01Jan2024-31Dec2024,As Expected,1,18,0.96,2.1,0.44,01Jan2023-31Dec2024,Worse than Expected,1,46,1.92,2.9,1.06,01Jan2021-31Dec2023,As Expected,1,54,0.85,1.99,0.28,01Jan2024-31Dec2024,Better than Expected,1,0.13,0.63,0.01,As Expected,1,121,57,76.9,32.7,01Jul2025-30Sep2025,1,1,280,111,1007,,280,0,,,280,0,,,280,0,,,0,1,0,1,11,280,114,1024,,280,120,1037,,,,,,1,121,1071,21,280,0,,
552780,18,DaVita Menifee Home Dialysis,01Jan2021-31Dec2024,,260,"29878 Haun Road, Suite 100",,MENIFEE,CA,92586,Riverside,(951) 679-2396,Profit,Yes,DaVita,No,15,No,Yes,Yes,9/2/15,01Oct2024-30Sep2025,01Oct2024-30Sep2025,01Jan2021-31Dec2024,As Expected,1,833,24.2,35.5,17.1,01Jan2024-31Dec2024,As Expected,1,193,120.6,177.7,87,01Jan2024-31Dec2024,As Expected,1,113,27.4,39.8,17.4,01Jan2024-31Dec2024,As Expected,1,81,21.5,57.2,10.3,01Jan2021-31Dec2023,Better than Expected,1,88,3.16,4.7,2.02,Better than Expected,1,253,44,55.3,33.2,01Jan2024-31Dec2024,As Expected,1,88,0.71,1.33,0.45,01Jan2023-31Dec2024,As Expected,1,98,0.86,1.63,0.37,01Jan2021-31Dec2023,Not Available,201,0,,,,01Jan2024-31Dec2024,Not Available,201,,,,Not Available,199,8,,,,01Jul2025-30Sep2025,1,3,280,0,,,280,259,2234,,280,0,,,280,0,,,28,1,0,1,50,280,267,2299,,280,278,2284,,,,,,199,8,68,,280,0,,
552781,18,DaVita Garden Grove Harbor Dialysis,01Jan2021-31Dec2024,3,1,13054 North Harbor Blvd.,,GARDEN GROVE,CA,92843,Orange,(714) 539-3395,Profit,Yes,DaVita,No,25,Yes,Yes,Yes,9/10/15,01Oct2024-30Sep2025,01Oct2024-30Sep2025,01Jan2021-31Dec2024,As Expected,1,460,21.8,33.7,14.6,01Jan2024-31Dec2024,As Expected,1,119,172.2,255.9,123.3,01Jan2024-31Dec2024,As Expected,1,121,28.4,40.9,18.7,01Jan2024-31Dec2024,As Expected,1,51,39.2,88.4,21.2,01Jan2021-31Dec2023,As Expected,1,61,0.98,2.12,0.36,As Expected,1,142,21.8,37,11.6,01Jan2024-31Dec2024,As Expected,1,63,1.14,2.1,0.72,01Jan2023-31Dec2024,As Expected,1,105,0.68,1.44,0.25,01Jan2021-31Dec2023,As Expected,1,70,1.19,2.34,0.51,01Jan2024-31Dec2024,Better than Expected,1,0.32,0.87,0.08,As Expected,1,150,72.3,88.1,53.1,01Jul2025-30Sep2025,1,1,280,120,1095,,280,20,159,,280,0,,,280,0,,,18,1,0,1,50,280,165,1510,,280,175,1456,,,,,,1,150,1347,14,280,0,,
552782,17,DaVita Fresno North HT at Home,01Jan2021-31Dec2024,4,1,6655 N. MILBURN,,FRESNO,CA,93722,Fresno,(559) 451-0768,Profit,Yes,DaVita,No,0,No,Yes,Yes,3/7/16,01Oct2024-30Sep2025,01Oct2024-30Sep2025,01Jan2021-31Dec2024,As Expected,1,342,29.6,45.4,20,01Jan2024-31Dec2024,As Expected,1,86,162.1,265.4,104.7,01Jan2024-31Dec2024,As Expected,1,59,16.7,33.2,6.8,01Jan2024-31Dec2024,As Expected,1,43,22.4,96.8,7.4,01Jan2021-31Dec2023,Better than Expected,1,31,3.66,6.55,1.83,Better than Expected,1,155,43.2,58.9,28.8,01Jan2024-31Dec2024,As Expected,1,49,0.66,1.83,0.31,01Jan2023-31Dec2024,As Expected,1,66,1.01,2.11,0.35,01Jan2021-31Dec2023,Not Available,201,0,,,,01Jan2024-31Dec2024,Not Available,201,,,,As Expected,1,18,63.1,100,20.9,01Jul2025-30Sep2025,1,0,280,2,17,,280,124,1059,,280,0,,,280,15,113,,27,1,3,1,30,280,142,1209,,280,151,1228,,,,,,1,18,142,22,280,0,,
552783,18,USRC Beverly Hills,01Jan2021-31Dec2024,1,1,8420 Wilshire Blvd.,,BEVERLY HILLS,CA,90211,Los Angeles,(323) 852-1272,Profit,Yes,"US Renal Care, Inc.",No,22,Yes,No,No,4/25/16,01Oct2024-30Sep2025,01Oct2024-30Sep2025,01Jan2021-31Dec2024,As Expected,1,437,16,24.9,10.7,01Jan2024-31Dec2024,As Expected,1,104,169.2,249,122.2,01Jan2024-31Dec2024,As Expected,1,114,22.3,33.3,14.1,01Jan2024-31Dec2024,As Expected,1,49,41.5,96.8,21.9,01Jan2021-31Dec2023,As Expected,1,28,0.35,1.94,0.01,As Expected,1,76,14.8,38.2,4.7,01Jan2024-31Dec2024,As Expected,1,66,0.74,1.46,0.45,01Jan2023-31Dec2024,As Expected,1,149,0.76,1.39,0.36,01Jan2021-31Dec2023,As Expected,1,60,0.67,1.73,0.18,01Jan2024-31Dec2024,Better than Expected,1,0.17,0.57,0.03,As Expected,1,124,51.6,72.8,25.7,01Jul2025-30Sep2025,1,0,1,116,921,95,257,0,,,259,0,,,259,0,,,49,1,0,1,49,1,120,974,1,1,131,1019,18,23,22,21,16,1,124,960,26,259,0,,
552784,18,USRC South Bay Home,01Jan2021-31Dec2024,5,1,23441 Madison Street #320,,TORRANCE,CA,90503,Los Angeles,(310) 378-8452,Profit,Yes,"US Renal Care, Inc.",No,4,No,Yes,No,4/1/16,01Oct2024-30Sep2025,01Oct2024-30Sep2025,01Jan2021-31Dec2024,As Expected,1,131,19.6,37.9,8.9,01Jan2024-31Dec2024,As Expected,1,31,94.7,231.9,43.2,01Jan2024-31Dec2024,As Expected,1,14,19.3,58,2.5,01Jan2024-31Dec2024,Not Available,199,18,,,,01Jan2021-31Dec2023,Not Available,199,16,,,,Better than Expected,1,28,46.5,78.9,16.7,01Jan2024-31Dec2024,As Expected,1,18,0.36,1.72,0.08,01Jan2023-31Dec2024,As Expected,1,14,0.58,2.7,0.02,01Jan2021-31Dec2023,Not Available,199,1,,,,01Jan2024-31Dec2024,Not Available,201,,,,Not Available,199,3,,,,01Jul2025-30Sep2025,199,,199,2,24,,1,35,285,89,259,0,,,259,0,,,,199,,199,7,1,38,315,0,1,38,316,9,29,24,18,20,199,3,30,,259,0,,
552785,18,DaVita Glendora Foothills Dialysis,01Jan2021-31Dec2024,4,1,"750 West Route 66, Suite Q",,GLENDORA,CA,91740,Los Angeles,(626) 335-2063,Profit,Yes,DaVita,No,24,Yes,No,No,6/6/16,01Oct2024-30Sep2025,01Oct2024-30Sep2025,01Jan2021-31Dec2024,As Expected,1,145,18.5,30.7,10.3,01Jan2024-31Dec2024,As Expected,1,39,96.9,198.4,51.7,01Jan2024-31Dec2024,As Expected,1,22,23.7,54,7,01Jan2024-31Dec2024,Not Available,199,15,,,,01Jan2021-31Dec2023,Not Available,199,11,,,,As Expected,1,44,24.1,55.9,7.4,01Jan2024-31Dec2024,As Expected,1,16,1.46,3.48,0.62,01Jan2023-31Dec2024,As Expected,1,14,1.68,4.09,0.3,01Jan2021-31Dec2023,As Expected,1,23,0,1.81,0,01Jan2024-31Dec2024,Better than Expected,1,0,0.86,,As Expected,1,53,66.6,88.5,43.4,01Jul2025-30Sep2025,1,0,280,48,390,,280,0,,,280,0,,,280,0,,,7,1,0,1,15,280,53,450,,280,54,429,,,,,,1,53,464,17,280,0,,
552786,18,FRESENIUS MEDICAL CARE ANAHEIM DIALYSIS,01Jan2021-31Dec2024,4,1,"3150 W. Lincoln Avenue, Suite 100",,ANAHEIM,CA,92801,Orange,(714) 816-8725,Profit,Yes,Fresenius Medical Care,No,30,Yes,No,Yes,6/6/16,01Oct2024-30Sep2025,01Oct2024-30Sep2025,01Jan2021-31Dec2024,As Expected,1,675,19.7,28.7,14,01Jan2024-31Dec2024,As Expected,1,180,105.4,158.5,74.7,01Jan2024-31Dec2024,As Expected,1,105,26.9,38.1,16.5,01Jan2024-31Dec2024,As Expected,1,38,47,132.6,21.4,01Jan2021-31Dec2023,As Expected,1,90,0.46,1.17,0.12,As Expected,1,183,23.7,37.6,13.8,01Jan2024-31Dec2024,As Expected,1,44,0.55,1.49,0.22,01Jan2023-31Dec2024,Better than Expected,1,48,0,0.75,0,01Jan2021-31Dec2023,As Expected,1,115,0.66,1.37,0.27,01Jan2024-31Dec2024,As Expected,1,0.62,1.22,0.27,As Expected,1,211,68.3,82.7,50.7,01Jul2025-30Sep2025,201,,1,159,1437,100,1,24,180,100,259,0,,,259,0,,,10,1,0,1,21,1,224,2029,0,1,240,2136,8,25,36,19,12,1,211,1922,13,259,0,,
552787,18,DaVita Arcadia Oaks Dialysis,01Jan2021-31Dec2024,4,1,721 W HUNTINGTON DRIVE,,ARCADIA,CA,91007,Los Angeles,(626) 294-9682,Profit,Yes,DaVita,No,20,Yes,No,No,5/2/16,01Oct2024-30Sep2025,01Oct2024-30Sep2025,01Jan2021-31Dec2024,As Expected,1,421,15.3,24.1,10,01Jan2024-31Dec2024,As Expected,1,104,117.9,183.9,81,01Jan2024-31Dec2024,As Expected,1,115,35.1,47.7,23.9,01Jan2024-31Dec2024,As Expected,1,46,16.2,53.6,6.5,01Jan2021-31Dec2023,Not Available,199,40,,,,As Expected,1,90,15.5,35.4,5.8,01Jan2024-31Dec2024,As Expected,1,54,0.68,1.49,0.38,01Jan2023-31Dec2024,As Expected,1,82,1.13,1.98,0.5,01Jan2021-31Dec2023,As Expected,1,77,0.7,1.8,0.19,01Jan2024-31Dec2024,Better than Expected,1,0.11,0.53,0.01,As Expected,1,133,71.7,86.6,53.7,01Jul2025-30Sep2025,1,0,280,125,1114,,280,0,,,280,0,,,280,0,,,6,1,2,1,52,280,133,1184,,280,135,1216,,,,,,1,133,1240,14,280,0,,
552788,17,ROSEVILLE HOME THERAPY,01Jan2021-31Dec2024,3,1,"1474 STONE POINT DRIVE, SUITE 105",,ROSEVILLE,CA,95661,Placer,(916) 771-4111,Profit,Yes,Fresenius Medical Care,No,0,No,Yes,Yes,8/4/16,01Oct2024-30Sep2025,01Oct2024-30Sep2025,01Jan2021-31Dec2024,As Expected,1,469,22.1,36,13.9,01Jan2024-31Dec2024,As Expected,1,109,133,226.3,85,01Jan2024-31Dec2024,Worse than Expected,1,64,50.4,71.1,32.2,01Jan2024-31Dec2024,As Expected,1,29,21.7,117.9,6,01Jan2021-31Dec2023,Better than Expected,1,63,2.51,4.14,1.4,Better than Expected,1,109,43.3,61.5,26.7,01Jan2024-31Dec2024,As Expected,1,33,0.75,1.97,0.31,01Jan2023-31Dec2024,As Expected,1,32,0.85,2.35,0.17,01Jan2021-31Dec2023,Not Available,201,0,,,,01Jan2024-31Dec2024,Not Available,201,,,,As Expected,1,22,41.6,74.5,7.4,01Jul2025-30Sep2025,201,,201,0,,,1,111,915,97,259,0,,,259,0,,,,199,,199,8,1,131,1101,2,1,141,1170,5,21,31,31,12,1,22,175,37,259,0,,
552789,18,DaVita Newport Irvine Dialysis,01Jan2021-31Dec2024,3,1,4300 Von Karman,,NEWPORT BEACH,CA,92660,Orange,(949) 863-1382,Profit,Yes,DaVita,No,17,Yes,Yes,No,8/17/16,01Oct2024-30Sep2025,01Oct2024-30Sep2025,01Jan2021-31Dec2024,As Expected,1,156,18.9,31.5,10.6,01Jan2024-31Dec2024,As Expected,1,52,136.3,246.4,81.6,01Jan2024-31Dec2024,As Expected,1,30,34.5,58.5,16.9,01Jan2024-31Dec2024,As Expected,1,24,37,160,12.2,01Jan2021-31Dec2023,As Expected,1,15,0.98,3.56,0.12,As Expected,1,43,32.3,63.7,11.5,01Jan2024-31Dec2024,As Expected,1,30,0.93,2.21,0.41,01Jan2023-31Dec2024,As Expected,1,32,1.21,3.04,0.27,01Jan2021-31Dec2023,As Expected,1,26,0.34,1.89,0.01,01Jan2024-31Dec2024,Better than Expected,1,0.2,1,0.01,As Expected,1,57,62.5,84.9,38.8,01Jul2025-30Sep2025,1,4,280,47,335,,280,9,73,,280,0,,,280,0,,,27,1,0,1,22,280,63,465,,280,63,439,,,,,,1,57,410,20,280,0,,
552790,18,Sanderling Dialysis of Tehachapi,01Jan2021-31Dec2024,1,1,711 Valley Blvd.,,TEHACHAPI,CA,93561,Kern,(661) 750-7365,Profit,No,Independent,No,9,Yes,Yes,Yes,9/22/16,01Oct2024-30Sep2025,01Oct2024-30Sep2025,01Jan2021-31Dec2024,As Expected,1,178,18.8,32.9,10.4,01Jan2024-31Dec2024,As Expected,1,45,145.7,256.7,88.7,01Jan2024-31Dec2024,As Expected,1,23,23.9,50,8.2,01Jan2024-31Dec2024,As Expected,1,22,22.9,124.7,6.4,01Jan2021-31Dec2023,As Expected,1,21,0,1.51,0,As Expected,1,33,19.4,51.4,5.2,01Jan2024-31Dec2024,Worse than Expected,1,28,1.9,3.3,1.14,01Jan2023-31Dec2024,As Expected,1,50,1.73,2.85,0.83,01Jan2021-31Dec2023,As Expected,1,33,0.5,1.82,0.06,01Jan2024-31Dec2024,Not Available,201,,,,As Expected,1,43,55.3,74.1,35.7,01Jul2025-30Sep2025,201,,1,42,393,88,199,3,8,,259,0,,,259,0,,,,199,,199,7,1,47,425,7,1,45,406,4,12,21,30,32,1,43,421,33,259,0,,
552791,18,DaVita Colton Ranch Dialysis,01Jan2021-31Dec2024,3,1,"1405 Valley Blvd., Suite 100",,COLTON,CA,92324,San Bernardino,(909) 783-7948,Profit,Yes,DaVita,No,32,Yes,Yes,No,4/21/16,01Oct2024-30Sep2025,01Oct2024-30Sep2025,01Jan2021-31Dec2024,As Expected,1,556,20.8,31,14.4,01Jan2024-31Dec2024,As Expected,1,134,167.5,242,122.7,01Jan2024-31Dec2024,As Expected,1,135,29.3,38.9,20.2,01Jan2024-31Dec2024,As Expected,1,42,29.9,90.4,12.9,01Jan2021-31Dec2023,As Expected,1,53,0.69,1.77,0.19,As Expected,1,155,16.1,30.9,7.6,01Jan2024-31Dec2024,As Expected,1,46,1.49,2.72,0.95,01Jan2023-31Dec2024,As Expected,1,71,1.48,2.4,0.76,01Jan2021-31Dec2023,As Expected,1,90,0.65,1.42,0.24,01Jan2024-31Dec2024,Better than Expected,1,0.23,0.61,0.06,As Expected,1,187,64.3,80.1,45.1,01Jul2025-30Sep2025,1,2,280,158,1369,,280,0,,,280,1,1,,280,0,,,12,1,2,1,42,280,174,1570,,280,185,1485,,,,,,1,187,1620,17,280,1,1,
552792,18,DaVita Casa St Home Training (PD Only),01Jan2021-31Dec2024,,260,"35 Casa Street, Suite 110",,SAN LUIS OBISPO,CA,93405,San Luis Obispo,(805) 785-0321,Profit,Yes,DaVita,No,5,No,Yes,Yes,8/2/16,01Oct2024-30Sep2025,01Oct2024-30Sep2025,01Jan2021-31Dec2024,As Expected,1,147,32.1,49.9,19.7,01Jan2024-31Dec2024,As Expected,1,33,176.1,355.6,95.2,01Jan2024-31Dec2024,As Expected,1,19,32.7,64.8,10.5,01Jan2024-31Dec2024,As Expected,1,18,60.3,223.8,22.3,01Jan2021-31Dec2023,Not Available,199,8,,,,As Expected,1,32,31.3,64.1,10.4,01Jan2024-31Dec2024,As Expected,1,27,1.11,2.47,0.52,01Jan2023-31Dec2024,As Expected,1,34,1.88,3.64,0.66,01Jan2021-31Dec2023,Not Available,201,0,,,,01Jan2024-31Dec2024,Not Available,201,,,,Not Available,201,0,,,,01Jul2025-30Sep2025,1,34,280,0,,,280,42,335,,280,0,,,280,0,,,,199,,199,8,280,42,335,,280,46,355,,,,,,201,0,,,280,0,,
552793,18,DaVita Avalon Dialysis,01Jan2021-31Dec2024,4,1,5807 Avalon Blvd.,,LOS ANGELES,CA,90011,Los Angeles,(323) 233-2452,Profit,Yes,DaVita,Yes,24,Yes,No,No,7/11/16,01Oct2024-30Sep2025,01Oct2024-30Sep2025,01Jan2021-31Dec2024,As Expected,1,314,24.8,37.8,17,01Jan2024-31Dec2024,As Expected,1,81,141.4,235.7,89.9,01Jan2024-31Dec2024,As Expected,1,63,23.2,37.3,12.6,01Jan2024-31Dec2024,As Expected,1,39,19.2,82.9,6.3,01Jan2021-31Dec2023,As Expected,1,80,0.56,1.43,0.15,As Expected,1,149,9.2,22.2,3.5,01Jan2024-31Dec2024,As Expected,1,46,1.01,2.07,0.52,01Jan2023-31Dec2024,As Expected,1,50,0.8,2.06,0.17,01Jan2021-31Dec2023,As Expected,1,95,0.4,1.03,0.11,01Jan2024-31Dec2024,Better than Expected,1,0.2,0.67,0.03,As Expected,1,165,73.4,87.4,56.3,01Jul2025-30Sep2025,1,0,280,150,1496,,280,0,,,280,0,,,280,0,,,19,1,0,1,27,280,154,1542,,280,165,1465,,,,,,1,165,1597,12,280,0,,
552794,17,DaVita San Rafael Dialysis,01Jan2021-31Dec2024,5,1,1415 3RD STREET,,SAN RAFAEL,CA,94901,Marin,(415) 453-4437,Profit,Yes,DaVita,No,24,Yes,Yes,Yes,12/6/16,01Oct2024-30Sep2025,01Oct2024-30Sep2025,01Jan2021-31Dec2024,As Expected,1,276,17.3,27.4,11.3,01Jan2024-31Dec2024,As Expected,1,68,102.4,189.8,59.3,01Jan2024-31Dec2024,As Expected,1,48,19.3,35.3,8.2,01Jan2024-31Dec2024,As Expected,1,20,16,127.2,3.3,01Jan2021-31Dec2023,As Expected,1,31,1.06,2.7,0.29,As Expected,1,72,31.3,55.6,14.3,01Jan2024-31Dec2024,As Expected,1,26,0.77,1.71,0.36,01Jan2023-31Dec2024,As Expected,1,34,1.17,2.82,0.32,01Jan2021-31Dec2023,As Expected,1,36,0.75,2.2,0.16,01Jan2024-31Dec2024,As Expected,1,0.37,1.24,0.06,Better than Expected,1,93,79.4,95.1,64,01Jul2025-30Sep2025,1,3,280,81,725,,280,19,166,,280,0,,,280,0,,,16,1,0,1,19,280,106,964,,280,112,949,,,,,,1,93,841,8,280,0,,
552795,18,DaVita Riverlakes At Home Training,01Jan2021-31Dec2024,,260,"3933 Coffee Road, Suite A",,BAKERSFIELD,CA,93308,Kern,(661) 588-2326,Profit,Yes,DaVita,No,7,No,Yes,Yes,10/17/16,01Oct2024-30Sep2025,01Oct2024-30Sep2025,01Jan2021-31Dec2024,As Expected,1,170,25.6,45.4,13.9,01Jan2024-31Dec2024,As Expected,1,40,176,328.5,101.9,01Jan2024-31Dec2024,As Expected,1,24,19.8,50.9,4.2,01Jan2024-31Dec2024,As Expected,1,20,10.7,199.9,1.2,01Jan2021-31Dec2023,As Expected,1,25,0.96,2.81,0.2,As Expected,1,63,17.7,46.1,5.1,01Jan2024-31Dec2024,As Expected,1,20,1.25,2.68,0.59,01Jan2023-31Dec2024,As Expected,1,29,0.83,2.26,0.17,01Jan2021-31Dec2023,Not Available,201,0,,,,01Jan2024-31Dec2024,Not Available,201,,,,As Expected,1,13,48.7,97.7,0,01Jul2025-30Sep2025,1,0,280,2,3,,280,51,383,,280,0,,,280,0,,,,199,,199,7,280,62,484,,280,63,488,,,,,,1,13,106,37,280,0,,
552796,18,DaVita Seven Oaks Dialysis,01Jan2021-31Dec2024,4,1,4651 Corporate Court,,BAKERSFIELD,CA,93311,Kern,(661) 664-5887,Profit,Yes,DaVita,Yes,24,Yes,No,No,11/7/16,01Oct2024-30Sep2025,01Oct2024-30Sep2025,01Jan2021-31Dec2024,As Expected,1,233,22,35.3,13.6,01Jan2024-31Dec2024,As Expected,1,77,87.3,166.4,49.3,01Jan2024-31Dec2024,As Expected,1,41,13.6,29.1,4.5,01Jan2024-31Dec2024,As Expected,1,41,15.1,82.2,4.2,01Jan2021-31Dec2023,As Expected,1,21,0.44,2.46,0.01,As Expected,1,78,20.5,45.2,7.5,01Jan2024-31Dec2024,As Expected,1,46,1.5,2.46,0.95,01Jan2023-31Dec2024,As Expected,1,32,1.85,3.5,0.67,01Jan2021-31Dec2023,As Expected,1,38,1.01,2.94,0.21,01Jan2024-31Dec2024,As Expected,1,0.37,1.21,0.06,As Expected,1,86,71.2,90,52.6,01Jul2025-30Sep2025,1,0,280,77,680,,280,0,,,280,0,,,280,0,,,4,1,0,1,26,280,82,715,,280,85,686,,,,,,1,86,742,11,280,0,,
552797,17,"KERMAN DIALYSIS CENTER, LLC",01Jan2021-31Dec2024,5,1,14945 WEST WHITEBRIDGE AVENUE,,KERMAN,CA,93630,Fresno,(559) 420-7292,Profit,Yes,American Renal Associates,No,17,Yes,Yes,No,9/30/16,01Oct2024-30Sep2025,01Oct2024-30Sep2025,01Jan2021-31Dec2024,As Expected,1,332,22.1,37.2,13.5,01Jan2024-31Dec2024,As Expected,1,85,135.7,230.8,86.7,01Jan2024-31Dec2024,As Expected,1,70,28,41.8,16.3,01Jan2024-31Dec2024,As Expected,1,48,6.7,53.5,1.4,01Jan2021-31Dec2023,As Expected,1,39,1.44,3.14,0.53,Better than Expected,1,91,33.9,53.1,18.8,01Jan2024-31Dec2024,As Expected,1,53,1.02,2.11,0.59,01Jan2023-31Dec2024,As Expected,1,71,1.23,2.36,0.49,01Jan2021-31Dec2023,As Expected,1,60,1.13,2.32,0.45,01Jan2024-31Dec2024,Better than Expected,1,0.13,0.64,0.01,As Expected,1,103,73.3,89.6,53.4,01Jul2025-30Sep2025,1,45,1,93,901,92,1,12,109,87,259,0,,,259,0,,,10,1,0,1,40,1,107,1054,0,1,114,1015,5,29,39,19,8,1,103,983,12,259,0,,
552798,18,FRESENIUS MEDICAL CARE RAVEN,01Jan2021-31Dec2024,5,1,499 Raven Street,,SAN DIEGO,CA,92102,San Diego,(619) 263-1518,Profit,Yes,Fresenius Medical Care,Yes,31,Yes,No,No,1/12/17,01Oct2024-30Sep2025,01Oct2024-30Sep2025,01Jan2021-31Dec2024,Better than Expected,1,302,11.7,19.9,7.1,01Jan2024-31Dec2024,As Expected,1,87,105.9,174,68.2,01Jan2024-31Dec2024,As Expected,1,73,23.6,36,14.1,01Jan2024-31Dec2024,As Expected,1,20,0,47.9,0,01Jan2021-31Dec2023,As Expected,1,28,0.46,2.57,0.01,As Expected,1,121,16.9,34.2,7.3,01Jan2024-31Dec2024,As Expected,1,21,1.4,2.95,0.69,01Jan2023-31Dec2024,As Expected,1,16,2.23,4.3,0.73,01Jan2021-31Dec2023,As Expected,1,41,0.23,1.29,0.01,01Jan2024-31Dec2024,Better than Expected,1,0,0.48,,As Expected,1,150,72.7,89,52.9,01Jul2025-30Sep2025,201,,1,136,1309,97,257,0,,,259,0,,,259,0,,,6,1,0,1,17,1,138,1336,1,1,150,1395,5,20,26,25,24,1,150,1377,7,259,0,,
552799,18,FMC-South Bay Home Therapy,01Jan2021-31Dec2024,3,1,1223 Pacific Coast Highway,,HARBOR CITY,CA,90710,Los Angeles,(310) 325-0416,Profit,Yes,Fresenius Medical Care,No,6,No,Yes,No,10/18/16,01Oct2024-30Sep2025,01Oct2024-30Sep2025,01Jan2021-31Dec2024,As Expected,1,285,32.1,49.8,21.5,01Jan2024-31Dec2024,As Expected,1,55,177.6,297.1,113.7,01Jan2024-31Dec2024,As Expected,1,43,32.4,54.9,13.7,01Jan2024-31Dec2024,Not Available,199,7,,,,01Jan2021-31Dec2023,As Expected,1,28,0.6,2.15,0.07,As Expected,1,77,30,50.7,15.2,01Jan2024-31Dec2024,Not Available,199,8,,,,01Jan2023-31Dec2024,As Expected,1,18,0.68,3.49,0.01,01Jan2021-31Dec2023,Not Available,201,0,,,,01Jan2024-31Dec2024,Not Available,201,,,,Not Available,256,0,,,,01Jul2025-30Sep2025,201,,256,0,,,1,80,678,99,259,0,,,259,0,,,,199,,199,5,1,80,678,0,1,86,718,5,13,23,31,28,256,0,,,259,0,,
552800,18,DaVita Beverlywood Dialysis,01Jan2021-31Dec2024,3,1,"2080 Century Park East, Suite 210",,LOS ANGELES,CA,90067,Los Angeles,(310) 772-0224,Profit,Yes,DaVita,No,13,Yes,Yes,Yes,10/26/16,01Oct2024-30Sep2025,01Oct2024-30Sep2025,01Jan2021-31Dec2024,As Expected,1,152,15.5,24.9,9,01Jan2024-31Dec2024,As Expected,1,45,166.3,264.1,110.9,01Jan2024-31Dec2024,As Expected,1,54,31.7,42.9,20.9,01Jan2024-31Dec2024,As Expected,1,20,8.9,166.2,1,01Jan2021-31Dec2023,Not Available,199,15,,,,As Expected,1,35,27.6,59.4,9,01Jan2024-31Dec2024,As Expected,1,33,0.63,1.42,0.29,01Jan2023-31Dec2024,As Expected,1,64,0.51,1.19,0.16,01Jan2021-31Dec2023,As Expected,1,28,0.39,2.16,0.01,01Jan2024-31Dec2024,Better than Expected,1,0,0.89,,As Expected,1,49,55,81.2,27.3,01Jul2025-30Sep2025,1,4,280,38,325,,280,9,47,,280,0,,,280,0,,,16,1,0,1,25,280,56,441,,280,55,445,,,,,,1,49,388,21,280,0,,
552801,18,DaVita El Dorado Dialysis,01Jan2021-31Dec2024,3,1,2977 Redondo Avenue,,LONG BEACH,CA,90806,Los Angeles,(562) 988-3418,Profit,Yes,DaVita,No,25,Yes,Yes,No,9/19/16,01Oct2024-30Sep2025,01Oct2024-30Sep2025,01Jan2021-31Dec2024,As Expected,1,481,21.9,33.2,14.9,01Jan2024-31Dec2024,As Expected,1,113,129.2,201.1,88.9,01Jan2024-31Dec2024,As Expected,1,99,17,28.3,8.5,01Jan2024-31Dec2024,Worse than Expected,1,49,73.6,135.7,46.3,01Jan2021-31Dec2023,As Expected,1,50,1.08,2.51,0.35,Better than Expected,1,90,37,56.9,20.7,01Jan2024-31Dec2024,As Expected,1,52,0.83,1.71,0.48,01Jan2023-31Dec2024,As Expected,1,101,0.44,1.06,0.12,01Jan2021-31Dec2023,As Expected,1,73,0.77,1.81,0.25,01Jan2024-31Dec2024,Better than Expected,1,0.39,0.95,0.13,As Expected,1,129,60.9,79.8,37.8,01Jul2025-30Sep2025,1,4,280,105,896,,280,17,159,,280,0,,,280,0,,,14,1,0,1,42,280,139,1205,,280,147,1185,,,,,,1,129,1101,21,280,0,,
552802,17,DaVita Broadway Dialysis,01Jan2021-31Dec2024,3,1,2624 STOCKTON BOULEVARD,,SACRAMENTO,CA,95817,Sacramento,(916) 457-0113,Profit,Yes,DaVita,No,34,Yes,No,No,1/23/17,01Oct2024-30Sep2025,01Oct2024-30Sep2025,01Jan2021-31Dec2024,As Expected,1,409,18.9,29.6,12.4,01Jan2024-31Dec2024,As Expected,1,93,117.6,191,78.1,01Jan2024-31Dec2024,As Expected,1,86,20.6,31.6,12.2,01Jan2024-31Dec2024,As Expected,1,49,24.7,69.7,11.3,01Jan2021-31Dec2023,As Expected,1,38,0.56,2.03,0.07,As Expected,1,111,15.1,32.4,6.2,01Jan2024-31Dec2024,Worse than Expected,1,55,1.47,2.42,1.01,01Jan2023-31Dec2024,Worse than Expected,1,96,1.82,2.76,1.07,01Jan2021-31Dec2023,As Expected,1,63,0.34,1.23,0.04,01Jan2024-31Dec2024,Better than Expected,1,0.24,0.79,0.04,As Expected,1,137,58.9,78.3,35.3,01Jul2025-30Sep2025,1,1,280,131,1110,,280,0,,,280,0,,,280,0,,,9,1,3,1,34,280,132,1129,,280,136,1090,,,,,,1,137,1187,18,280,0,,
552803,17,SHC Ceres,01Jan2021-31Dec2024,4,1,1372 Mitchell Road,,MODESTO,CA,95351,Stanislaus,(209) 300-8700,Non-profit,Yes,"US Renal Care, Inc.",No,25,Yes,Yes,Yes,1/9/17,01Oct2024-30Sep2025,01Oct2024-30Sep2025,01Jan2021-31Dec2024,As Expected,1,277,24,37,16.1,01Jan2024-31Dec2024,As Expected,1,68,174.3,275.2,116.4,01Jan2024-31Dec2024,As Expected,1,76,29,42.7,17.4,01Jan2024-31Dec2024,As Expected,1,38,7.6,60.7,1.6,01Jan2021-31Dec2023,As Expected,1,56,1.57,2.98,0.72,Better than Expected,1,99,30.8,49.8,16.7,01Jan2024-31Dec2024,As Expected,1,43,1.08,2.23,0.63,01Jan2023-31Dec2024,As Expected,1,69,1.65,2.76,0.83,01Jan2021-31Dec2023,As Expected,1,71,0.35,1.02,0.07,01Jan2024-31Dec2024,Better than Expected,1,0.14,0.67,0.01,As Expected,1,110,65.8,84.6,42.9,01Jul2025-30Sep2025,1,0,1,101,944,94,201,0,,,259,0,,,259,0,,,6,1,0,1,33,1,106,986,2,1,110,1023,7,21,24,25,22,1,110,1011,21,259,0,,
552804,17,DaVita Pacheco Dialysis,01Jan2021-31Dec2024,4,1,1245 W PACHECO BLVD STE D,,LOS BANOS,CA,93635,Merced,(209) 827-3934,Profit,Yes,DaVita,No,24,Yes,No,No,1/25/17,01Oct2024-30Sep2025,01Oct2024-30Sep2025,01Jan2021-31Dec2024,As Expected,1,99,28.2,50.8,14.2,01Jan2024-31Dec2024,As Expected,1,28,195,371.1,111,01Jan2024-31Dec2024,As Expected,1,26,38.7,62,19.2,01Jan2024-31Dec2024,As Expected,1,16,18.8,149.1,3.9,01Jan2021-31Dec2023,Not Available,199,14,,,,As Expected,1,37,18.9,53.1,4.6,01Jan2024-31Dec2024,As Expected,1,18,1.33,2.91,0.64,01Jan2023-31Dec2024,As Expected,1,27,1.5,3.02,0.52,01Jan2021-31Dec2023,As Expected,1,26,0.5,2.79,0.01,01Jan2024-31Dec2024,As Expected,1,0,1.42,,Better than Expected,1,39,88.7,99.5,77.4,01Jul2025-30Sep2025,1,0,280,36,332,,280,1,1,,280,0,,,280,0,,,17,1,0,1,18,280,38,359,,280,39,335,,,,,,1,39,369,8,280,0,,
552805,18,FMC-Moreno Valley,01Jan2021-31Dec2024,3,1,27420 Iris Avenue,,MORENO VALLEY,CA,92555,Riverside,(951) 242-9196,Non-profit,Yes,Fresenius Medical Care,No,25,Yes,Yes,Yes,2/22/17,01Oct2024-30Sep2025,01Oct2024-30Sep2025,01Jan2021-31Dec2024,As Expected,1,640,16.7,26.2,10.9,01Jan2024-31Dec2024,As Expected,1,152,113.4,175.5,78.5,01Jan2024-31Dec2024,As Expected,1,103,27.2,37.7,18.3,01Jan2024-31Dec2024,As Expected,1,28,39.7,131.5,16,01Jan2021-31Dec2023,As Expected,1,34,0.32,1.8,0.01,As Expected,1,157,23.3,38.4,12.9,01Jan2024-31Dec2024,As Expected,1,36,1.36,2.52,0.77,01Jan2023-31Dec2024,As Expected,1,43,0.8,1.96,0.22,01Jan2021-31Dec2023,As Expected,1,51,0.8,2.04,0.22,01Jan2024-31Dec2024,Better than Expected,1,0.18,0.58,0.03,As Expected,1,175,57.3,74.4,36.6,01Jul2025-30Sep2025,201,,1,142,1336,98,199,9,53,,259,0,,,259,0,,,30,1,0,1,23,1,177,1683,1,1,187,1726,9,19,25,28,20,1,175,1660,17,259,0,,
552806,18,DaVita Visalia Vineyard Dialysis,01Jan2021-31Dec2024,3,1,1140 South Ben Maddox Way,,VISALIA,CA,93292,Tulare,(559) 635-1938,Profit,Yes,DaVita,No,24,Yes,Yes,Yes,3/13/17,01Oct2024-30Sep2025,01Oct2024-30Sep2025,01Jan2021-31Dec2024,As Expected,1,565,23.8,35.5,16.6,01Jan2024-31Dec2024,As Expected,1,166,155.3,219.5,116,01Jan2024-31Dec2024,As Expected,1,156,23.9,33.4,16.5,01Jan2024-31Dec2024,As Expected,1,99,36.7,67.6,23.1,01Jan2021-31Dec2023,As Expected,1,93,1.34,2.24,0.73,Better than Expected,1,195,29.1,42.5,18.6,01Jan2024-31Dec2024,As Expected,1,108,0.92,1.48,0.65,01Jan2023-31Dec2024,As Expected,1,164,1.49,2.35,0.86,01Jan2021-31Dec2023,As Expected,1,90,1.49,2.49,0.81,01Jan2024-31Dec2024,Worse than Expected,1,1.79,2.71,1.12,As Expected,1,157,59.8,76.7,39.2,01Jul2025-30Sep2025,1,0,280,125,1082,,280,72,626,,280,0,,,280,0,,,15,1,0,1,67,280,216,1962,,280,229,1911,,,,,,1,157,1334,23,280,0,,
552807,18,DaVita Tustin Ranch Dialysis,01Jan2021-31Dec2024,3,1,721 W 1st Street,,TUSTIN,CA,92780,Orange,(714) 544-0079,Profit,Yes,DaVita,No,25,Yes,Yes,No,1/20/17,01Oct2024-30Sep2025,01Oct2024-30Sep2025,01Jan2021-31Dec2024,As Expected,1,185,20.8,34.3,12.5,01Jan2024-31Dec2024,As Expected,1,53,167.9,266.2,112.6,01Jan2024-31Dec2024,As Expected,1,50,32.2,50.7,17.1,01Jan2024-31Dec2024,As Expected,1,23,31.2,135.1,10.3,01Jan2021-31Dec2023,As Expected,1,21,0.39,2.2,0.01,As Expected,1,50,20.5,48.8,6.5,01Jan2024-31Dec2024,As Expected,1,29,0.69,1.68,0.31,01Jan2023-31Dec2024,As Expected,1,54,0.61,1.37,0.18,01Jan2021-31Dec2023,As Expected,1,36,0.52,1.87,0.06,01Jan2024-31Dec2024,Better than Expected,1,0.2,0.99,0.01,Better than Expected,1,65,77.7,93.9,60.7,01Jul2025-30Sep2025,1,6,280,57,524,,280,5,41,,280,0,,,280,0,,,18,1,5,1,22,280,65,603,,280,69,573,,,,,,1,65,542,12,280,0,,
552808,17,DaVita Port City Dialysis,01Jan2021-31Dec2024,3,1,1810 S. FRESNO AVE.,,STOCKTON,CA,95206,San Joaquin,(209) 946-0738,Profit,Yes,DaVita,No,24,Yes,No,No,3/22/17,01Oct2024-30Sep2025,01Oct2024-30Sep2025,01Jan2021-31Dec2024,As Expected,1,415,25.5,39.1,17.2,01Jan2024-31Dec2024,As Expected,1,98,159.2,244.5,110.9,01Jan2024-31Dec2024,As Expected,1,104,27.2,37.1,18.5,01Jan2024-31Dec2024,As Expected,1,47,10.2,55.3,2.8,01Jan2021-31Dec2023,As Expected,1,77,1.13,2.22,0.49,As Expected,1,128,23.5,41.3,11.8,01Jan2024-31Dec2024,As Expected,1,53,1.19,2.27,0.74,01Jan2023-31Dec2024,Worse than Expected,1,59,2.02,3.32,1.02,01Jan2021-31Dec2023,As Expected,1,117,0.86,1.63,0.39,01Jan2024-31Dec2024,Better than Expected,1,0.18,0.6,0.03,As Expected,1,165,63,80,42.3,01Jul2025-30Sep2025,1,5,280,157,1255,,280,0,,,280,0,,,280,0,,,13,1,6,1,32,280,162,1333,,280,166,1298,,,,,,1,165,1420,16,280,0,,
552809,17,FRESENIUS MEDICAL CARE POTRERO AVENUE,01Jan2021-31Dec2024,3,1,626 POTRERO AVE,,SAN FRANCISCO,CA,94110,San Francisco,(415) 648-4182,Profit,Yes,Fresenius Medical Care,No,25,Yes,No,No,5/22/17,01Oct2024-30Sep2025,01Oct2024-30Sep2025,01Jan2021-31Dec2024,As Expected,1,315,22.9,33.6,16.1,01Jan2024-31Dec2024,As Expected,1,85,161.5,242.6,114.6,01Jan2024-31Dec2024,As Expected,1,107,33.1,42.5,24.3,01Jan2024-31Dec2024,As Expected,1,62,24.5,62,12.2,01Jan2021-31Dec2023,As Expected,1,53,0.23,1.27,0.01,As Expected,1,132,25.6,42,14.1,01Jan2024-31Dec2024,As Expected,1,74,1.2,1.9,0.86,01Jan2023-31Dec2024,As Expected,1,172,1.17,1.69,0.75,01Jan2021-31Dec2023,Worse than Expected,1,88,0.13,0.71,0,01Jan2024-31Dec2024,Better than Expected,1,0,0.25,,As Expected,1,158,66.1,82.1,46.7,01Jul2025-30Sep2025,201,,1,155,1439,98,257,0,,,259,0,,,259,0,,,12,1,0,1,59,1,157,1481,1,1,163,1545,10,21,23,23,23,1,158,1513,20,259,0,,
552810,18,USRC Grand Home,01Jan2021-31Dec2024,5,1,"1145 West 6th Street, Suite 100",,LOS ANGELES,CA,90017,Los Angeles,(213) 250-9758,Profit,Yes,"US Renal Care, Inc.",No,3,No,Yes,No,3/23/17,01Oct2024-30Sep2025,01Oct2024-30Sep2025,01Jan2021-31Dec2024,As Expected,1,260,19,35.6,10.3,01Jan2024-31Dec2024,As Expected,1,62,134.1,234.3,82.7,01Jan2024-31Dec2024,As Expected,1,38,17.8,44.5,4.3,01Jan2024-31Dec2024,As Expected,1,40,13.3,72.3,3.7,01Jan2021-31Dec2023,As Expected,1,50,1.94,3.47,0.97,Better than Expected,1,88,37.2,56.9,20.9,01Jan2024-31Dec2024,As Expected,1,42,0.41,1.57,0.15,01Jan2023-31Dec2024,As Expected,1,45,1.08,2.66,0.24,01Jan2021-31Dec2023,Not Available,201,0,,,,01Jan2024-31Dec2024,Not Available,201,,,,Not Available,256,0,,,,01Jul2025-30Sep2025,1,0,256,0,,,1,89,852,98,259,0,,,259,0,,,40,1,0,1,20,1,89,852,0,1,94,902,2,11,20,36,31,256,0,,,259,0,,
552811,17,DaVita Golden Gate Dialysis,01Jan2021-31Dec2024,4,1,2700 GEARY BLVD. SUITE A,,SAN FRANCISCO,CA,94118,San Francisco,(415) 345-1869,Profit,Yes,DaVita,No,24,Yes,No,No,6/14/17,01Oct2024-30Sep2025,01Oct2024-30Sep2025,01Jan2021-31Dec2024,As Expected,1,334,18.4,27.3,12.8,01Jan2024-31Dec2024,As Expected,1,89,121.2,201.3,77.4,01Jan2024-31Dec2024,As Expected,1,64,30.1,43.6,18.7,01Jan2024-31Dec2024,Not Available,199,15,,,,01Jan2021-31Dec2023,Not Available,199,25,,,,Better than Expected,1,71,39.6,62.6,20.4,01Jan2024-31Dec2024,As Expected,1,19,1.18,2.92,0.48,01Jan2023-31Dec2024,As Expected,1,18,0.45,2.18,0.01,01Jan2021-31Dec2023,As Expected,1,48,0.23,1.29,0.01,01Jan2024-31Dec2024,Better than Expected,1,0.27,0.9,0.05,As Expected,1,114,71.3,90.3,48.2,01Jul2025-30Sep2025,1,5,280,112,904,,280,0,,,280,0,,,280,0,,,21,1,0,1,19,280,114,937,,280,119,937,,,,,,1,114,974,14,280,0,,
552812,17,DaVita Golden State Dialysis,01Jan2021-31Dec2024,4,1,4200 N Golden State Blvd,,TURLOCK,CA,95382,Stanislaus,(209) 634-0014,Profit,Yes,DaVita,No,24,Yes,No,No,7/10/17,01Oct2024-30Sep2025,01Oct2024-30Sep2025,01Jan2021-31Dec2024,As Expected,1,312,21.5,32.4,14.8,01Jan2024-31Dec2024,As Expected,1,75,165.9,261.9,110.7,01Jan2024-31Dec2024,As Expected,1,78,31.9,46.4,19.8,01Jan2024-31Dec2024,As Expected,1,47,36.4,92,18,01Jan2021-31Dec2023,As Expected,1,45,1.63,3.37,0.66,As Expected,1,100,24.4,44,11.7,01Jan2024-31Dec2024,As Expected,1,55,1.21,2.31,0.74,01Jan2023-31Dec2024,As Expected,1,74,1.28,2.34,0.51,01Jan2021-31Dec2023,As Expected,1,56,0.72,1.85,0.2,01Jan2024-31Dec2024,Better than Expected,1,0,0.43,,Better than Expected,1,109,78.6,94.9,58.7,01Jul2025-30Sep2025,1,3,280,94,892,,280,12,99,,280,0,,,280,0,,,5,1,5,1,39,280,116,1094,,280,120,1124,,,,,,1,109,1033,14,280,0,,
552813,18,DaVita Upland Colonies Dialysis,01Jan2021-31Dec2024,2,1,587 N. Mountain Avenue,,UPLAND,CA,91786,San Bernardino,(909) 931-4515,Profit,Yes,DaVita,No,25,Yes,No,No,4/6/17,01Oct2024-30Sep2025,01Oct2024-30Sep2025,01Jan2021-31Dec2024,As Expected,1,320,21.7,32.6,14.9,01Jan2024-31Dec2024,As Expected,1,86,174.9,264.1,121.4,01Jan2024-31Dec2024,As Expected,1,88,31,41.5,21.2,01Jan2024-31Dec2024,As Expected,1,26,29,125.7,9.6,01Jan2021-31Dec2023,As Expected,1,39,0,1,0,As Expected,1,74,21.3,44.4,8.4,01Jan2024-31Dec2024,As Expected,1,28,0.91,2.18,0.4,01Jan2023-31Dec2024,As Expected,1,46,0.57,1.4,0.15,01Jan2021-31Dec2023,As Expected,1,62,1.56,3.08,0.68,01Jan2024-31Dec2024,Better than Expected,1,0.26,0.87,0.04,As Expected,1,99,63.7,84.5,38.3,01Jul2025-30Sep2025,1,0,280,85,721,,280,0,,,280,0,,,280,0,,,14,1,0,1,21,280,97,827,,280,101,780,,,,,,1,99,840,18,280,0,,
552814,17,DaVita Deer Park Dialysis,01Jan2021-31Dec2024,3,1,4401 MACK ROAD,,SACRAMENTO,CA,95823,Sacramento,(916) 738-3575,Profit,Yes,DaVita,No,24,Yes,No,No,10/11/17,01Oct2024-30Sep2025,01Oct2024-30Sep2025,01Jan2021-31Dec2024,As Expected,1,604,23.6,33.7,17.1,01Jan2024-31Dec2024,As Expected,1,160,125.7,187.3,89.8,01Jan2024-31Dec2024,As Expected,1,134,32.6,44.4,22.5,01Jan2024-31Dec2024,As Expected,1,39,12.1,66,3.4,01Jan2021-31Dec2023,As Expected,1,84,0.92,1.99,0.34,As Expected,1,163,10.6,23.7,4.3,01Jan2024-31Dec2024,Worse than Expected,1,43,1.98,3.46,1.3,01Jan2023-31Dec2024,As Expected,1,69,1.3,2.42,0.55,01Jan2021-31Dec2023,Worse than Expected,1,123,0.41,0.96,0.13,01Jan2024-31Dec2024,Better than Expected,1,0.43,0.84,0.19,As Expected,1,218,67.8,81.7,50.8,01Jul2025-30Sep2025,1,2,280,209,1898,,280,0,,,280,0,,,280,0,,,14,1,0,1,29,280,213,1935,,280,220,1877,,,,,,1,218,1997,19,280,0,,
552815,18,DaVita Ontario Mills Dialysis,01Jan2021-31Dec2024,3,1,2403 S Vineyard Ave Suite D,,ONTARIO,CA,91761,San Bernardino,(909) 923-3850,Profit,Yes,DaVita,No,25,Yes,No,No,8/22/17,01Oct2024-30Sep2025,01Oct2024-30Sep2025,01Jan2021-31Dec2024,As Expected,1,283,24.3,39.6,15.4,01Jan2024-31Dec2024,As Expected,1,104,114.4,196,72.6,01Jan2024-31Dec2024,Better than Expected,1,61,11.4,27.1,3.3,01Jan2024-31Dec2024,As Expected,1,36,36.2,109.5,15.6,01Jan2021-31Dec2023,As Expected,1,24,0.84,3.03,0.1,As Expected,1,108,22.6,41.4,10.7,01Jan2024-31Dec2024,As Expected,1,40,1.67,2.92,1,01Jan2023-31Dec2024,As Expected,1,45,1.11,2.38,0.36,01Jan2021-31Dec2023,As Expected,1,47,1.57,3.66,0.51,01Jan2024-31Dec2024,Better than Expected,1,0.21,0.7,0.04,As Expected,1,138,63.1,82,40.1,01Jul2025-30Sep2025,1,0,280,119,1052,,280,0,,,280,0,,,280,0,,,14,1,0,1,21,280,127,1137,,280,138,1082,,,,,,1,138,1188,21,280,0,,
552816,18,"Ontario Holt Dialysis Center, Inc.",01Jan2021-31Dec2024,1,1,1310 West Holt Avenue,,ONTARIO,CA,91762,San Bernardino,(909) 986-0230,Profit,No,Independent,No,28,Yes,Yes,Yes,10/11/17,01Oct2024-30Sep2025,01Oct2024-30Sep2025,01Jan2021-31Dec2024,As Expected,1,487,27.9,41.8,19.3,01Jan2024-31Dec2024,As Expected,1,108,183.8,278.2,129.5,01Jan2024-31Dec2024,As Expected,1,119,32.3,44.9,21.4,01Jan2024-31Dec2024,As Expected,1,51,17,63.2,6.3,01Jan2021-31Dec2023,As Expected,1,103,0.68,1.34,0.29,As Expected,1,132,22.6,38.5,12.1,01Jan2024-31Dec2024,As Expected,1,58,1.05,2.02,0.64,01Jan2023-31Dec2024,As Expected,1,93,0.78,1.48,0.32,01Jan2021-31Dec2023,As Expected,1,123,0.49,1.06,0.18,01Jan2024-31Dec2024,As Expected,1,0.63,1.12,0.32,As Expected,1,148,41.5,59.7,19.4,01Jul2025-30Sep2025,1,0,1,123,1104,96,1,16,149,95,259,0,,,259,0,,,57,1,0,1,35,1,151,1378,1,1,168,1461,4,18,26,38,13,1,148,1295,49,259,0,,
552817,18,DaVita Jurupa Valley Dialysis,01Jan2021-31Dec2024,2,1,8080 Limonite Avenue,,JURUPA VALLEY,CA,92509,Riverside,(951) 361-9405,Profit,Yes,DaVita,No,25,Yes,No,No,10/16/17,01Oct2024-30Sep2025,01Oct2024-30Sep2025,01Jan2021-31Dec2024,As Expected,1,324,21.3,32.2,14.6,01Jan2024-31Dec2024,Worse than Expected,1,101,206.4,305.4,148.3,01Jan2024-31Dec2024,As Expected,1,132,33.7,44.4,24.8,01Jan2024-31Dec2024,As Expected,1,30,30.8,114.1,11.4,01Jan2021-31Dec2023,As Expected,1,58,0.75,1.76,0.24,As Expected,1,134,11.9,28,4.5,01Jan2024-31Dec2024,As Expected,1,35,0.85,1.88,0.41,01Jan2023-31Dec2024,As Expected,1,39,0.79,1.9,0.21,01Jan2021-31Dec2023,As Expected,1,73,1.14,2.24,0.49,01Jan2024-31Dec2024,Better than Expected,1,0.27,0.74,0.07,As Expected,1,164,65.4,81.4,46,01Jul2025-30Sep2025,1,2,280,145,1257,,280,0,,,280,0,,,280,0,,,10,1,3,1,31,280,152,1321,,280,160,1311,,,,,,1,164,1382,18,280,0,,
552818,18,"Delano Kidney Center, LLC",01Jan2021-31Dec2024,3,1,1980 Cecil Avenue,,DELANO,CA,93215,Kern,(661) 721-2830,Profit,Yes,American Renal Associates,No,20,Yes,Yes,No,11/9/17,01Oct2024-30Sep2025,01Oct2024-30Sep2025,01Jan2021-31Dec2024,As Expected,1,376,20.9,36.4,12.2,01Jan2024-31Dec2024,As Expected,1,96,97.8,176.3,59.5,01Jan2024-31Dec2024,As Expected,1,59,20.5,36.7,9.4,01Jan2024-31Dec2024,As Expected,1,58,19.1,57.7,8.2,01Jan2021-31Dec2023,As Expected,1,67,0.49,1.26,0.13,As Expected,1,108,20.7,39.2,9.6,01Jan2024-31Dec2024,As Expected,1,62,1.04,1.9,0.66,01Jan2023-31Dec2024,As Expected,1,66,1.08,2.17,0.37,01Jan2021-31Dec2023,As Expected,1,77,0.44,1.12,0.12,01Jan2024-31Dec2024,As Expected,1,0.96,1.7,0.49,As Expected,1,115,64.7,83.9,41.4,01Jul2025-30Sep2025,1,94,1,107,1083,99,1,13,120,86,259,0,,,259,0,,,17,1,0,1,47,1,121,1217,0,1,128,1265,8,27,35,19,11,1,115,1137,17,259,0,,
552819,18,"Santa Clarita Dialysis, LLC",01Jan2021-31Dec2024,3,1,23421 Lyons Avenue,,VALENCIA,CA,91355,Los Angeles,(661) 244-1835,Profit,No,Independent,Yes,24,Yes,Yes,Yes,10/16/17,01Oct2024-30Sep2025,01Oct2024-30Sep2025,01Jan2021-31Dec2024,As Expected,1,404,19.3,31.1,12.3,01Jan2024-31Dec2024,As Expected,1,100,128.1,208,85.1,01Jan2024-31Dec2024,As Expected,1,84,24.7,36.4,14.8,01Jan2024-31Dec2024,As Expected,1,50,18.2,60.2,7.3,01Jan2021-31Dec2023,As Expected,1,54,0.86,2.2,0.23,As Expected,1,121,28.8,46.1,16.1,01Jan2024-31Dec2024,As Expected,1,55,1.07,2.01,0.67,01Jan2023-31Dec2024,Worse than Expected,1,70,2.04,3.22,1.11,01Jan2021-31Dec2023,As Expected,1,79,0.94,1.94,0.38,01Jan2024-31Dec2024,Better than Expected,1,0,0.24,,As Expected,1,143,54.4,72.5,32.5,01Jul2025-30Sep2025,1,43,1,123,1096,99,1,21,104,96,259,0,,,259,0,,,6,1,0,1,35,1,147,1272,0,1,161,1363,7,25,39,19,10,1,143,1208,34,259,0,,
552820,17,FRESENIUS MEDICAL CARE FRESNO AIRPORT EAST,01Jan2021-31Dec2024,4,1,1899 NORTH HELM AVE SUITE 101,,FRESNO,CA,93727,Fresno,(559) 452-1480,Profit,Yes,Fresenius Medical Care,No,24,Yes,Yes,Yes,10/20/17,01Oct2024-30Sep2025,01Oct2024-30Sep2025,01Jan2021-31Dec2024,As Expected,1,524,19.8,30.4,13.4,01Jan2024-31Dec2024,As Expected,1,127,129.1,196.9,90.5,01Jan2024-31Dec2024,As Expected,1,109,33.1,44.9,22.8,01Jan2024-31Dec2024,As Expected,1,66,20.2,53.6,9.6,01Jan2021-31Dec2023,As Expected,1,57,0.88,2.04,0.28,As Expected,1,138,24.5,40.8,13.3,01Jan2024-31Dec2024,As Expected,1,76,0.92,1.56,0.61,01Jan2023-31Dec2024,As Expected,1,132,1.01,1.78,0.5,01Jan2021-31Dec2023,As Expected,1,79,0.89,1.84,0.36,01Jan2024-31Dec2024,Better than Expected,1,0.27,0.74,0.07,As Expected,1,164,70.6,85.1,52.9,01Jul2025-30Sep2025,201,,1,152,1481,99,201,0,,,259,0,,,259,0,,,22,1,0,1,55,1,158,1541,1,1,166,1606,11,20,25,24,20,1,164,1585,17,259,0,,
552821,18,DaVita South Gate Dialysis,01Jan2021-31Dec2024,3,1,9848 Atlantic Avenue,,SOUTH GATE,CA,90280,Los Angeles,(323) 569-1035,Profit,Yes,DaVita,No,25,Yes,Yes,No,10/18/17,01Oct2024-30Sep2025,01Oct2024-30Sep2025,01Jan2021-31Dec2024,As Expected,1,498,23.8,36.9,15.9,01Jan2024-31Dec2024,As Expected,1,120,134.9,208.3,93.5,01Jan2024-31Dec2024,As Expected,1,99,26.8,39.9,16.6,01Jan2024-31Dec2024,As Expected,1,59,22.1,58.6,10.5,01Jan2021-31Dec2023,As Expected,1,64,0.61,1.56,0.17,As Expected,1,134,17.7,32.1,8.9,01Jan2024-31Dec2024,As Expected,1,65,0.87,1.59,0.55,01Jan2023-31Dec2024,As Expected,1,97,0.84,1.55,0.36,01Jan2021-31Dec2023,As Expected,1,74,0.37,1.09,0.08,01Jan2024-31Dec2024,Better than Expected,1,0.33,0.78,0.1,As Expected,1,149,55.9,73.4,34.7,01Jul2025-30Sep2025,1,0,280,140,1332,,280,22,176,,280,0,,,280,0,,,15,1,0,1,55,280,158,1562,,280,168,1530,,,,,,1,149,1405,23,280,0,,
552822,18,DaVita Huntington Dialysis,01Jan2021-31Dec2024,3,1,390 S Fair Oaks Ave,Suite 120,PASADENA,CA,91105,Los Angeles,(626) 564-2818,Profit,Yes,DaVita,No,25,Yes,Yes,Yes,12/22/17,01Oct2024-30Sep2025,01Oct2024-30Sep2025,01Jan2021-31Dec2024,As Expected,1,534,18.5,28.2,12.6,01Jan2024-31Dec2024,As Expected,1,137,137.7,202.1,99.7,01Jan2024-31Dec2024,As Expected,1,130,27.6,39.2,18.1,01Jan2024-31Dec2024,As Expected,1,43,17.7,65.5,6.5,01Jan2021-31Dec2023,As Expected,1,49,0.19,1.06,0,As Expected,1,140,26.6,43.5,14.5,01Jan2024-31Dec2024,As Expected,1,59,0.48,1.19,0.25,01Jan2023-31Dec2024,As Expected,1,86,0.59,1.33,0.17,01Jan2021-31Dec2023,As Expected,1,79,1.39,2.55,0.67,01Jan2024-31Dec2024,Better than Expected,1,0.37,0.89,0.12,As Expected,1,175,65.8,81.2,47,01Jul2025-30Sep2025,1,3,280,150,1300,,280,34,252,,280,0,,,280,0,,,20,1,0,1,35,280,192,1687,,280,202,1672,,,,,,1,175,1479,10,280,0,,
552823,18,DaVita Casa Del Rio Home Training,01Jan2021-31Dec2024,5,1,"8331 Brimhall Road Building 900, Suite 902",,BAKERSFIELD,CA,93312,Kern,(661) 387-6405,Profit,Yes,DaVita,No,8,No,Yes,Yes,2/26/18,01Oct2024-30Sep2025,01Oct2024-30Sep2025,01Jan2021-31Dec2024,As Expected,1,223,16.2,31.4,7.9,01Jan2024-31Dec2024,As Expected,1,50,120.3,233.2,67.8,01Jan2024-31Dec2024,As Expected,1,23,22.9,52.1,5.6,01Jan2024-31Dec2024,As Expected,1,28,7.5,141,0.8,01Jan2021-31Dec2023,Not Available,199,9,,,,As Expected,1,77,30.9,51.8,15.7,01Jan2024-31Dec2024,As Expected,1,33,0.88,2.14,0.39,01Jan2023-31Dec2024,As Expected,1,29,0.85,2.35,0.17,01Jan2021-31Dec2023,Not Available,201,0,,,,01Jan2024-31Dec2024,Not Available,201,,,,As Expected,1,18,76.3,100,43.3,01Jul2025-30Sep2025,1,0,280,0,,,280,58,497,,280,0,,,280,0,,,6,1,0,1,16,280,74,643,,280,79,662,,,,,,1,18,147,5,280,0,,
552825,18,USRC Victorville Home Dialysis,01Jan2021-31Dec2024,3,1,"17125 Silica Drive, Suite 102",,Victorville,CA,92395,San Bernardino,(760) 843-6752,Profit,Yes,"US Renal Care, Inc.",No,2,No,Yes,Yes,2/8/18,01Oct2024-30Sep2025,01Oct2024-30Sep2025,01Jan2021-31Dec2024,As Expected,1,182,27.2,46.5,15.5,01Jan2024-31Dec2024,As Expected,1,48,154,272.6,93.9,01Jan2024-31Dec2024,As Expected,1,40,24.2,44.6,9.7,01Jan2024-31Dec2024,As Expected,1,21,9.4,175.7,1,01Jan2021-31Dec2023,As Expected,1,23,1.17,3.43,0.24,As Expected,1,77,30.4,52.5,14.7,01Jan2024-31Dec2024,As Expected,1,26,1.15,2.33,0.6,01Jan2023-31Dec2024,As Expected,1,29,1.67,3.41,0.57,01Jan2021-31Dec2023,Not Available,201,0,,,,01Jan2024-31Dec2024,Not Available,201,,,,As Expected,1,20,58.7,100,15.4,01Jul2025-30Sep2025,199,,199,4,35,,1,58,434,95,259,0,,,259,0,,,,199,,199,8,1,74,593,0,1,80,627,6,21,25,30,18,1,20,160,11,259,0,,
552826,18,DaVita Circle City Dialysis,01Jan2021-31Dec2024,4,1,1180 W 6th Street,STE 101,CORONA,CA,92882,Riverside,(951) 808-9068,Profit,Yes,DaVita,No,33,Yes,No,No,1/10/18,01Oct2024-30Sep2025,01Oct2024-30Sep2025,01Jan2021-31Dec2024,As Expected,1,319,15.9,25.2,10.4,01Jan2024-31Dec2024,As Expected,1,88,145.4,234.2,95.3,01Jan2024-31Dec2024,As Expected,1,77,24.7,37,14.6,01Jan2024-31Dec2024,As Expected,1,21,22.2,120.7,6.2,01Jan2021-31Dec2023,As Expected,1,47,1.21,2.81,0.39,As Expected,1,99,21,42.1,8.9,01Jan2024-31Dec2024,As Expected,1,24,0.98,2.19,0.46,01Jan2023-31Dec2024,As Expected,1,23,0.94,2.54,0.19,01Jan2021-31Dec2023,As Expected,1,67,0.65,1.66,0.18,01Jan2024-31Dec2024,Better than Expected,1,0.36,0.97,0.09,As Expected,1,132,74.8,89.9,56.4,01Jul2025-30Sep2025,1,1,280,115,958,,280,0,,,280,0,,,280,0,,,4,1,4,1,23,280,122,1003,,280,132,1000,,,,,,1,132,1078,14,280,0,,
552827,17,SHC Blossom Valley,01Jan2021-31Dec2024,2,1,1450 KOOSER ROAD,,SAN JOSE,CA,95118,Santa Clara,(408) 440-3260,Non-profit,Yes,"US Renal Care, Inc.",No,25,Yes,No,No,4/4/18,01Oct2024-30Sep2025,01Oct2024-30Sep2025,01Jan2021-31Dec2024,As Expected,1,339,21.2,29.9,15.6,01Jan2024-31Dec2024,As Expected,1,88,139.7,220.5,93.3,01Jan2024-31Dec2024,As Expected,1,81,24.8,35.8,15.6,01Jan2024-31Dec2024,As Expected,1,30,60.5,152.8,30,01Jan2021-31Dec2023,As Expected,1,27,0.9,2.64,0.19,As Expected,1,80,20.8,43.2,8.3,01Jan2024-31Dec2024,As Expected,1,39,1.22,2.13,0.73,01Jan2023-31Dec2024,As Expected,1,85,1.4,2.19,0.85,01Jan2021-31Dec2023,Worse than Expected,1,60,0.16,0.92,0,01Jan2024-31Dec2024,Better than Expected,1,0.28,0.76,0.07,As Expected,1,121,59.9,80.9,34.5,01Jul2025-30Sep2025,1,0,1,100,875,96,257,0,,,259,0,,,259,0,,,13,1,0,1,24,1,113,985,1,1,123,1054,8,24,25,25,18,1,121,1049,23,259,0,,
552828,17,DaVita Marina Dialysis,01Jan2021-31Dec2024,5,1,930 2nd AVENUE,,MARINA,CA,93933,Monterey,(831) 384-7849,Profit,Yes,DaVita,Yes,24,Yes,Yes,Yes,4/11/18,01Oct2024-30Sep2025,01Oct2024-30Sep2025,01Jan2021-31Dec2024,As Expected,1,300,20.1,31.8,13.2,01Jan2024-31Dec2024,As Expected,1,71,173.7,267.4,118.5,01Jan2024-31Dec2024,As Expected,1,78,30.9,44.1,19.3,01Jan2024-31Dec2024,As Expected,1,43,15,65,4.9,01Jan2021-31Dec2023,As Expected,1,33,2.12,4.61,0.78,Better than Expected,1,126,31.7,50,17.7,01Jan2024-31Dec2024,As Expected,1,48,1.43,2.62,0.9,01Jan2023-31Dec2024,As Expected,1,76,1.33,2.53,0.51,01Jan2021-31Dec2023,As Expected,1,54,1.41,2.91,0.57,01Jan2024-31Dec2024,As Expected,1,0.65,1.57,0.21,As Expected,1,133,70.9,91.5,45.8,01Jul2025-30Sep2025,1,2,280,122,777,,280,13,105,,280,0,,,280,0,,,19,1,3,1,36,280,132,898,,280,143,849,,,,,,1,133,813,6,280,0,,
552829,17,DaVita Lone Tree Ranch Dialysis,01Jan2021-31Dec2024,4,1,4040 LONE TREE WAY,,ANTIOCH,CA,94531,Contra Costa,(925) 777-3356,Profit,Yes,DaVita,No,24,Yes,Yes,No,4/19/18,01Oct2024-30Sep2025,01Oct2024-30Sep2025,01Jan2021-31Dec2024,As Expected,1,471,17.7,28,11.5,01Jan2024-31Dec2024,As Expected,1,114,139.3,214.3,96.8,01Jan2024-31Dec2024,As Expected,1,103,28.3,41.1,18.1,01Jan2024-31Dec2024,As Expected,1,46,6.9,55,1.4,01Jan2021-31Dec2023,As Expected,1,49,1.07,2.5,0.35,As Expected,1,121,28.9,45.8,16.4,01Jan2024-31Dec2024,As Expected,1,54,1,1.86,0.62,01Jan2023-31Dec2024,As Expected,1,88,1.49,2.21,0.84,01Jan2021-31Dec2023,As Expected,1,65,0.56,1.44,0.15,01Jan2024-31Dec2024,As Expected,1,0.49,1.08,0.18,As Expected,1,148,61,79.7,38.3,01Jul2025-30Sep2025,1,4,280,128,1221,,280,14,107,,280,0,,,280,0,,,6,1,0,1,35,280,157,1498,,280,163,1419,,,,,,1,148,1402,16,280,0,,
552830,18,DaVita Serrano Dialysis,01Jan2021-31Dec2024,3,1,1800 Medical Center Dr. Suite 150,,SAN BERNARDINO,CA,92411,San Bernardino,(909) 887-2717,Profit,Yes,DaVita,No,25,Yes,No,No,4/18/18,01Oct2024-30Sep2025,01Oct2024-30Sep2025,01Jan2021-31Dec2024,As Expected,1,407,26.7,41.2,17.9,01Jan2024-31Dec2024,As Expected,1,108,155.5,238,108.6,01Jan2024-31Dec2024,As Expected,1,111,23.3,34.7,14.5,01Jan2024-31Dec2024,As Expected,1,34,31.4,104,12.7,01Jan2021-31Dec2023,As Expected,1,50,0.26,1.44,0.01,As Expected,1,134,17.9,34.1,8.5,01Jan2024-31Dec2024,As Expected,1,38,1.22,2.15,0.73,01Jan2023-31Dec2024,As Expected,1,55,1.08,1.9,0.48,01Jan2021-31Dec2023,As Expected,1,70,1.61,2.96,0.77,01Jan2024-31Dec2024,As Expected,1,0.42,1.01,0.13,As Expected,1,165,68,83.6,49.1,01Jul2025-30Sep2025,1,1,280,147,1289,,280,0,,,280,0,,,280,0,,,14,1,4,1,28,280,156,1373,,280,166,1416,,,,,,1,165,1438,14,280,0,,
552832,18,DaVita Rolling Hills Dialysis,01Jan2021-31Dec2024,4,1,"25210 Crenshaw Blvd., Suite 110",,TORRANCE,CA,90505,Los Angeles,(310) 530-1180,Profit,Yes,DaVita,No,27,Yes,Yes,Yes,4/20/18,01Oct2024-30Sep2025,01Oct2024-30Sep2025,01Jan2021-31Dec2024,As Expected,1,605,23.3,34.1,16.5,01Jan2024-31Dec2024,As Expected,1,155,158.6,226.8,117.2,01Jan2024-31Dec2024,As Expected,1,141,24.9,34.1,17,01Jan2024-31Dec2024,As Expected,1,76,20.5,54.4,9.8,01Jan2021-31Dec2023,As Expected,1,72,1.41,2.53,0.7,As Expected,1,151,27.8,43.2,16.4,01Jan2024-31Dec2024,As Expected,1,95,0.78,1.43,0.5,01Jan2023-31Dec2024,As Expected,1,131,0.5,1.02,0.19,01Jan2021-31Dec2023,As Expected,1,96,1.02,1.88,0.49,01Jan2024-31Dec2024,Better than Expected,1,0,0.25,,As Expected,1,130,56.1,76,31.8,01Jul2025-30Sep2025,1,2,280,118,1012,,280,62,555,,280,0,,,280,0,,,19,1,0,1,63,280,182,1699,,280,192,1648,,,,,,1,130,1147,22,280,0,,
552833,18,USRC South Bay Dialysis,01Jan2021-31Dec2024,3,1,4450 182nd Street,,REDONDO BEACH,CA,90278,Los Angeles,(310) 542-8032,Profit,Yes,"US Renal Care, Inc.",No,15,Yes,No,No,5/2/18,01Oct2024-30Sep2025,01Oct2024-30Sep2025,01Jan2021-31Dec2024,As Expected,1,269,19.2,29.9,12.8,01Jan2024-31Dec2024,As Expected,1,77,125.8,207.4,80.8,01Jan2024-31Dec2024,As Expected,1,63,32.2,46,20,01Jan2024-31Dec2024,As Expected,1,32,5.3,99,0.6,01Jan2021-31Dec2023,As Expected,1,33,0.65,2.34,0.08,As Expected,1,64,21.7,47.6,7.8,01Jan2024-31Dec2024,As Expected,1,36,0.43,1.19,0.16,01Jan2023-31Dec2024,As Expected,1,45,0.65,1.65,0.17,01Jan2021-31Dec2023,As Expected,1,58,0.19,1.08,0,01Jan2024-31Dec2024,Better than Expected,1,0.15,0.73,0.01,As Expected,1,92,53.9,75.2,33,01Jul2025-30Sep2025,1,0,1,74,733,98,257,0,,,259,0,,,259,0,,,5,1,0,1,20,1,83,839,1,1,92,867,8,20,27,28,17,1,92,868,19,259,0,,
552834,18,DaVita Vista Del Sol Dialysis,01Jan2021-31Dec2024,3,1,15002 Amargosa Road,,VICTORVILLE,CA,92394,San Bernardino,(442) 255-4023,Profit,Yes,DaVita,No,25,Yes,Yes,Yes,5/16/18,01Oct2024-30Sep2025,01Oct2024-30Sep2025,01Jan2021-31Dec2024,As Expected,1,657,27.3,39.3,19.7,01Jan2024-31Dec2024,As Expected,1,147,139.7,206.7,100.4,01Jan2024-31Dec2024,As Expected,1,117,29.2,40.2,18.9,01Jan2024-31Dec2024,As Expected,1,50,29.9,90.5,12.9,01Jan2021-31Dec2023,As Expected,1,60,0.45,1.32,0.09,As Expected,1,176,19,31.7,10.6,01Jan2024-31Dec2024,As Expected,1,53,1.18,2.26,0.72,01Jan2023-31Dec2024,As Expected,1,56,1.51,3,0.58,01Jan2021-31Dec2023,As Expected,1,58,0.76,1.94,0.21,01Jan2024-31Dec2024,As Expected,1,0.55,1.14,0.22,As Expected,1,163,63.7,81.1,42.6,01Jul2025-30Sep2025,1,2,280,147,1373,,280,34,327,,280,0,,,280,0,,,22,1,0,1,32,280,191,1813,,280,194,1836,,,,,,1,163,1472,9,280,0,,
552835,18,DaVita Warner Center Dialysis,01Jan2021-31Dec2024,3,1,21040 Califa St Suite A,,WOODLAND HILLS,CA,91367,Los Angeles,(818) 715-9602,Profit,Yes,DaVita,No,24,Yes,Yes,No,5/21/18,01Oct2024-30Sep2025,01Oct2024-30Sep2025,01Jan2021-31Dec2024,As Expected,1,389,18.8,30.4,12,01Jan2024-31Dec2024,As Expected,1,97,106.9,188.2,66.3,01Jan2024-31Dec2024,As Expected,1,48,35.2,56.5,17.9,01Jan2024-31Dec2024,As Expected,1,49,3.6,67.1,0.4,01Jan2021-31Dec2023,As Expected,1,36,0.8,2.35,0.17,As Expected,1,83,27.2,46.9,13.7,01Jan2024-31Dec2024,As Expected,1,58,1.07,2.01,0.67,01Jan2023-31Dec2024,As Expected,1,86,0.86,1.6,0.38,01Jan2021-31Dec2023,As Expected,1,51,1.46,3.01,0.59,01Jan2024-31Dec2024,Better than Expected,1,0.12,0.57,0.01,As Expected,1,93,62.7,83.1,42.6,01Jul2025-30Sep2025,1,3,280,83,747,,280,25,201,,280,0,,,280,0,,,3,1,0,1,39,280,117,1032,,280,119,973,,,,,,1,93,861,24,280,0,,
552836,18,FMC-West Glendale,01Jan2021-31Dec2024,3,1,623 South Central Avenue,,GLENDALE,CA,91204,Los Angeles,(818) 240-1065,Profit,Yes,Fresenius Medical Care,No,24,Yes,Yes,Yes,5/23/18,01Oct2024-30Sep2025,01Oct2024-30Sep2025,01Jan2021-31Dec2024,As Expected,1,452,18.6,29.3,12.2,01Jan2024-31Dec2024,As Expected,1,116,155.2,230.9,111,01Jan2024-31Dec2024,As Expected,1,120,31,42.3,21.6,01Jan2024-31Dec2024,As Expected,1,51,18.8,62,7.6,01Jan2021-31Dec2023,As Expected,1,54,0.56,2.01,0.07,As Expected,1,110,18.1,35.7,8.1,01Jan2024-31Dec2024,As Expected,1,58,0.65,1.38,0.37,01Jan2023-31Dec2024,As Expected,1,85,0.59,1.33,0.18,01Jan2021-31Dec2023,As Expected,1,87,0.53,1.35,0.14,01Jan2024-31Dec2024,Better than Expected,1,0.28,0.76,0.07,As Expected,1,147,74,88.5,56.3,01Jul2025-30Sep2025,201,,1,128,1152,98,199,8,68,,259,0,,,259,0,,,11,1,0,1,45,1,145,1343,1,1,154,1354,6,19,26,30,18,1,147,1313,16,259,0,,
552837,18,"Pomona Dialysis Center, Inc.",01Jan2021-31Dec2024,2,1,"255 E. Bonita Avenue, Building 1 Ste 200",,POMONA,CA,91767,Los Angeles,(909) 784-2949,Profit,No,Independent,No,25,Yes,No,No,6/15/18,01Oct2024-30Sep2025,01Oct2024-30Sep2025,01Jan2021-31Dec2024,As Expected,1,327,29.1,42.4,20.7,01Jan2024-31Dec2024,As Expected,1,74,132.7,220.4,84.7,01Jan2024-31Dec2024,As Expected,1,60,28.3,46,15,01Jan2024-31Dec2024,As Expected,1,39,14.4,62.2,4.7,01Jan2021-31Dec2023,As Expected,1,66,0.62,1.45,0.2,As Expected,1,103,14.4,32.5,5.5,01Jan2024-31Dec2024,As Expected,1,45,1.16,2.19,0.72,01Jan2023-31Dec2024,As Expected,1,84,1.62,2.52,0.92,01Jan2021-31Dec2023,Worse than Expected,1,94,0.09,0.5,0,01Jan2024-31Dec2024,Not Available,201,,,,As Expected,1,125,54.2,73.3,30.8,01Jul2025-30Sep2025,201,,1,109,1007,94,257,0,,,259,0,,,259,0,,,32,1,0,1,38,1,117,1072,3,1,127,1104,4,20,28,32,16,1,125,1108,28,259,0,,
552838,18,DaVita Redhawk Dialysis,01Jan2021-31Dec2024,3,1,"44605 Avenida De Missiones, Suite 100",,TEMECULA,CA,92592,Riverside,(951) 302-3675,Profit,Yes,DaVita,No,25,Yes,No,No,8/1/18,01Oct2024-30Sep2025,01Oct2024-30Sep2025,01Jan2021-31Dec2024,As Expected,1,353,26,38.5,18.2,01Jan2024-31Dec2024,As Expected,1,90,196.6,299.3,135.5,01Jan2024-31Dec2024,Worse than Expected,1,91,47.7,59,37.1,01Jan2024-31Dec2024,As Expected,1,33,34.6,104.7,14.9,01Jan2021-31Dec2023,As Expected,1,56,0.83,2.11,0.22,As Expected,1,85,24.8,45.7,11.5,01Jan2024-31Dec2024,As Expected,1,39,0.71,1.76,0.36,01Jan2023-31Dec2024,As Expected,1,74,0.94,1.94,0.35,01Jan2021-31Dec2023,As Expected,1,84,1.66,2.9,0.86,01Jan2024-31Dec2024,Better than Expected,1,0,0.4,,As Expected,1,102,59.9,82.2,32.8,01Jul2025-30Sep2025,1,1,280,95,827,,280,0,,,280,0,,,280,0,,,32,1,0,1,28,280,97,866,,280,108,859,,,,,,1,102,892,14,280,0,,
552840,18,DaVita Desert Sands Home Training,01Jan2021-31Dec2024,4,1,78030 Wildcat Dr. Ste 102,,PALM DESERT,CA,92211,Riverside,(760) 772-5608,Profit,Yes,DaVita,No,6,No,Yes,No,5/8/18,01Oct2024-30Sep2025,01Oct2024-30Sep2025,01Jan2021-31Dec2024,As Expected,1,223,21.9,37.4,12.5,01Jan2024-31Dec2024,As Expected,1,54,154.9,278.1,93.4,01Jan2024-31Dec2024,As Expected,1,32,36.9,67.1,15.1,01Jan2024-31Dec2024,As Expected,1,24,49.2,162.8,19.9,01Jan2021-31Dec2023,As Expected,1,19,2.67,5.82,0.98,Better than Expected,1,46,37.6,62.4,18,01Jan2024-31Dec2024,As Expected,1,27,0.91,2.26,0.39,01Jan2023-31Dec2024,As Expected,1,26,1.15,3.43,0.18,01Jan2021-31Dec2023,Not Available,201,0,,,,01Jan2024-31Dec2024,Not Available,201,,,,Not Available,256,0,,,,01Jul2025-30Sep2025,1,0,280,0,,,280,57,446,,280,0,,,280,0,,,31,1,0,1,13,280,57,446,,280,58,438,,,,,,256,0,,,280,0,,
552841,18,DaVita Oceanside Dialysis,01Jan2021-31Dec2024,4,1,4182 Oceanside Blvd,,Oceanside,CA,92056,San Diego,(760) 941-8393,Profit,Yes,DaVita,No,21,Yes,Yes,No,9/12/18,01Oct2024-30Sep2025,01Oct2024-30Sep2025,01Jan2021-31Dec2024,As Expected,1,378,19.2,32.5,11.7,01Jan2024-31Dec2024,As Expected,1,102,149.2,233.7,102.2,01Jan2024-31Dec2024,As Expected,1,83,22.6,35,12.4,01Jan2024-31Dec2024,As Expected,1,45,21.6,71.4,8.7,01Jan2021-31Dec2023,As Expected,1,53,0.56,1.65,0.12,As Expected,1,125,14.6,30.4,6.2,01Jan2024-31Dec2024,As Expected,1,47,0.9,1.93,0.51,01Jan2023-31Dec2024,As Expected,1,73,0.77,1.64,0.26,01Jan2021-31Dec2023,As Expected,1,71,1.52,2.89,0.7,01Jan2024-31Dec2024,As Expected,1,0.66,1.47,0.24,As Expected,1,123,71.5,89.5,49.7,01Jul2025-30Sep2025,1,5,280,117,1033,,280,37,276,,280,0,,,280,0,,,31,1,0,1,35,280,150,1359,,280,153,1305,,,,,,1,123,1114,8,280,0,,
552842,17,DaVita San Ramon Valley Home Training,01Jan2021-31Dec2024,,260,1320 EL CAPITAN DR STE 210,,DANVILLE,CA,94526,Contra Costa,(925) 275-9280,Profit,Yes,DaVita,No,4,No,Yes,Yes,10/25/18,01Oct2024-30Sep2025,01Oct2024-30Sep2025,01Jan2021-31Dec2024,As Expected,1,104,19,39,7.9,01Jan2024-31Dec2024,As Expected,1,26,181.8,353.7,101.5,01Jan2024-31Dec2024,As Expected,1,21,28.9,65.4,7.6,01Jan2024-31Dec2024,Not Available,199,17,,,,01Jan2021-31Dec2023,Not Available,199,20,,,,Better than Expected,1,38,62.6,86.1,31.2,01Jan2024-31Dec2024,As Expected,1,21,0.58,2.27,0.16,01Jan2023-31Dec2024,As Expected,1,20,1.3,3.46,0.25,01Jan2021-31Dec2023,Not Available,201,0,,,,01Jan2024-31Dec2024,Not Available,201,,,,Not Available,201,0,,,,01Jul2025-30Sep2025,1,0,280,0,,,280,47,386,,280,0,,,280,0,,,33,1,0,1,12,280,47,386,,280,48,398,,,,,,201,0,,,280,0,,
552843,18,DaVita Rowland Heights Dialysis,01Jan2021-31Dec2024,2,1,"17875 Colima Rd, Suite A",,City of Industry,CA,91748,Los Angeles,(626) 964-5849,Profit,Yes,DaVita,No,33,Yes,No,Yes,10/17/18,01Oct2024-30Sep2025,01Oct2024-30Sep2025,01Jan2021-31Dec2024,As Expected,1,286,23.8,36.6,16,01Jan2024-31Dec2024,As Expected,1,77,136.1,227.7,86.2,01Jan2024-31Dec2024,As Expected,1,46,31.8,50,16.9,01Jan2024-31Dec2024,As Expected,1,24,62.8,190.2,27.1,01Jan2021-31Dec2023,As Expected,1,32,0.21,1.18,0.01,As Expected,1,104,21.2,41.6,9.2,01Jan2024-31Dec2024,As Expected,1,30,0.76,1.78,0.34,01Jan2023-31Dec2024,As Expected,1,40,0.35,1.23,0.03,01Jan2021-31Dec2023,As Expected,1,65,0.38,1.37,0.05,01Jan2024-31Dec2024,As Expected,1,0.42,1.15,0.11,As Expected,1,111,56.5,77.8,30.5,01Jul2025-30Sep2025,1,2,280,88,724,,280,28,210,,280,0,,,280,0,,,29,1,0,1,28,280,133,1099,,280,140,1067,,,,,,1,111,912,16,280,0,,
552844,18,DaVita Van Nuys Dialysis,01Jan2021-31Dec2024,2,1,14434 Sherman Way,,Van Nuys,CA,91405,Los Angeles,(818) 787-8225,Profit,Yes,DaVita,No,37,Yes,Yes,No,10/19/18,01Oct2024-30Sep2025,01Oct2024-30Sep2025,01Jan2021-31Dec2024,As Expected,1,284,21.4,32.9,14.5,01Jan2024-31Dec2024,As Expected,1,72,129.8,218.9,81.7,01Jan2024-31Dec2024,As Expected,1,61,33.4,47.6,20.9,01Jan2024-31Dec2024,As Expected,1,40,32.7,87,15.6,01Jan2021-31Dec2023,As Expected,1,46,0.35,1.25,0.04,As Expected,1,105,11.5,27.7,4.2,01Jan2024-31Dec2024,As Expected,1,46,0.52,1.29,0.26,01Jan2023-31Dec2024,As Expected,1,82,0.6,1.42,0.19,01Jan2021-31Dec2023,As Expected,1,64,0.7,1.63,0.23,01Jan2024-31Dec2024,Better than Expected,1,0.39,0.95,0.13,As Expected,1,118,68.4,85.6,47.4,01Jul2025-30Sep2025,1,0,280,97,818,,280,6,25,,280,0,,,280,0,,,22,1,2,1,46,280,120,1046,,280,124,998,,,,,,1,118,1056,20,280,0,,
552845,18,DaVita Palms Valley Dialysis,01Jan2021-31Dec2024,3,1,38454 5th Street West,,Palmdale,CA,93551,Los Angeles,(661) 225-9416,Profit,Yes,DaVita,No,34,Yes,Yes,Yes,10/22/18,01Oct2024-30Sep2025,01Oct2024-30Sep2025,01Jan2021-31Dec2024,As Expected,1,409,21,35.3,12.8,01Jan2024-31Dec2024,As Expected,1,121,132.5,199.9,93.6,01Jan2024-31Dec2024,As Expected,1,123,25.3,35.3,16.6,01Jan2024-31Dec2024,As Expected,1,69,28.8,67.1,15.2,01Jan2021-31Dec2023,As Expected,1,41,0.98,2.29,0.32,As Expected,1,173,13.4,25.2,6.7,01Jan2024-31Dec2024,As Expected,1,74,0.89,1.58,0.58,01Jan2023-31Dec2024,As Expected,1,118,0.97,1.66,0.48,01Jan2021-31Dec2023,As Expected,1,61,0.47,1.38,0.1,01Jan2024-31Dec2024,Better than Expected,1,0.15,0.51,0.03,As Expected,1,181,56.4,72.4,36.9,01Jul2025-30Sep2025,1,0,280,151,1406,,280,27,223,,280,0,,,280,0,,,16,1,2,1,61,280,195,1858,,280,205,1762,,,,,,1,181,1648,26,280,0,,
552846,18,DaVita Vista Heights Dialysis Center,01Jan2021-31Dec2024,3,1,"12220 Perris Blvd, Ste A",,Moreno Valley,CA,92557,Riverside,(951) 242-5112,Profit,Yes,DaVita,No,37,Yes,No,No,9/24/18,01Oct2024-30Sep2025,01Oct2024-30Sep2025,01Jan2021-31Dec2024,As Expected,1,400,18.8,31.9,11.3,01Jan2024-31Dec2024,As Expected,1,123,183.8,264.4,135.2,01Jan2024-31Dec2024,As Expected,1,154,26.1,34.8,19.1,01Jan2024-31Dec2024,As Expected,1,41,13,70.8,3.6,01Jan2021-31Dec2023,Worse than Expected,1,51,0,0.55,0,As Expected,1,140,17,32.1,8.2,01Jan2024-31Dec2024,As Expected,1,44,1.03,1.93,0.58,01Jan2023-31Dec2024,As Expected,1,71,1.19,2.12,0.53,01Jan2021-31Dec2023,Better than Expected,1,83,2,3.3,1.12,01Jan2024-31Dec2024,Better than Expected,1,0.19,0.63,0.03,As Expected,1,171,57,74.2,36,01Jul2025-30Sep2025,1,6,280,153,1411,,280,0,,,280,0,,,280,0,,,29,1,3,1,38,280,161,1488,,280,173,1547,,,,,,1,171,1542,16,280,0,,
552847,17,DaVita Arena Dialysis,01Jan2021-31Dec2024,3,1,2980 ADVANTAGE WAY,,SACRAMENTO,CA,95834,Sacramento,(916) 575-7658,Profit,Yes,DaVita,No,24,Yes,Yes,Yes,12/10/18,01Oct2024-30Sep2025,01Oct2024-30Sep2025,01Jan2021-31Dec2024,As Expected,1,332,22.4,34.2,15.2,01Jan2024-31Dec2024,As Expected,1,83,129.8,212.6,83.9,01Jan2024-31Dec2024,As Expected,1,71,31.6,46,19.6,01Jan2024-31Dec2024,As Expected,1,47,27.9,78.7,12.7,01Jan2021-31Dec2023,As Expected,1,50,1.25,2.58,0.5,As Expected,1,123,20.8,37.9,10.1,01Jan2024-31Dec2024,As Expected,1,54,0.96,1.83,0.59,01Jan2023-31Dec2024,As Expected,1,89,1.62,2.51,0.92,01Jan2021-31Dec2023,As Expected,1,39,0.98,2.5,0.27,01Jan2024-31Dec2024,Better than Expected,1,0,0.55,,As Expected,1,91,62.1,82.9,41.7,01Jul2025-30Sep2025,1,0,280,74,673,,280,47,325,,280,0,,,280,0,,,30,1,0,1,40,280,136,1165,,280,139,1200,,,,,,1,91,842,11,280,0,,
552848,17,DaVita Eastridge Dialysis,01Jan2021-31Dec2024,4,1,3501 E CAPITOL EXPRESSWAY,,SAN JOSE,CA,95122,Santa Clara,(408) 929-2274,Profit,Yes,DaVita,No,24,Yes,No,No,1/18/19,01Oct2024-30Sep2025,01Oct2024-30Sep2025,01Jan2021-31Dec2024,As Expected,1,249,19.8,31.3,12.4,01Jan2024-31Dec2024,As Expected,1,56,134.7,224.3,86.7,01Jan2024-31Dec2024,As Expected,1,52,22.5,40.1,9.8,01Jan2024-31Dec2024,As Expected,1,32,32.3,97.7,13.9,01Jan2021-31Dec2023,Not Available,199,23,,,,As Expected,1,47,35.9,62.3,16,01Jan2024-31Dec2024,As Expected,1,33,0.57,1.37,0.25,01Jan2023-31Dec2024,As Expected,1,57,0.48,1.36,0.09,01Jan2021-31Dec2023,As Expected,1,47,0.24,1.35,0.01,01Jan2024-31Dec2024,Better than Expected,1,0,0.45,,As Expected,1,70,69.4,88.9,50.1,01Jul2025-30Sep2025,1,1,280,69,669,,280,0,,,280,0,,,280,0,,,13,1,0,1,23,280,69,671,,280,70,699,,,,,,1,70,694,15,280,0,,
552850,18,USRC Downtown Los Angeles Dialysis,01Jan2021-31Dec2024,4,1,"2511 W 3rd Street, Suite 120",,Los Angeles,CA,90057,Los Angeles,(213) 487-7730,Profit,Yes,"US Renal Care, Inc.",No,24,Yes,Yes,No,10/26/18,01Oct2024-30Sep2025,01Oct2024-30Sep2025,01Jan2021-31Dec2024,As Expected,1,598,19.4,28.3,13.8,01Jan2024-31Dec2024,As Expected,1,131,136.4,205.8,96.4,01Jan2024-31Dec2024,As Expected,1,115,23.8,35.4,14.8,01Jan2024-31Dec2024,As Expected,1,63,28.6,66.6,15.1,01Jan2021-31Dec2023,Not Available,199,45,,,,As Expected,1,110,20.4,38.9,9.3,01Jan2024-31Dec2024,Better than Expected,1,72,0.29,0.81,0.14,01Jan2023-31Dec2024,As Expected,1,134,0.94,1.71,0.42,01Jan2021-31Dec2023,As Expected,1,82,0.56,1.62,0.11,01Jan2024-31Dec2024,Better than Expected,1,0.21,0.71,0.04,As Expected,1,143,71.4,87.4,51.9,01Jul2025-30Sep2025,1,0,1,116,1074,96,1,37,350,90,259,0,,,259,0,,,24,1,0,1,70,1,170,1656,1,1,173,1706,10,25,21,26,17,1,143,1336,8,259,0,,
552852,18,SRS-La Habra Dialysis,01Jan2021-31Dec2024,1,1,1611 W Whittier Blvd,,La Habra,CA,90631,Orange,(562) 267-0430,Profit,No,Independent,No,37,Yes,Yes,No,10/24/18,01Oct2024-30Sep2025,01Oct2024-30Sep2025,01Jan2021-31Dec2024,As Expected,1,93,28.3,50,14.6,01Jan2024-31Dec2024,As Expected,1,25,98.1,265.2,41.1,01Jan2024-31Dec2024,As Expected,1,14,32.8,67.2,9.1,01Jan2024-31Dec2024,Not Available,199,10,,,,01Jan2021-31Dec2023,Not Available,199,16,,,,As Expected,1,28,27.3,66,6.8,01Jan2024-31Dec2024,As Expected,1,13,0.28,2.56,0.03,01Jan2023-31Dec2024,As Expected,1,12,0,1.5,0,01Jan2021-31Dec2023,As Expected,1,24,1.94,4.96,0.53,01Jan2024-31Dec2024,Not Available,201,,,,As Expected,1,32,53.2,67.6,38.3,01Jul2025-30Sep2025,201,,1,30,245,75,201,0,,,259,0,,,259,0,,,,199,,199,9,1,30,245,12,1,28,166,9,24,22,23,22,1,32,256,18,259,0,,
552853,18,Northridge Kidney Care Center,01Jan2021-31Dec2024,3,1,19333 Business Center Drive,,Northridge,CA,91324,Los Angeles,(818) 709-9999,Profit,No,Independent,Yes,45,Yes,No,No,12/13/18,01Oct2024-30Sep2025,01Oct2024-30Sep2025,01Jan2021-31Dec2024,As Expected,1,508,16.3,25.4,10.8,01Jan2024-31Dec2024,As Expected,1,141,145.9,218.4,103.8,01Jan2024-31Dec2024,As Expected,1,145,27.6,38.1,18.9,01Jan2024-31Dec2024,As Expected,1,54,28.1,79.3,12.8,01Jan2021-31Dec2023,As Expected,1,53,1.04,2.44,0.34,As Expected,1,122,27.1,44,15,01Jan2024-31Dec2024,As Expected,1,71,0.77,1.53,0.46,01Jan2023-31Dec2024,As Expected,1,139,0.91,1.46,0.51,01Jan2021-31Dec2023,Worse than Expected,1,97,0.23,0.82,0.03,01Jan2024-31Dec2024,Better than Expected,1,0,0.24,,As Expected,1,174,62.2,77.7,43.5,01Jul2025-30Sep2025,1,100,1,153,1559,96,257,0,,,259,0,,,259,0,,,23,1,0,1,47,1,167,1674,0,1,177,1729,6,31,36,19,7,1,174,1707,18,259,0,,
552854,18,DaVita Torrance Emerald Dialysis,01Jan2021-31Dec2024,3,1,20821 Hawthorne Blvd,,Torrance,CA,90503,Los Angeles,(310) 214-1715,Profit,Yes,DaVita,No,25,Yes,No,No,1/9/19,01Oct2024-30Sep2025,01Oct2024-30Sep2025,01Jan2021-31Dec2024,As Expected,1,260,17.7,28.7,11.3,01Jan2024-31Dec2024,As Expected,1,81,159.4,246.5,108.3,01Jan2024-31Dec2024,As Expected,1,86,31.3,42.7,21.6,01Jan2024-31Dec2024,As Expected,1,39,27.9,84.5,12,01Jan2021-31Dec2023,As Expected,1,64,1.37,2.6,0.63,As Expected,1,77,19.5,41.9,7.5,01Jan2024-31Dec2024,As Expected,1,43,0.84,1.92,0.45,01Jan2023-31Dec2024,As Expected,1,71,0.53,1.27,0.15,01Jan2021-31Dec2023,As Expected,1,98,1.07,1.97,0.51,01Jan2024-31Dec2024,Better than Expected,1,0.23,0.75,0.04,As Expected,1,110,62.5,82.5,38.3,01Jul2025-30Sep2025,1,1,280,99,819,,280,0,,,280,0,,,280,0,,,19,1,0,1,43,280,104,902,,280,111,909,,,,,,1,110,945,18,280,0,,
552855,17,DaVita Curtola Home Training (PD),01Jan2021-31Dec2024,4,1,125 CORPORATE PLACE SUITE B,,VALLEJO,CA,94590,Solano,(707) 642-1240,Profit,Yes,DaVita,No,4,No,Yes,No,2/25/19,01Oct2024-30Sep2025,01Oct2024-30Sep2025,01Jan2021-31Dec2024,As Expected,1,67,25.4,60.3,8.3,01Jan2024-31Dec2024,As Expected,1,17,116.1,341.9,45.1,01Jan2024-31Dec2024,As Expected,1,14,20.2,61.2,2.4,01Jan2024-31Dec2024,Not Available,199,4,,,,01Jan2021-31Dec2023,Not Available,199,17,,,,As Expected,1,29,26.7,62.5,7.4,01Jan2024-31Dec2024,Not Available,199,4,,,,01Jan2023-31Dec2024,Not Available,199,2,,,,01Jan2021-31Dec2023,Not Available,201,0,,,,01Jan2024-31Dec2024,Not Available,201,,,,Not Available,199,1,,,,01Jul2025-30Sep2025,199,,280,0,,,280,31,265,,280,0,,,280,0,,,,199,,199,3,280,32,271,,280,33,283,,,,,,199,1,6,,280,0,,
552856,18,Sierra Valley Dialysis Center,01Jan2021-31Dec2024,3,1,283 North Pearson Drive,,Porterville,CA,93257,Tulare,(559) 854-7225,Profit,Yes,American Renal Associates,No,32,Yes,Yes,No,11/1/18,01Oct2024-30Sep2025,01Oct2024-30Sep2025,01Jan2021-31Dec2024,As Expected,1,453,25.8,38.3,18,01Jan2024-31Dec2024,As Expected,1,109,126.8,196.2,87.7,01Jan2024-31Dec2024,As Expected,1,110,25.4,35.9,16.4,01Jan2024-31Dec2024,As Expected,1,71,33.9,67.7,20.1,01Jan2021-31Dec2023,As Expected,1,64,0.61,1.78,0.13,As Expected,1,117,14.7,31.9,6,01Jan2024-31Dec2024,As Expected,1,76,1.03,1.71,0.71,01Jan2023-31Dec2024,As Expected,1,141,1.16,1.85,0.66,01Jan2021-31Dec2023,Worse than Expected,1,89,0.24,0.88,0.03,01Jan2024-31Dec2024,As Expected,1,0.62,1.22,0.27,As Expected,1,145,63.7,80.5,43.3,01Jul2025-30Sep2025,1,0,1,122,1183,95,199,10,62,,259,0,,,259,0,,,27,1,0,1,52,1,149,1425,1,1,154,1494,9,25,30,22,14,1,145,1359,21,259,0,,
552857,17,DaVita Bidwell Dialysis,01Jan2021-31Dec2024,4,1,966 East Ave,,Chico,CA,95926,Butte,(530) 892-9937,Profit,Yes,DaVita,No,24,Yes,No,No,3/13/19,01Oct2024-30Sep2025,01Oct2024-30Sep2025,01Jan2021-31Dec2024,As Expected,1,198,26.5,42.5,16.4,01Jan2024-31Dec2024,As Expected,1,60,164.3,255.4,112.1,01Jan2024-31Dec2024,As Expected,1,77,25.9,38.2,15.7,01Jan2024-31Dec2024,As Expected,1,39,37.7,95.3,18.7,01Jan2021-31Dec2023,As Expected,1,35,1.67,3.89,0.54,As Expected,1,67,29,53.4,12.7,01Jan2024-31Dec2024,Worse than Expected,1,48,1.53,2.58,1.04,01Jan2023-31Dec2024,As Expected,1,77,1.21,2.08,0.6,01Jan2021-31Dec2023,As Expected,1,39,1.67,3.64,0.61,01Jan2024-31Dec2024,As Expected,1,0.6,1.62,0.15,Better than Expected,1,71,75.2,93.3,57.4,01Jul2025-30Sep2025,1,0,280,56,454,,280,13,101,,280,0,,,280,0,,,19,1,0,1,31,280,79,671,,280,84,649,,,,,,1,71,587,16,280,0,,
552858,18,DaVita Mayfair Dialysis,01Jan2021-31Dec2024,3,1,4930 Paramount Blvd,,Lakewood,CA,90712,Los Angeles,(424) 296-6870,Profit,Yes,DaVita,No,36,Yes,Yes,No,3/18/19,01Oct2024-30Sep2025,01Oct2024-30Sep2025,01Jan2021-31Dec2024,As Expected,1,618,18.8,28.3,13,01Jan2024-31Dec2024,As Expected,1,156,144.1,205.9,106.6,01Jan2024-31Dec2024,As Expected,1,155,24.7,34.3,16.1,01Jan2024-31Dec2024,As Expected,1,66,18.7,56.5,8.1,01Jan2021-31Dec2023,As Expected,1,89,0.53,1.23,0.17,As Expected,1,180,15,27.2,7.7,01Jan2024-31Dec2024,As Expected,1,74,0.86,1.55,0.55,01Jan2023-31Dec2024,As Expected,1,120,0.84,1.49,0.39,01Jan2021-31Dec2023,As Expected,1,91,0.42,1.08,0.11,01Jan2024-31Dec2024,Better than Expected,1,0.29,0.65,0.11,As Expected,1,191,57,72.5,38.1,01Jul2025-30Sep2025,1,0,280,177,1743,,280,32,264,,280,0,,,280,0,,,17,1,0,1,60,280,209,2061,,280,225,2016,,,,,,1,191,1820,21,280,0,,
552859,17,SHC Evergreen,01Jan2021-31Dec2024,4,1,"3251 SOUTH WHITE ROAD, SUITE 10",,SAN JOSE,CA,95148,Santa Clara,(408) 766-6500,Non-profit,Yes,"US Renal Care, Inc.",No,25,Yes,No,No,4/29/19,01Oct2024-30Sep2025,01Oct2024-30Sep2025,01Jan2021-31Dec2024,Better than Expected,1,212,13.2,22.1,7.8,01Jan2024-31Dec2024,As Expected,1,51,124,210.7,78.4,01Jan2024-31Dec2024,As Expected,1,45,22.2,39.1,10,01Jan2024-31Dec2024,As Expected,1,26,24.4,105.5,8,01Jan2021-31Dec2023,As Expected,1,28,1.71,4.38,0.47,As Expected,1,52,27.5,55.8,10.2,01Jan2024-31Dec2024,As Expected,1,30,0.94,2.01,0.47,01Jan2023-31Dec2024,As Expected,1,55,0.85,1.79,0.29,01Jan2021-31Dec2023,As Expected,1,39,0.57,2.08,0.07,01Jan2024-31Dec2024,Better than Expected,1,0,0.49,,As Expected,1,67,67.1,86.5,46.7,01Jul2025-30Sep2025,1,0,1,62,557,90,257,0,,,259,0,,,259,0,,,21,1,0,1,28,1,63,563,0,1,68,589,11,20,25,28,16,1,67,593,18,259,0,,
552860,18,DaVita Indio Dialysis,01Jan2021-31Dec2024,4,1,82900 Ave 42 Suite E,,Indio,CA,92203,Riverside,(760) 342-6842,Profit,Yes,DaVita,No,37,Yes,No,No,2/4/19,01Oct2024-30Sep2025,01Oct2024-30Sep2025,01Jan2021-31Dec2024,As Expected,1,262,25.8,40.9,16.8,01Jan2024-31Dec2024,As Expected,1,72,98,191.5,54.1,01Jan2024-31Dec2024,As Expected,1,37,23.7,47.5,8.7,01Jan2024-31Dec2024,As Expected,1,23,0,43.7,0,01Jan2021-31Dec2023,As Expected,1,37,0.52,1.89,0.06,As Expected,1,69,17.8,42.8,5.9,01Jan2024-31Dec2024,As Expected,1,26,0.87,2.13,0.37,01Jan2023-31Dec2024,As Expected,1,28,1.33,2.51,0.49,01Jan2021-31Dec2023,As Expected,1,53,0.76,1.95,0.21,01Jan2024-31Dec2024,As Expected,1,0.32,1.05,0.05,As Expected,1,86,67.4,87,48.1,01Jul2025-30Sep2025,1,0,280,75,707,,280,0,,,280,0,,,280,0,,,12,1,0,1,17,280,77,726,,280,87,709,,,,,,1,86,773,16,280,0,,
552861,18,DaVita Rose Point Dialysis,01Jan2021-31Dec2024,3,1,400 N Palm Ave,,Wasco,CA,93280,Kern,(661) 758-2360,Profit,Yes,DaVita,No,16,Yes,No,No,5/2/19,01Oct2024-30Sep2025,01Oct2024-30Sep2025,01Jan2021-31Dec2024,As Expected,1,151,22.7,43,11.4,01Jan2024-31Dec2024,As Expected,1,49,113,209.1,66.3,01Jan2024-31Dec2024,As Expected,1,32,14.8,36.9,3.6,01Jan2024-31Dec2024,As Expected,1,26,40,148.3,14.8,01Jan2021-31Dec2023,As Expected,1,26,0.65,2.34,0.08,As Expected,1,69,12.5,36.3,3.4,01Jan2024-31Dec2024,As Expected,1,27,0.61,1.65,0.24,01Jan2023-31Dec2024,As Expected,1,28,0.27,1.48,0.01,01Jan2021-31Dec2023,As Expected,1,35,0.25,1.42,0.01,01Jan2024-31Dec2024,Better than Expected,1,0.18,0.89,0.01,As Expected,1,80,72.1,90.7,53.7,01Jul2025-30Sep2025,1,0,280,75,676,,280,0,,,280,0,,,280,0,,,22,1,0,1,18,280,77,691,,280,79,655,,,,,,1,80,725,10,280,0,,
552863,17,SHC Folsom,01Jan2021-31Dec2024,1,1,210 BLUE RAVINE RD SUITE 100,,FOLSOM,CA,95630,Sacramento,(916) 365-8100,Non-profit,Yes,"US Renal Care, Inc.",No,13,Yes,Yes,Yes,4/24/19,01Oct2024-30Sep2025,01Oct2024-30Sep2025,01Jan2021-31Dec2024,As Expected,1,193,22.9,36,14.5,01Jan2024-31Dec2024,As Expected,1,67,156.6,243.5,106.9,01Jan2024-31Dec2024,As Expected,1,62,25.7,40.3,13.8,01Jan2024-31Dec2024,As Expected,1,32,35.8,108.3,15.5,01Jan2021-31Dec2023,As Expected,1,35,0.88,2.57,0.18,As Expected,1,58,28.5,54.7,11.6,01Jan2024-31Dec2024,As Expected,1,37,1.43,2.37,0.89,01Jan2023-31Dec2024,As Expected,1,62,1.72,2.91,0.87,01Jan2021-31Dec2023,Better than Expected,1,39,2.39,4.72,1.03,01Jan2024-31Dec2024,As Expected,1,0.22,1.07,0.01,As Expected,1,66,52.8,75.1,29.1,01Jul2025-30Sep2025,1,0,1,52,403,87,1,17,144,65,259,0,,,259,0,,,19,1,0,1,21,1,83,695,0,1,85,706,7,19,25,29,21,1,66,559,28,259,0,,
552864,17,FKC SAN MIGUEL,01Jan2021-31Dec2024,3,1,2731 SYSTRON DRIVE SUITE 100,,CONCORD,CA,94518,Contra Costa,(925) 676-6401,Profit,Yes,Fresenius Medical Care,No,25,Yes,Yes,Yes,3/25/19,01Oct2024-30Sep2025,01Oct2024-30Sep2025,01Jan2021-31Dec2024,As Expected,1,200,16.2,27.5,9.4,01Jan2024-31Dec2024,As Expected,1,61,119,197.2,76.9,01Jan2024-31Dec2024,As Expected,1,45,20.8,36.3,9.5,01Jan2024-31Dec2024,As Expected,1,22,19.5,105.7,5.4,01Jan2021-31Dec2023,As Expected,1,33,0.39,2.18,0.01,As Expected,1,60,24.4,51.5,8.9,01Jan2024-31Dec2024,As Expected,1,42,1.12,2.18,0.68,01Jan2023-31Dec2024,As Expected,1,72,1.29,2.2,0.64,01Jan2021-31Dec2023,As Expected,1,63,0.18,1.03,0,01Jan2024-31Dec2024,As Expected,1,0.44,1.46,0.07,As Expected,1,90,64.7,84.3,45.4,01Jul2025-30Sep2025,201,,1,86,692,97,201,0,,,259,0,,,259,0,,,13,1,0,1,38,1,86,709,1,1,92,757,7,21,26,25,22,1,90,749,16,259,0,,
552865,17,FMC Clovis,01Jan2021-31Dec2024,3,1,2585 ALLUVIAL AVE,,CLOVIS,CA,93611,Fresno,(559) 324-8023,Profit,Yes,Fresenius Medical Care,No,25,Yes,No,Yes,3/13/19,01Oct2024-30Sep2025,01Oct2024-30Sep2025,01Jan2021-31Dec2024,As Expected,1,422,21.6,33.4,14.4,01Jan2024-31Dec2024,As Expected,1,118,115.5,184.6,77.7,01Jan2024-31Dec2024,As Expected,1,97,22.9,32.9,14.8,01Jan2024-31Dec2024,As Expected,1,51,11.4,61.8,3.2,01Jan2021-31Dec2023,As Expected,1,77,0.81,1.76,0.3,As Expected,1,127,28.1,45.5,15.5,01Jan2024-31Dec2024,As Expected,1,62,0.69,1.41,0.4,01Jan2023-31Dec2024,As Expected,1,97,0.98,1.77,0.44,01Jan2021-31Dec2023,As Expected,1,123,0.8,1.52,0.37,01Jan2024-31Dec2024,Better than Expected,1,0.14,0.48,0.02,As Expected,1,173,60.6,76.2,41.6,01Jul2025-30Sep2025,201,,1,149,1297,99,257,0,,,259,0,,,259,0,,,13,1,0,1,45,1,157,1403,2,1,178,1485,8,22,24,23,23,1,173,1488,27,259,0,,
552866,17,SHC West Turlock,01Jan2021-31Dec2024,3,1,2350 MaryAnn Dr.,,TURLOCK,CA,95380,Stanislaus,(209) 410-7500,Non-profit,Yes,"US Renal Care, Inc.",No,25,Yes,Yes,No,4/5/19,01Oct2024-30Sep2025,01Oct2024-30Sep2025,01Jan2021-31Dec2024,As Expected,1,257,19.8,31.8,12.8,01Jan2024-31Dec2024,As Expected,1,69,175.4,281.7,115.3,01Jan2024-31Dec2024,As Expected,1,68,26.6,42,14.5,01Jan2024-31Dec2024,As Expected,1,34,44.9,119.2,21.4,01Jan2021-31Dec2023,Better than Expected,1,34,4.06,7.47,1.95,Better than Expected,1,66,35.7,59.7,17.2,01Jan2024-31Dec2024,As Expected,1,38,0.94,1.87,0.49,01Jan2023-31Dec2024,As Expected,1,66,1.12,2.28,0.43,01Jan2021-31Dec2023,As Expected,1,40,0.5,1.82,0.06,01Jan2024-31Dec2024,As Expected,1,0.46,1.24,0.12,As Expected,1,68,47,67.9,24.9,01Jul2025-30Sep2025,1,0,1,59,577,95,1,17,131,90,259,0,,,259,0,,,17,1,4,1,23,1,78,745,1,1,85,775,8,23,23,29,16,1,68,632,31,259,0,,
552867,17,USRC Napa Dialysis,01Jan2021-31Dec2024,5,1,3219 Jefferson Street,,NAPA,CA,94558,Napa,(707) 501-5301,Profit,Yes,"US Renal Care, Inc.",No,13,Yes,Yes,No,5/2/19,01Oct2024-30Sep2025,01Oct2024-30Sep2025,01Jan2021-31Dec2024,As Expected,1,242,24.9,37.2,16.7,01Jan2024-31Dec2024,As Expected,1,65,119.1,208.3,72.6,01Jan2024-31Dec2024,As Expected,1,53,16.6,31.8,6.5,01Jan2024-31Dec2024,As Expected,1,41,38,95.9,18.8,01Jan2021-31Dec2023,As Expected,1,59,1.16,2.52,0.42,Better than Expected,1,81,33.7,54,18,01Jan2024-31Dec2024,As Expected,1,49,0.93,1.95,0.53,01Jan2023-31Dec2024,As Expected,1,75,0.81,1.79,0.27,01Jan2021-31Dec2023,As Expected,1,70,0.42,1.24,0.09,01Jan2024-31Dec2024,Better than Expected,1,0.28,0.92,0.05,As Expected,1,95,66.8,85.8,48,01Jul2025-30Sep2025,1,0,1,88,808,99,1,15,139,90,259,0,,,259,0,,,15,1,0,1,39,1,101,967,1,1,106,1030,5,30,40,17,8,1,95,866,9,259,0,,
552868,17,"SRS-CRESCENT CITY, LLC",01Jan2021-31Dec2024,1,1,"780 EAST WASHINGTON BLVD, BUILDING B",,CRESCENT CITY,CA,95531,Del Norte,(844) 650-7365,Profit,No,Independent,No,9,Yes,Yes,No,5/3/19,01Oct2024-30Sep2025,01Oct2024-30Sep2025,01Jan2021-31Dec2024,As Expected,1,111,28.6,46,16.7,01Jan2024-31Dec2024,As Expected,1,25,99.9,227.3,48.6,01Jan2024-31Dec2024,As Expected,1,19,21.7,55.3,4.3,01Jan2024-31Dec2024,As Expected,1,24,60.1,159.6,28.6,01Jan2021-31Dec2023,Not Available,199,17,,,,As Expected,1,48,23,52.1,7.6,01Jan2024-31Dec2024,Worse than Expected,1,24,2.74,4.48,1.73,01Jan2023-31Dec2024,As Expected,1,23,1.14,3.19,0.19,01Jan2021-31Dec2023,As Expected,1,33,0.7,2.51,0.08,01Jan2024-31Dec2024,Not Available,201,,,,As Expected,1,48,45.3,67,22.4,01Jul2025-30Sep2025,201,,1,44,357,73,199,1,3,,259,0,,,259,0,,,53,1,0,1,15,1,45,360,8,1,50,344,7,22,25,28,18,1,48,359,17,259,0,,
552869,18,FMC-Huntington Beach,01Jan2021-31Dec2024,2,1,"17762 Beach Blvd, Ste 120",,Huntington Beach,CA,92647,Orange,(714) 848-0021,Profit,Yes,Fresenius Medical Care,No,25,Yes,No,No,3/18/19,01Oct2024-30Sep2025,01Oct2024-30Sep2025,01Jan2021-31Dec2024,As Expected,1,139,14,23.4,7.9,01Jan2024-31Dec2024,As Expected,1,40,122.1,217.6,74,01Jan2024-31Dec2024,As Expected,1,51,29.2,43.9,17,01Jan2024-31Dec2024,Not Available,199,17,,,,01Jan2021-31Dec2023,Not Available,199,28,,,,As Expected,1,41,16.2,52.7,3.2,01Jan2024-31Dec2024,As Expected,1,22,0.73,1.74,0.32,01Jan2023-31Dec2024,As Expected,1,45,0.53,1.52,0.1,01Jan2021-31Dec2023,As Expected,1,53,0.47,1.69,0.06,01Jan2024-31Dec2024,Better than Expected,1,0.14,0.69,0.01,As Expected,1,68,65.1,85.5,43.5,01Jul2025-30Sep2025,201,,1,58,389,99,257,0,,,259,0,,,259,0,,,11,1,0,1,19,1,63,449,1,1,68,492,9,18,26,31,16,1,68,479,28,259,0,,
552870,17,FKC CENTRAL VALLEY HOME THERAPY,01Jan2021-31Dec2024,4,1,1899 N HELM AVE STE 102,,FRESNO,CA,93727,Fresno,(559) 452-1014,Profit,Yes,Fresenius Medical Care,No,0,No,Yes,No,4/29/19,01Oct2024-30Sep2025,01Oct2024-30Sep2025,01Jan2021-31Dec2024,As Expected,1,254,26.4,43.8,15.7,01Jan2024-31Dec2024,As Expected,1,58,162.4,275.9,102.7,01Jan2024-31Dec2024,As Expected,1,37,40.2,60.1,22.3,01Jan2024-31Dec2024,As Expected,1,35,21.3,92.2,7,01Jan2021-31Dec2023,As Expected,1,27,1.63,3.55,0.6,Better than Expected,1,90,44.8,64.6,26.5,01Jan2024-31Dec2024,As Expected,1,41,0.43,1.19,0.16,01Jan2023-31Dec2024,As Expected,1,48,1.08,2.38,0.29,01Jan2021-31Dec2023,Not Available,201,0,,,,01Jan2024-31Dec2024,Not Available,201,,,,As Expected,1,13,62.7,100,17.6,01Jul2025-30Sep2025,201,,199,1,1,,1,79,536,95,259,0,,,259,0,,,,199,,199,10,1,91,626,1,1,99,653,6,20,29,24,21,1,13,92,25,259,0,,
552871,18,North Bakersfield Dialysis,01Jan2021-31Dec2024,3,1,"2661 Oswell St, Suite B",,Bakersfield,CA,93306,Kern,(661) 871-3461,Profit,Yes,American Renal Associates,No,30,Yes,Yes,Yes,7/19/19,01Oct2024-30Sep2025,01Oct2024-30Sep2025,01Jan2021-31Dec2024,As Expected,1,391,23.9,38.7,15.2,01Jan2024-31Dec2024,As Expected,1,117,109.5,172.7,74.6,01Jan2024-31Dec2024,As Expected,1,94,27.8,40.8,17,01Jan2024-31Dec2024,As Expected,1,86,26.6,56.7,15,01Jan2021-31Dec2023,As Expected,1,120,0.62,1.21,0.27,As Expected,1,148,19.3,34.5,9.8,01Jan2024-31Dec2024,As Expected,1,91,1.32,1.94,0.98,01Jan2023-31Dec2024,As Expected,1,112,1.33,2.09,0.75,01Jan2021-31Dec2023,As Expected,1,141,0.52,1.03,0.23,01Jan2024-31Dec2024,As Expected,1,0.67,1.22,0.33,As Expected,1,162,64.5,80.2,45.3,01Jul2025-30Sep2025,1,13,1,148,1410,95,1,18,145,84,259,0,,,259,0,,,52,1,0,1,71,1,165,1602,0,1,173,1684,10,23,31,21,14,1,162,1529,22,259,0,,
552872,18,Sanderling Dialysis of Ramona,01Jan2021-31Dec2024,1,1,2102 Main Street,,Ramona,CA,92065,San Diego,(844) 375-7365,Profit,No,Independent,No,12,Yes,No,No,7/8/19,01Oct2024-30Sep2025,01Oct2024-30Sep2025,01Jan2021-31Dec2024,As Expected,1,83,29.4,51.1,15.5,01Jan2024-31Dec2024,As Expected,1,20,141.7,337.9,66.2,01Jan2024-31Dec2024,As Expected,1,17,40.4,78.7,14.4,01Jan2024-31Dec2024,Not Available,199,8,,,,01Jan2021-31Dec2023,Not Available,199,8,,,,As Expected,1,22,4.9,64.9,0.1,01Jan2024-31Dec2024,As Expected,1,10,0.99,2.82,0.36,01Jan2023-31Dec2024,Not Available,199,9,,,,01Jan2021-31Dec2023,As Expected,1,16,0.63,3.52,0.02,01Jan2024-31Dec2024,Not Available,201,,,,As Expected,1,33,50.7,67.3,33.4,01Jul2025-30Sep2025,201,,1,32,276,66,257,0,,,259,0,,,259,0,,,,199,,199,8,1,32,276,39,1,30,172,8,27,26,28,11,1,33,283,15,259,0,,
552873,18,DaVita Bristol Dialysis,01Jan2021-31Dec2024,1,1,1232 S Bristol St,,Santa Ana,CA,92704,Orange,(714) 662-4573,Profit,Yes,DaVita,No,25,Yes,Yes,Yes,8/2/19,01Oct2024-30Sep2025,01Oct2024-30Sep2025,01Jan2021-31Dec2024,As Expected,1,80,29.8,59.2,13,01Jan2024-31Dec2024,Worse than Expected,1,33,245.7,412.2,156.2,01Jan2024-31Dec2024,As Expected,1,48,29.6,45.4,16.3,01Jan2024-31Dec2024,Not Available,199,12,,,,01Jan2021-31Dec2023,As Expected,1,26,0,1.12,0,As Expected,1,71,12,35.5,3.3,01Jan2024-31Dec2024,As Expected,1,13,0.5,2.39,0.11,01Jan2023-31Dec2024,As Expected,1,19,1.21,3.16,0.21,01Jan2021-31Dec2023,As Expected,1,33,0.84,2.47,0.17,01Jan2024-31Dec2024,Better than Expected,1,0,0.39,,As Expected,1,82,62.3,81.7,43.1,01Jul2025-30Sep2025,1,0,280,66,544,,280,5,33,,280,0,,,280,0,,,,199,,199,8,280,78,694,,280,86,668,,,,,,1,82,688,31,280,0,,
552874,18,Central Bakersfield Dialysis Center,01Jan2021-31Dec2024,3,1,"5101 White Ln, Suite A",,Bakersfield,CA,93309,Kern,(661) 398-2251,Profit,Yes,American Renal Associates,No,30,Yes,Yes,Yes,10/30/19,01Oct2024-30Sep2025,01Oct2024-30Sep2025,01Jan2021-31Dec2024,As Expected,1,502,29.8,45,20.5,01Jan2024-31Dec2024,As Expected,1,137,136,204.9,96.3,01Jan2024-31Dec2024,As Expected,1,112,25.3,36.2,16.3,01Jan2024-31Dec2024,As Expected,1,88,30.3,61.8,17.7,01Jan2021-31Dec2023,As Expected,1,184,0.64,1.09,0.34,As Expected,1,188,15.7,27.2,8.4,01Jan2024-31Dec2024,As Expected,1,97,0.81,1.34,0.56,01Jan2023-31Dec2024,As Expected,1,97,1.38,2.25,0.73,01Jan2021-31Dec2023,As Expected,1,186,0.64,1.09,0.34,01Jan2024-31Dec2024,Better than Expected,1,0.06,0.31,0,As Expected,1,195,68.1,82.6,50.5,01Jul2025-30Sep2025,1,0,1,174,1657,98,1,34,264,97,259,0,,,259,0,,,35,1,0,1,74,1,216,2096,0,1,225,2199,9,22,28,27,15,1,195,1880,15,259,0,,
552877,18,DaVita Beach Dialysis,01Jan2021-31Dec2024,3,1,12456 Beach Blvd,,Stanton,CA,90680,Orange,(714) 373-9447,Profit,Yes,DaVita,No,25,Yes,Yes,No,11/18/19,01Oct2024-30Sep2025,01Oct2024-30Sep2025,01Jan2021-31Dec2024,As Expected,1,225,22.9,36,14.5,01Jan2024-31Dec2024,As Expected,1,71,190.9,287.2,134,01Jan2024-31Dec2024,As Expected,1,78,33.1,45,22.4,01Jan2024-31Dec2024,As Expected,1,28,25.7,139.6,7.1,01Jan2021-31Dec2023,As Expected,1,46,0.67,1.96,0.14,As Expected,1,87,19.4,40.1,7.9,01Jan2024-31Dec2024,As Expected,1,36,0.31,1.11,0.09,01Jan2023-31Dec2024,As Expected,1,72,0.4,1.03,0.11,01Jan2021-31Dec2023,As Expected,1,75,0.3,1.08,0.04,01Jan2024-31Dec2024,Better than Expected,1,0,0.41,,As Expected,1,103,66.5,85.9,43,01Jul2025-30Sep2025,1,2,280,81,670,,280,8,56,,280,0,,,280,0,,,28,1,0,1,25,280,106,904,,280,112,951,,,,,,1,103,880,17,280,0,,
552878,17,DaVita San Bruno Dialysis,01Jan2021-31Dec2024,5,1,841 SAN BRUNO AVENUE WEST,,SAN BRUNO,CA,94066,San Mateo,(650) 794-1138,Profit,Yes,DaVita,No,24,Yes,No,No,11/8/19,01Oct2024-30Sep2025,01Oct2024-30Sep2025,01Jan2021-31Dec2024,As Expected,1,329,18.4,27.7,12.7,01Jan2024-31Dec2024,As Expected,1,74,136.5,222.6,88.4,01Jan2024-31Dec2024,As Expected,1,74,33.8,49.9,20.7,01Jan2024-31Dec2024,As Expected,1,18,8.1,152.7,0.9,01Jan2021-31Dec2023,As Expected,1,31,0.93,3.35,0.11,Better than Expected,1,38,41.3,71.4,16.5,01Jan2024-31Dec2024,Worse than Expected,1,31,1.87,3.28,1.11,01Jan2023-31Dec2024,As Expected,1,34,1.18,2.84,0.3,01Jan2021-31Dec2023,As Expected,1,63,0.6,1.75,0.12,01Jan2024-31Dec2024,As Expected,1,0.95,2.29,0.3,As Expected,1,77,67.5,88,47.4,01Jul2025-30Sep2025,1,7,280,66,616,,280,0,,,280,0,,,280,0,,,16,1,0,1,25,280,70,665,,280,78,639,,,,,,1,77,693,10,280,0,,
552879,18,"Northridge Kidney Center, LLC",01Jan2021-31Dec2024,2,1,17710 Roscoe Blvd,,Northridge,CA,91325,Los Angeles,(818) 739-4888,Profit,No,Independent,Yes,24,Yes,Yes,Yes,11/18/19,01Oct2024-30Sep2025,01Oct2024-30Sep2025,01Jan2021-31Dec2024,As Expected,1,399,15.3,25.8,9.4,01Jan2024-31Dec2024,As Expected,1,111,121,186.5,84,01Jan2024-31Dec2024,As Expected,1,114,27.2,39.9,17.5,01Jan2024-31Dec2024,As Expected,1,48,22.1,67,9.6,01Jan2021-31Dec2023,Worse than Expected,1,120,0.13,0.48,0.02,As Expected,1,157,12.2,25.3,5.4,01Jan2024-31Dec2024,As Expected,1,55,0.59,1.31,0.32,01Jan2023-31Dec2024,As Expected,1,127,1.04,1.73,0.53,01Jan2021-31Dec2023,Worse than Expected,1,148,0.37,0.8,0.14,01Jan2024-31Dec2024,Better than Expected,1,0.19,0.52,0.05,As Expected,1,183,66.7,80.2,50.1,01Jul2025-30Sep2025,1,28,1,172,1648,99,1,26,207,95,259,0,,,259,0,,,11,1,0,1,54,1,200,1907,1,1,210,1980,4,23,36,19,17,1,183,1733,23,259,0,,
552881,18,FMC-Palmdale,01Jan2021-31Dec2024,2,1,38910 Trade Center Drive,,Palmdale,CA,93551,Los Angeles,(661) 265-8001,Profit,Yes,Fresenius Medical Care,No,25,Yes,No,No,10/22/19,01Oct2024-30Sep2025,01Oct2024-30Sep2025,01Jan2021-31Dec2024,As Expected,1,460,21.8,35.2,13.9,01Jan2024-31Dec2024,As Expected,1,141,140,210.8,99,01Jan2024-31Dec2024,Better than Expected,1,109,17.2,27,9.9,01Jan2024-31Dec2024,As Expected,1,42,24.1,104.5,7.9,01Jan2021-31Dec2023,As Expected,1,76,0.48,1.41,0.1,As Expected,1,176,10.7,23,4.6,01Jan2024-31Dec2024,As Expected,1,46,0.87,1.76,0.46,01Jan2023-31Dec2024,As Expected,1,58,1.3,2.29,0.59,01Jan2021-31Dec2023,As Expected,1,130,0.57,1.23,0.21,01Jan2024-31Dec2024,Better than Expected,1,0.16,0.44,0.04,As Expected,1,215,53.2,68.5,34.6,01Jul2025-30Sep2025,201,,1,183,1490,99,257,0,,,259,0,,,259,0,,,23,1,0,1,26,1,203,1717,1,1,216,1836,10,21,23,25,22,1,215,1813,32,259,0,,
552883,18,DaVita Harbor Vermont Home Training,01Jan2021-31Dec2024,5,1,21608 S Vermont Ave,,Torrance,CA,90502,Los Angeles,(310) 212-7529,Profit,Yes,DaVita,No,6,No,Yes,Yes,12/20/19,01Oct2024-30Sep2025,01Oct2024-30Sep2025,01Jan2021-31Dec2024,As Expected,1,49,10.5,41.8,1.1,01Jan2024-31Dec2024,As Expected,1,17,65.3,253,19.9,01Jan2024-31Dec2024,Not Available,199,8,,,,01Jan2024-31Dec2024,As Expected,1,14,0,46.8,0,01Jan2021-31Dec2023,As Expected,1,20,0.35,1.97,0.01,As Expected,1,52,15.4,40.5,4.7,01Jan2024-31Dec2024,As Expected,1,16,0.85,2.39,0.32,01Jan2023-31Dec2024,Not Available,199,9,,,,01Jan2021-31Dec2023,Not Available,201,0,,,,01Jan2024-31Dec2024,Not Available,201,,,,Better than Expected,1,12,94.1,100,81.3,01Jul2025-30Sep2025,1,0,280,1,2,,280,37,350,,280,0,,,280,0,,,50,1,0,1,12,280,49,471,,280,49,478,,,,,,1,12,124,0,280,0,,
552884,18,FMC-Paramount Hope Dialysis Center,01Jan2021-31Dec2024,1,1,8319 Alondra Blvd,,Paramount,CA,90723,Los Angeles,(562) 731-0003,Profit,Yes,Fresenius Medical Care,No,24,Yes,Yes,No,12/23/19,01Oct2024-30Sep2025,01Oct2024-30Sep2025,01Jan2021-31Dec2024,As Expected,1,301,23.1,36.1,15.4,01Jan2024-31Dec2024,As Expected,1,109,164.2,249.5,115.4,01Jan2024-31Dec2024,As Expected,1,116,31.7,44.7,20.8,01Jan2024-31Dec2024,As Expected,1,52,44.8,95.5,25.2,01Jan2021-31Dec2023,Worse than Expected,1,70,0,0.52,0,As Expected,1,147,15.9,30.5,7.6,01Jan2024-31Dec2024,As Expected,1,62,0.59,1.29,0.33,01Jan2023-31Dec2024,As Expected,1,122,0.57,1.26,0.19,01Jan2021-31Dec2023,Worse than Expected,1,101,0.22,0.8,0.03,01Jan2024-31Dec2024,Better than Expected,1,0.07,0.36,0,As Expected,1,153,60.4,77.5,39.6,01Jul2025-30Sep2025,201,,1,142,1272,99,1,29,289,96,259,0,,,259,0,,,36,1,0,1,44,1,171,1604,1,1,180,1662,8,22,25,27,18,1,153,1360,28,259,0,,
552885,18,DaVita Glendale Heights,01Jan2021-31Dec2024,5,1,6850 San Fernando Rd,,Glendale,CA,91201,Los Angeles,(818) 563-6102,Profit,Yes,DaVita,No,33,Yes,Yes,No,7/3/19,01Oct2024-30Sep2025,01Oct2024-30Sep2025,01Jan2021-31Dec2024,As Expected,1,590,16.5,25.4,11.1,01Jan2024-31Dec2024,As Expected,1,173,127.4,185,93,01Jan2024-31Dec2024,As Expected,1,141,19.7,29.9,12.3,01Jan2024-31Dec2024,As Expected,1,95,23.7,51.9,13.1,01Jan2021-31Dec2023,As Expected,1,90,0.94,1.73,0.45,As Expected,1,169,20.6,34,11.5,01Jan2024-31Dec2024,As Expected,1,112,0.57,1.02,0.37,01Jan2023-31Dec2024,As Expected,1,138,0.57,1.1,0.23,01Jan2021-31Dec2023,As Expected,1,120,1.25,2.09,0.68,01Jan2024-31Dec2024,As Expected,1,0.7,1.34,0.33,Better than Expected,1,166,81.7,93.5,67.4,01Jul2025-30Sep2025,1,2,280,143,1299,,280,73,639,,280,0,,,280,0,,,12,1,4,1,110,280,226,2156,,280,234,2114,,,,,,1,166,1558,8,280,0,,
552886,18,FMC-North Fontana,01Jan2021-31Dec2024,4,1,16423 Sierra Lakes Pkwy,,Fontana,CA,92336,San Bernardino,(909) 574-2060,Profit,Yes,Fresenius Medical Care,No,25,Yes,No,No,2/3/20,01Oct2024-30Sep2025,01Oct2024-30Sep2025,01Jan2021-31Dec2024,As Expected,1,199,18.5,34,9.7,01Jan2024-31Dec2024,As Expected,1,86,134,226.1,84.3,01Jan2024-31Dec2024,As Expected,1,66,32.7,48.3,20,01Jan2024-31Dec2024,As Expected,1,23,8.7,162.4,0.9,01Jan2021-31Dec2023,As Expected,1,22,0,1.45,0,As Expected,1,108,21.8,39.6,10.6,01Jan2024-31Dec2024,As Expected,1,23,1.56,3.11,0.81,01Jan2023-31Dec2024,As Expected,1,27,1.45,2.96,0.48,01Jan2021-31Dec2023,As Expected,1,39,0.25,1.42,0.01,01Jan2024-31Dec2024,Better than Expected,1,0,0.56,,As Expected,1,132,74.5,90.4,55.1,01Jul2025-30Sep2025,201,,1,120,1074,98,257,0,,,259,0,,,259,0,,,27,1,0,1,22,1,123,1107,1,1,134,1182,10,21,25,26,18,1,132,1148,11,259,0,,
552888,17,SHC San Francisco Geary,01Jan2021-31Dec2024,5,1,3716 GEARY BLVD.,,SAN FRANCISCO,CA,94118,San Francisco,(415) 410-2900,Non-profit,Yes,Satellite Healthcare,No,13,Yes,Yes,Yes,11/15/19,01Oct2024-30Sep2025,01Oct2024-30Sep2025,01Jan2021-31Dec2024,As Expected,1,139,20,35.3,10.3,01Jan2024-31Dec2024,As Expected,1,67,110.7,210.4,63.5,01Jan2024-31Dec2024,As Expected,1,35,20.5,41.6,7.1,01Jan2024-31Dec2024,As Expected,1,25,0,41.9,0,01Jan2021-31Dec2023,Not Available,199,9,,,,Better than Expected,1,76,60.4,78.3,39.1,01Jan2024-31Dec2024,As Expected,1,34,0.41,1.48,0.13,01Jan2023-31Dec2024,As Expected,1,27,1.02,2.97,0.13,01Jan2021-31Dec2023,As Expected,1,24,0.56,3.1,0.01,01Jan2024-31Dec2024,As Expected,1,0.52,2.58,0.03,As Expected,1,47,68.6,91,45,01Jul2025-30Sep2025,1,0,1,39,310,99,1,64,567,91,259,0,,,259,0,,,10,1,0,1,30,1,106,917,1,1,117,987,5,20,31,28,16,1,47,374,10,259,0,,
552889,18,DaVita Baldwin Park,01Jan2021-31Dec2024,4,1,14101 Francisquito Ave,,Baldwin Park,CA,91706,Los Angeles,(626) 337-1847,Profit,Yes,DaVita,No,25,Yes,No,No,12/11/19,01Oct2024-30Sep2025,01Oct2024-30Sep2025,01Jan2021-31Dec2024,As Expected,1,181,24.6,43,13.6,01Jan2024-31Dec2024,As Expected,1,65,130.7,228.5,80.6,01Jan2024-31Dec2024,As Expected,1,45,27.9,47.8,13,01Jan2024-31Dec2024,As Expected,1,24,34.5,128.1,12.8,01Jan2021-31Dec2023,As Expected,1,26,0.63,2.29,0.08,As Expected,1,74,9.9,29.4,2.8,01Jan2024-31Dec2024,As Expected,1,24,0.94,2.07,0.45,01Jan2023-31Dec2024,As Expected,1,37,1.1,2.45,0.35,01Jan2021-31Dec2023,As Expected,1,44,1.28,2.98,0.41,01Jan2024-31Dec2024,As Expected,1,0.38,1.24,0.06,As Expected,1,95,72.9,90.3,55.7,01Jul2025-30Sep2025,1,0,280,83,750,,280,0,,,280,0,,,280,0,,,15,1,0,1,20,280,92,838,,280,95,822,,,,,,1,95,869,8,280,0,,
552890,18,DaVita Telegraph Dialysis,01Jan2021-31Dec2024,3,1,15060 Imperial Hwy,,La Mirada,CA,90638,Los Angeles,(657) 977-3089,Profit,Yes,DaVita,No,31,Yes,Yes,No,12/6/19,01Oct2024-30Sep2025,01Oct2024-30Sep2025,01Jan2021-31Dec2024,As Expected,1,136,27.9,44.4,16.5,01Jan2024-31Dec2024,As Expected,1,38,156.6,276,95.4,01Jan2024-31Dec2024,As Expected,1,48,29.5,45.6,16.9,01Jan2024-31Dec2024,Not Available,199,13,,,,01Jan2021-31Dec2023,As Expected,1,24,0.48,2.67,0.01,As Expected,1,195,26,46.6,12.4,01Jan2024-31Dec2024,As Expected,1,16,0.39,1.4,0.11,01Jan2023-31Dec2024,As Expected,1,48,1.46,2.53,0.67,01Jan2021-31Dec2023,As Expected,1,39,0,1.02,0,01Jan2024-31Dec2024,Better than Expected,1,0,0.75,,As Expected,1,181,64.7,83.1,42.4,01Jul2025-30Sep2025,1,4,280,152,486,,280,21,36,,280,0,,,280,0,,,22,1,6,1,18,280,188,585,,280,180,582,,,,,,1,181,590,16,280,0,,
552891,18,DaVita Rose City Dialysis,01Jan2021-31Dec2024,3,1,1382 Locust St,,Pasadena,CA,91106,Los Angeles,(626) 395-7769,Profit,Yes,DaVita,No,25,Yes,No,No,3/6/20,01Oct2024-30Sep2025,01Oct2024-30Sep2025,01Jan2021-31Dec2024,As Expected,1,118,18.5,34.1,9.1,01Jan2024-31Dec2024,As Expected,1,35,123,231.7,70.6,01Jan2024-31Dec2024,As Expected,1,32,41.6,65.7,22.2,01Jan2024-31Dec2024,Not Available,199,12,,,,01Jan2021-31Dec2023,Not Available,199,8,,,,As Expected,1,91,19.6,45.1,6.7,01Jan2024-31Dec2024,As Expected,1,16,0.44,1.55,0.13,01Jan2023-31Dec2024,Better than Expected,1,39,0,0.76,0,01Jan2021-31Dec2023,As Expected,1,22,0,2.01,0,01Jan2024-31Dec2024,As Expected,1,0.52,1.73,0.09,As Expected,1,123,73.8,97.4,45,01Jul2025-30Sep2025,1,2,280,114,457,,280,0,,,280,0,,,280,0,,,26,1,0,1,19,280,123,485,,280,122,460,,,,,,1,123,498,11,280,0,,
552892,18,FMC-San Juan Capistrano,01Jan2021-31Dec2024,2,1,31001 Rancho Viejo Rd Ste 100,,San Juan Capistrano,CA,92675,Orange,(949) 240-0221,Profit,Yes,Fresenius Medical Care,No,16,Yes,No,No,3/25/20,01Oct2024-30Sep2025,01Oct2024-30Sep2025,01Jan2021-31Dec2024,Not Available,199,25,,,,01Jan2024-31Dec2024,As Expected,1,13,241.5,652.4,101.1,01Jan2024-31Dec2024,As Expected,1,12,34,66.7,10,01Jan2024-31Dec2024,Not Available,199,2,,,,01Jan2021-31Dec2023,Not Available,199,6,,,,Worse than Expected,1,18,0,0,0,01Jan2024-31Dec2024,Not Available,199,2,,,,01Jan2023-31Dec2024,Not Available,199,0,,,,01Jan2021-31Dec2023,Not Available,199,8,,,,01Jan2024-31Dec2024,As Expected,1,0.67,3.3,0.03,As Expected,1,27,59.4,87,30.6,01Jul2025-30Sep2025,201,,1,20,157,99,257,0,,,259,0,,,259,0,,,,199,,199,2,1,22,175,0,1,27,203,6,21,28,28,17,1,27,205,22,259,0,,
552896,18,DaVita Carson Pavilion Dialysis,01Jan2021-31Dec2024,3,1,20930 Chico St,,Carson,CA,90746,Los Angeles,(310) 638-1345,Profit,Yes,DaVita,Yes,25,Yes,Yes,No,12/4/19,01Oct2024-30Sep2025,01Oct2024-30Sep2025,01Jan2021-31Dec2024,As Expected,1,242,24.3,38.1,15.4,01Jan2024-31Dec2024,As Expected,1,83,127.9,206.1,83.9,01Jan2024-31Dec2024,As Expected,1,70,27.6,42.7,16.1,01Jan2024-31Dec2024,As Expected,1,27,0,35.7,0,01Jan2021-31Dec2023,As Expected,1,56,0.56,1.63,0.11,As Expected,1,114,13.9,31.9,5.2,01Jan2024-31Dec2024,As Expected,1,30,0.49,1.65,0.16,01Jan2023-31Dec2024,As Expected,1,19,0.86,2.81,0.09,01Jan2021-31Dec2023,As Expected,1,86,0.6,1.41,0.2,01Jan2024-31Dec2024,As Expected,1,0.47,1.14,0.15,As Expected,1,123,56.3,75.7,32.6,01Jul2025-30Sep2025,1,1,280,100,827,,280,18,175,,280,0,,,280,0,,,19,1,0,1,27,280,130,1130,,280,143,1163,,,,,,1,123,1011,20,280,0,,
552897,18,DaVita Gardena Dialysis,01Jan2021-31Dec2024,1,1,1201 W 155th Street,,Gardena,CA,90247,Los Angeles,(310) 538-6804,Profit,Yes,DaVita,No,25,Yes,Yes,No,2/5/20,01Oct2024-30Sep2025,01Oct2024-30Sep2025,01Jan2021-31Dec2024,As Expected,1,225,20.1,33,12.1,01Jan2024-31Dec2024,Worse than Expected,1,75,215,322.7,150,01Jan2024-31Dec2024,As Expected,1,91,29.9,39.6,21,01Jan2024-31Dec2024,As Expected,1,39,21.8,80.7,8.1,01Jan2021-31Dec2023,Worse than Expected,1,60,0.16,0.89,0,As Expected,1,118,12.5,27.9,5,01Jan2024-31Dec2024,As Expected,1,45,1.57,2.96,0.98,01Jan2023-31Dec2024,As Expected,1,77,1.3,2.22,0.64,01Jan2021-31Dec2023,As Expected,1,75,0.43,1.25,0.09,01Jan2024-31Dec2024,As Expected,1,0.37,1.01,0.09,As Expected,1,110,54.2,76,27.7,01Jul2025-30Sep2025,1,2,280,99,812,,280,32,261,,280,0,,,280,0,,,20,1,3,1,40,280,136,1167,,280,144,1154,,,,,,1,110,905,24,280,0,,
552898,17,DaVita Pearl Dialysis,01Jan2021-31Dec2024,4,1,1492 CONSTITUTION BLVD,,SALINAS,CA,93905,Monterey,(831) 442-1132,Profit,Yes,DaVita,No,24,Yes,No,No,4/24/20,01Oct2024-30Sep2025,01Oct2024-30Sep2025,01Jan2021-31Dec2024,As Expected,1,120,20.9,38.3,10.2,01Jan2024-31Dec2024,As Expected,1,40,159.6,271.1,100.9,01Jan2024-31Dec2024,As Expected,1,35,36.7,56.2,18.3,01Jan2024-31Dec2024,As Expected,1,27,18.6,80.6,6.1,01Jan2021-31Dec2023,As Expected,1,30,1.33,3.41,0.36,As Expected,1,59,29.4,56.5,11.8,01Jan2024-31Dec2024,As Expected,1,33,0.9,1.8,0.47,01Jan2023-31Dec2024,As Expected,1,58,0.78,1.57,0.31,01Jan2021-31Dec2023,As Expected,1,42,0.56,1.64,0.12,01Jan2024-31Dec2024,As Expected,1,0.44,1.45,0.07,As Expected,1,68,73.3,90.6,55,01Jul2025-30Sep2025,1,0,280,61,392,,280,0,,,280,0,,,280,0,,,31,1,0,1,29,280,61,395,,280,66,407,,,,,,1,68,414,10,280,0,,
552899,18,Tricity Riverside Dialysis,01Jan2021-31Dec2024,1,1,7275 Indiana Ave #100,,Riverside,CA,92504,Riverside,(951) 354-3966,Profit,No,Independent,No,22,Yes,Yes,Yes,3/23/20,01Oct2024-30Sep2025,01Oct2024-30Sep2025,01Jan2021-31Dec2024,As Expected,1,236,24.6,38.1,15.8,01Jan2024-31Dec2024,As Expected,1,66,143.9,240.8,91.2,01Jan2024-31Dec2024,As Expected,1,61,22.9,36.2,12.6,01Jan2024-31Dec2024,As Expected,1,26,7,130.8,0.8,01Jan2021-31Dec2023,As Expected,1,52,0.67,1.96,0.14,As Expected,1,69,21.7,45,8.5,01Jan2024-31Dec2024,As Expected,1,33,0.96,1.9,0.51,01Jan2023-31Dec2024,As Expected,1,52,0.54,1.31,0.13,01Jan2021-31Dec2023,Worse than Expected,1,59,0.18,0.98,0,01Jan2024-31Dec2024,Not Available,201,,,,As Expected,1,75,45.8,67.1,24.9,01Jul2025-30Sep2025,1,89,1,69,651,88,1,16,147,14,201,0,,,201,0,,,26,1,0,1,23,1,81,802,2,1,87,814,7,22,31,25,14,1,75,653,34,201,0,,
752500,18,SHC Santa Ana,01Jan2021-31Dec2024,4,1,"2212 E. 4th Street, Suite 101",,Santa Ana,CA,92705,Orange,(714) 418-4646,Profit,Yes,"US Renal Care, Inc.",No,30,Yes,No,No,5/6/20,01Oct2024-30Sep2025,01Oct2024-30Sep2025,01Jan2021-31Dec2024,As Expected,1,356,17.5,29.8,10.5,01Jan2024-31Dec2024,As Expected,1,78,97.7,184.9,57,01Jan2024-31Dec2024,As Expected,1,44,22.1,44.9,8.8,01Jan2024-31Dec2024,As Expected,1,26,0,37.8,0,01Jan2021-31Dec2023,As Expected,1,41,0.93,2.38,0.25,As Expected,1,86,22.8,42.8,10.4,01Jan2024-31Dec2024,As Expected,1,28,1.22,2.64,0.6,01Jan2023-31Dec2024,As Expected,1,24,1.17,2.87,0.26,01Jan2021-31Dec2023,As Expected,1,67,0.92,2.01,0.34,01Jan2024-31Dec2024,As Expected,1,0.55,1.21,0.2,As Expected,1,118,52.4,72.9,27.5,01Jul2025-30Sep2025,1,0,1,103,982,99,257,0,,,259,0,,,259,0,,,7,1,0,1,27,1,117,1087,0,1,120,1136,6,22,27,28,17,1,118,1105,12,259,0,,
752501,18,Monrovia Dialysis Facility,01Jan2021-31Dec2024,3,1,1930 Walker Ave,,Monrovia,CA,91016,Los Angeles,(626) 256-1007,Profit,No,Independent,Yes,25,Yes,No,No,4/22/20,01Oct2024-30Sep2025,01Oct2024-30Sep2025,01Jan2021-31Dec2024,As Expected,1,152,23.1,36.2,14,01Jan2024-31Dec2024,As Expected,1,35,101.5,214.2,52.7,01Jan2024-31Dec2024,As Expected,1,24,32.7,54.3,15.9,01Jan2024-31Dec2024,Not Available,199,13,,,,01Jan2021-31Dec2023,Not Available,199,23,,,,As Expected,1,34,12.2,49.1,2,01Jan2024-31Dec2024,As Expected,1,15,0.21,1.95,0.02,01Jan2023-31Dec2024,Not Available,199,5,,,,01Jan2021-31Dec2023,As Expected,1,41,0.38,2.1,0.01,01Jan2024-31Dec2024,Not Available,201,,,,As Expected,1,46,66.7,88.5,43.8,01Jul2025-30Sep2025,201,,1,43,349,97,257,0,,,259,0,,,259,0,,,,199,,199,10,1,45,373,0,1,48,395,7,18,23,28,25,1,46,376,25,259,0,,
752502,18,DaVita-Atlantic PCH Dialysis,01Jan2021-31Dec2024,1,1,1090 Atlantic Ave,,Long Beach,CA,90813,Los Angeles,(562) 432-8262,Profit,Yes,DaVita,No,20,Yes,No,No,5/8/20,01Oct2024-30Sep2025,01Oct2024-30Sep2025,01Jan2021-31Dec2024,As Expected,1,159,15.1,28.4,7.1,01Jan2024-31Dec2024,As Expected,1,55,182.3,283.5,124.4,01Jan2024-31Dec2024,As Expected,1,64,38.1,50.8,25.8,01Jan2024-31Dec2024,Worse than Expected,1,31,76.4,172.3,41.3,01Jan2021-31Dec2023,As Expected,1,32,0.5,1.82,0.06,As Expected,1,59,5.9,29.2,1,01Jan2024-31Dec2024,As Expected,1,32,1.11,2.15,0.6,01Jan2023-31Dec2024,As Expected,1,46,1,2.08,0.35,01Jan2021-31Dec2023,As Expected,1,47,0.4,1.44,0.05,01Jan2024-31Dec2024,As Expected,1,1.02,2.12,0.41,As Expected,1,69,51.8,71.5,31,01Jul2025-30Sep2025,1,0,280,66,607,,280,7,81,,280,0,,,280,0,,,13,1,4,1,23,280,75,729,,280,77,688,,,,,,1,69,660,27,280,0,,
752503,18,DaVita Universal Huntington Park,01Jan2021-31Dec2024,2,1,1824 E. Slauson Ave,,Vernon,CA,90058,Los Angeles,(323) 364-0188,Profit,Yes,DaVita,No,27,Yes,Yes,Yes,5/14/20,01Oct2024-30Sep2025,01Oct2024-30Sep2025,01Jan2021-31Dec2024,As Expected,1,74,23.4,59.7,6.7,01Jan2024-31Dec2024,As Expected,1,32,121.7,283.2,58.1,01Jan2024-31Dec2024,As Expected,1,16,39.8,74.2,13.7,01Jan2024-31Dec2024,Not Available,199,17,,,,01Jan2021-31Dec2023,Not Available,199,13,,,,As Expected,1,50,5.3,33.2,0.6,01Jan2024-31Dec2024,As Expected,1,20,0.86,2.6,0.29,01Jan2023-31Dec2024,As Expected,1,18,0.42,2.03,0.01,01Jan2021-31Dec2023,As Expected,1,22,0.62,3.47,0.02,01Jan2024-31Dec2024,As Expected,1,0.24,1.18,0.01,As Expected,1,55,68.6,85.7,50.7,01Jul2025-30Sep2025,1,0,280,50,413,,280,4,28,,280,0,,,280,0,,,9,1,0,1,11,280,54,454,,280,56,469,,,,,,1,55,477,25,280,0,,
752504,18,FMC-Panorama City Dialysis,01Jan2021-31Dec2024,5,1,14001 Osborne St,,Arleta,CA,91331,Los Angeles,(818) 830-7336,Profit,Yes,Fresenius Medical Care,No,24,Yes,No,No,5/11/20,01Oct2024-30Sep2025,01Oct2024-30Sep2025,01Jan2021-31Dec2024,As Expected,1,207,12.9,26.2,5.9,01Jan2024-31Dec2024,As Expected,1,96,86,173.4,47.6,01Jan2024-31Dec2024,As Expected,1,49,15.4,35.4,4.6,01Jan2024-31Dec2024,Not Available,199,16,,,,01Jan2021-31Dec2023,As Expected,1,38,0.55,1.97,0.07,As Expected,1,113,12.9,31.4,4.6,01Jan2024-31Dec2024,As Expected,1,17,1.88,4.5,0.8,01Jan2023-31Dec2024,Not Available,199,4,,,,01Jan2021-31Dec2023,Worse than Expected,1,50,0,0.72,0,01Jan2024-31Dec2024,Better than Expected,1,0,0.41,,Better than Expected,1,153,74.2,88.4,57.1,01Jul2025-30Sep2025,201,,1,145,1293,100,257,0,,,259,0,,,259,0,,,27,1,0,1,15,1,145,1316,0,1,155,1392,9,21,29,28,13,1,153,1381,17,259,0,,
752505,17,FMC UNION CITY DIALYSIS,01Jan2021-31Dec2024,5,1,"1320 DECOTO ROAD, STE 100",,UNION CITY,CA,94587,Alameda,(510) 404-2511,Profit,Yes,Fresenius Medical Care,No,36,Yes,No,No,3/28/20,01Oct2024-30Sep2025,01Oct2024-30Sep2025,01Jan2021-31Dec2024,As Expected,1,433,16.4,26.2,10.6,01Jan2024-31Dec2024,As Expected,1,119,105,172.4,69.1,01Jan2024-31Dec2024,As Expected,1,85,23.9,36.6,13.8,01Jan2024-31Dec2024,As Expected,1,46,12.9,55.9,4.3,01Jan2021-31Dec2023,As Expected,1,29,2.18,5.09,0.71,Better than Expected,1,108,31,49.4,17.1,01Jan2024-31Dec2024,As Expected,1,54,1.19,2.18,0.76,01Jan2023-31Dec2024,As Expected,1,85,1.32,2.46,0.59,01Jan2021-31Dec2023,As Expected,1,68,0.47,1.39,0.1,01Jan2024-31Dec2024,As Expected,1,0.56,1.17,0.23,As Expected,1,163,71.2,86.5,52.7,01Jul2025-30Sep2025,201,,1,147,1364,100,257,0,,,259,0,,,259,0,,,18,1,0,1,38,1,157,1470,1,1,165,1531,8,25,26,23,18,1,163,1513,11,259,0,,
752506,17,"SRS-WATSONVILLE DIALYSIS, LLC",01Jan2021-31Dec2024,2,1,"65 NIELSON ST., STE.145",,WATSONVILLE,CA,95076,Santa Cruz,(855) 810-7365,Profit,No,Independent,No,17,Yes,Yes,Yes,6/5/20,01Oct2024-30Sep2025,01Oct2024-30Sep2025,01Jan2021-31Dec2024,As Expected,1,161,20.5,38.1,10.5,01Jan2024-31Dec2024,As Expected,1,49,127,244.3,71.6,01Jan2024-31Dec2024,As Expected,1,28,26,49.6,10,01Jan2024-31Dec2024,As Expected,1,40,36,119.2,14.5,01Jan2021-31Dec2023,As Expected,1,31,0.69,2.5,0.08,As Expected,1,88,28.6,48.2,14.6,01Jan2024-31Dec2024,As Expected,1,44,1.01,2.06,0.52,01Jan2023-31Dec2024,As Expected,1,55,1.82,3.01,0.88,01Jan2021-31Dec2023,Worse than Expected,1,41,0,0.83,0,01Jan2024-31Dec2024,Not Available,201,,,,As Expected,1,77,64.1,82.2,46.1,01Jul2025-30Sep2025,201,,1,68,669,92,199,7,46,,259,0,,,259,0,,,43,1,0,1,40,1,75,715,2,1,82,687,8,18,26,29,19,1,77,678,21,259,0,,
752507,17,DaVita Yolo Dialysis,01Jan2021-31Dec2024,4,1,1840 EAST MAIN STREET,,WOODLAND,CA,95776,Yolo,(530) 662-1364,Profit,Yes,DaVita,No,21,Yes,No,No,4/3/20,01Oct2024-30Sep2025,01Oct2024-30Sep2025,01Jan2021-31Dec2024,As Expected,1,376,25.8,41.2,16.6,01Jan2024-31Dec2024,As Expected,1,114,143.7,221.9,99.6,01Jan2024-31Dec2024,As Expected,1,98,34.2,48.3,21.2,01Jan2024-31Dec2024,As Expected,1,63,13.5,50,5,01Jan2021-31Dec2023,As Expected,1,33,0.87,3.16,0.11,As Expected,1,98,23.3,43.8,10.6,01Jan2024-31Dec2024,Worse than Expected,1,74,1.47,2.3,1.05,01Jan2023-31Dec2024,As Expected,1,91,1.28,2.23,0.6,01Jan2021-31Dec2023,As Expected,1,71,0.32,1.16,0.04,01Jan2024-31Dec2024,As Expected,1,0.8,1.67,0.33,As Expected,1,140,69,86.6,47.6,01Jul2025-30Sep2025,1,0,280,133,1162,,280,0,,,280,0,,,280,0,,,11,1,2,1,47,280,135,1190,,280,140,1218,,,,,,1,140,1248,11,280,0,,
752508,17,DaVita Grant Line Dialysis,01Jan2021-31Dec2024,4,1,"2955 NORTH CORRAL HOLLOW RD, STE 101",,TRACY,CA,95376,San Joaquin,(209) 839-8302,Profit,Yes,DaVita,No,24,Yes,No,No,4/4/20,01Oct2024-30Sep2025,01Oct2024-30Sep2025,01Jan2021-31Dec2024,As Expected,1,158,30.1,47.6,18,01Jan2024-31Dec2024,As Expected,1,39,184.9,313.6,116.4,01Jan2024-31Dec2024,As Expected,1,41,35.8,56.6,19.4,01Jan2024-31Dec2024,Not Available,199,7,,,,01Jan2021-31Dec2023,As Expected,1,31,0.89,3.22,0.11,Better than Expected,1,59,39.4,65.3,18.3,01Jan2024-31Dec2024,As Expected,1,11,0.87,3.15,0.25,01Jan2023-31Dec2024,As Expected,1,22,1.92,4.42,0.43,01Jan2021-31Dec2023,As Expected,1,43,0.79,2.32,0.16,01Jan2024-31Dec2024,Better than Expected,1,0,0.78,,As Expected,1,72,59.6,84.1,35.5,01Jul2025-30Sep2025,1,0,280,62,471,,280,0,,,280,0,,,280,0,,,,199,,199,3,280,65,510,,280,70,505,,,,,,1,72,549,21,280,0,,
752509,18,DaVita Brentwood Home Training,01Jan2021-31Dec2024,,260,11859 Wilshire Blvd. Suite 100,,Los Angeles,CA,90025,Los Angeles,(310) 231-7197,Profit,Yes,DaVita,No,4,No,Yes,Yes,2/5/20,01Oct2024-30Sep2025,01Oct2024-30Sep2025,01Jan2021-31Dec2024,As Expected,1,144,19.2,33.4,10.1,01Jan2024-31Dec2024,As Expected,1,48,213.8,349.8,139,01Jan2024-31Dec2024,As Expected,1,39,35.9,54.4,20.5,01Jan2024-31Dec2024,As Expected,1,27,50.3,152.4,21.7,01Jan2021-31Dec2023,Not Available,199,2,,,,Better than Expected,1,43,48.1,74.2,23.1,01Jan2024-31Dec2024,As Expected,1,32,0.72,1.74,0.32,01Jan2023-31Dec2024,As Expected,1,42,0.51,1.38,0.1,01Jan2021-31Dec2023,Not Available,201,0,,,,01Jan2024-31Dec2024,Not Available,201,,,,Not Available,199,8,,,,01Jul2025-30Sep2025,1,0,280,0,,,280,53,449,,280,0,,,280,0,,,35,1,6,1,17,280,61,504,,280,60,463,,,,,,199,8,61,,280,0,,
752510,18,DaVita Valencia Dialysis,01Jan2021-31Dec2024,3,1,26861 Bouquet Canyon Rd,,Santa Clarita,CA,91350,Los Angeles,(661) 263-3216,Profit,Yes,DaVita,No,12,Yes,Yes,No,7/1/20,01Oct2024-30Sep2025,01Oct2024-30Sep2025,01Jan2021-31Dec2024,As Expected,1,95,20.9,40.2,9.5,01Jan2024-31Dec2024,As Expected,1,33,168.5,299.1,102,01Jan2024-31Dec2024,As Expected,1,36,38.3,60.4,21,01Jan2024-31Dec2024,As Expected,1,16,11.3,212,1.2,01Jan2021-31Dec2023,Not Available,199,16,,,,As Expected,1,42,33.8,63.2,13.2,01Jan2024-31Dec2024,As Expected,1,17,0.76,1.95,0.3,01Jan2023-31Dec2024,Worse than Expected,1,28,2.46,4.39,1.03,01Jan2021-31Dec2023,As Expected,1,26,0.99,3.59,0.12,01Jan2024-31Dec2024,As Expected,1,0.35,1.7,0.02,As Expected,1,37,62.3,86,37.6,01Jul2025-30Sep2025,1,9,280,31,236,,280,17,136,,280,0,,,280,0,,,35,1,0,1,17,280,47,398,,280,50,413,,,,,,1,37,283,26,280,0,,
752511,18,Woodland Hills Dialysis,01Jan2021-31Dec2024,3,1,5939 Canoga Ave,,Woodland Hills,CA,91367,Los Angeles,(818) 884-9999,Profit,No,Independent,Yes,14,Yes,Yes,No,7/2/20,01Oct2024-30Sep2025,01Oct2024-30Sep2025,01Jan2021-31Dec2024,As Expected,1,298,16.4,25.7,10.8,01Jan2024-31Dec2024,As Expected,1,78,132.1,219.3,84.3,01Jan2024-31Dec2024,As Expected,1,62,27.7,41.9,16.1,01Jan2024-31Dec2024,As Expected,1,35,9.4,74.9,2,01Jan2021-31Dec2023,As Expected,1,55,0.49,1.78,0.06,As Expected,1,65,24.6,49.8,9.7,01Jan2024-31Dec2024,As Expected,1,41,0.57,1.26,0.27,01Jan2023-31Dec2024,As Expected,1,78,0.77,1.44,0.36,01Jan2021-31Dec2023,As Expected,1,81,0.9,1.97,0.33,01Jan2024-31Dec2024,Better than Expected,1,0.22,0.71,0.04,As Expected,1,84,55.6,77.6,33.8,01Jul2025-30Sep2025,1,0,1,72,632,99,1,19,164,88,259,0,,,259,0,,,19,1,0,1,31,1,95,825,0,1,107,879,5,30,37,20,9,1,84,697,29,259,0,,
752512,17,DaVita Alvarado Park Home Training,01Jan2021-31Dec2024,5,1,"2415 SAN PABLO ROAD, SUITE 504",,SAN PABLO,CA,94806,Contra Costa,(510) 233-2930,Profit,Yes,DaVita,No,0,No,Yes,Yes,11/26/19,01Oct2024-30Sep2025,01Oct2024-30Sep2025,01Jan2021-31Dec2024,Better than Expected,1,219,9.2,19.8,3.9,01Jan2024-31Dec2024,As Expected,1,66,104.7,204.5,57.8,01Jan2024-31Dec2024,As Expected,1,35,39.9,73.4,17.5,01Jan2024-31Dec2024,As Expected,1,30,0,39.1,0,01Jan2021-31Dec2023,Better than Expected,1,41,2.34,4.45,1.07,Better than Expected,1,84,52.8,70.7,34.1,01Jan2024-31Dec2024,As Expected,1,33,0.88,2.14,0.39,01Jan2023-31Dec2024,As Expected,1,22,0.47,2.43,0.01,01Jan2021-31Dec2023,Not Available,201,0,,,,01Jan2024-31Dec2024,Not Available,201,,,,As Expected,1,15,68.9,100,33.2,01Jul2025-30Sep2025,1,4,280,1,8,,280,79,663,,280,0,,,280,0,,,18,1,0,1,17,280,94,812,,280,99,829,,,,,,1,15,151,9,280,0,,
752513,18,DaVita Westmont,01Jan2021-31Dec2024,1,1,11239 S. Western Ave,,Los Angeles,CA,90047,Los Angeles,(323) 242-3970,Profit,Yes,DaVita,No,25,Yes,No,No,6/24/20,01Oct2024-30Sep2025,01Oct2024-30Sep2025,01Jan2021-31Dec2024,As Expected,1,199,23.3,38.7,13.8,01Jan2024-31Dec2024,As Expected,1,67,173.7,274.5,116.9,01Jan2024-31Dec2024,As Expected,1,60,27.6,41,16.4,01Jan2024-31Dec2024,As Expected,1,30,50.4,133.8,24,01Jan2021-31Dec2023,Worse than Expected,1,77,0,0.39,0,As Expected,1,106,3,23.9,0.3,01Jan2024-31Dec2024,As Expected,1,36,0.57,1.32,0.26,01Jan2023-31Dec2024,As Expected,1,53,1.04,2.27,0.36,01Jan2021-31Dec2023,Worse than Expected,1,102,0.37,0.95,0.1,01Jan2024-31Dec2024,Better than Expected,1,0.26,0.7,0.07,As Expected,1,119,51.6,72.5,26.2,01Jul2025-30Sep2025,1,3,280,107,854,,280,0,,,280,0,,,280,0,,,28,1,0,1,29,280,113,905,,280,122,978,,,,,,1,119,956,31,280,0,,
752514,18,DaVita Hidden Valley,01Jan2021-31Dec2024,3,1,1951 Citracado Pkwy,,Escondido,CA,92029,San Diego,(760) 746-0464,Profit,Yes,DaVita,Yes,37,Yes,Yes,No,6/9/20,01Oct2024-30Sep2025,01Oct2024-30Sep2025,01Jan2021-31Dec2024,As Expected,1,306,26.4,40.2,17.9,01Jan2024-31Dec2024,As Expected,1,100,119.9,204.7,76.4,01Jan2024-31Dec2024,As Expected,1,84,18.6,30.3,10.6,01Jan2024-31Dec2024,As Expected,1,42,10.3,81.7,2.1,01Jan2021-31Dec2023,Worse than Expected,1,95,0.18,0.66,0.02,As Expected,1,127,14.6,31.2,6,01Jan2024-31Dec2024,As Expected,1,51,1.29,2.5,0.78,01Jan2023-31Dec2024,As Expected,1,66,1.47,2.56,0.69,01Jan2021-31Dec2023,As Expected,1,106,1.1,1.98,0.55,01Jan2024-31Dec2024,Better than Expected,1,0.13,0.63,0.01,As Expected,1,126,73.2,91,51.5,01Jul2025-30Sep2025,1,5,280,110,943,,280,41,356,,280,0,,,280,0,,,31,1,0,1,32,280,154,1376,,280,165,1369,,,,,,1,126,1079,4,280,0,,
752515,18,DaVita College Estates Dialysis,01Jan2021-31Dec2024,5,1,1601 Raiders Way,,Oxnard,CA,93033,Ventura,(805) 240-3302,Profit,Yes,DaVita,No,25,Yes,No,No,4/10/20,01Oct2024-30Sep2025,01Oct2024-30Sep2025,01Jan2021-31Dec2024,As Expected,1,290,16.5,27.8,10.1,01Jan2024-31Dec2024,As Expected,1,90,91.8,165.5,55.9,01Jan2024-31Dec2024,As Expected,1,62,17.3,32.4,7.6,01Jan2024-31Dec2024,As Expected,1,38,15,64.9,4.9,01Jan2021-31Dec2023,As Expected,1,43,0.44,1.61,0.05,As Expected,1,106,17.3,34.6,7.6,01Jan2024-31Dec2024,As Expected,1,41,1.23,2.5,0.73,01Jan2023-31Dec2024,As Expected,1,39,0.39,1.36,0.04,01Jan2021-31Dec2023,As Expected,1,77,1.18,2.33,0.51,01Jan2024-31Dec2024,Better than Expected,1,0.36,0.97,0.09,As Expected,1,136,67.1,84,46.6,01Jul2025-30Sep2025,1,0,280,129,1285,,280,0,,,280,0,,,280,0,,,15,1,0,1,33,280,136,1336,,280,138,1265,,,,,,1,136,1357,10,280,0,,
752516,17,DaVita Oakland Laurel Dialysis Center,01Jan2021-31Dec2024,4,1,3814 M,MACARTHUR BLVD STE. 201,OAKLAND,CA,94619,Alameda,(510) 531-6090,Profit,Yes,DaVita,No,24,Yes,No,No,11/13/20,01Oct2024-30Sep2025,01Oct2024-30Sep2025,01Jan2021-31Dec2024,As Expected,1,173,21.6,37.4,12.2,01Jan2024-31Dec2024,As Expected,1,58,143.8,234.5,93.2,01Jan2024-31Dec2024,As Expected,1,69,36,48.9,23.7,01Jan2024-31Dec2024,As Expected,1,29,13.9,75.7,3.9,01Jan2021-31Dec2023,As Expected,1,47,1.29,2.8,0.47,As Expected,1,77,22.8,44.3,9.8,01Jan2024-31Dec2024,As Expected,1,34,1.16,2.11,0.67,01Jan2023-31Dec2024,As Expected,1,69,0.69,1.37,0.27,01Jan2021-31Dec2023,As Expected,1,72,0.84,1.83,0.31,01Jan2024-31Dec2024,As Expected,1,1.58,2.81,0.8,As Expected,1,103,59.8,80.8,34.3,01Jul2025-30Sep2025,1,7,280,94,820,,280,0,,,280,0,,,280,0,,,5,1,0,1,38,280,97,857,,280,103,887,,,,,,1,103,892,17,280,0,,
752517,18,"Universal Artificial Kidney Center, LLC",01Jan2021-31Dec2024,3,1,"4036 Whittier Blvd, Suite 100",,Los Angeles,CA,90023,Los Angeles,(213) 279-1177,Profit,No,Independent,No,16,Yes,No,No,10/26/20,01Oct2024-30Sep2025,01Oct2024-30Sep2025,01Jan2021-31Dec2024,As Expected,1,34,6.1,37.9,0.1,01Jan2024-31Dec2024,As Expected,1,15,194.2,441.9,94.6,01Jan2024-31Dec2024,As Expected,1,19,22.8,50,6.5,01Jan2024-31Dec2024,Not Available,199,4,,,,01Jan2021-31Dec2023,Not Available,199,6,,,,As Expected,1,17,6.6,74.3,0.2,01Jan2024-31Dec2024,As Expected,1,14,1.4,3,0.66,01Jan2023-31Dec2024,As Expected,1,20,1.25,3.26,0.22,01Jan2021-31Dec2023,Not Available,199,9,,,,01Jan2024-31Dec2024,As Expected,1,0,1.88,,As Expected,1,25,73.4,92.1,54,01Jul2025-30Sep2025,201,,1,20,188,99,257,0,,,259,0,,,259,0,,,7,1,0,1,14,1,25,245,0,1,25,251,5,33,44,9,9,1,25,246,23,259,0,,
752518,18,DaVita Discovery Home Training,01Jan2021-31Dec2024,5,1,1503 E. Main St,,Santa Maria,CA,93458,Santa Barbara,(805) 925-1632,Profit,Yes,DaVita,No,5,No,Yes,No,1/8/20,01Oct2024-30Sep2025,01Oct2024-30Sep2025,01Jan2021-31Dec2024,As Expected,1,98,13.9,35.5,4,01Jan2024-31Dec2024,As Expected,1,35,111.3,231.4,58.7,01Jan2024-31Dec2024,As Expected,1,20,12.9,41.4,1.5,01Jan2024-31Dec2024,As Expected,1,28,6.3,119,0.7,01Jan2021-31Dec2023,Not Available,199,11,,,,Better than Expected,1,56,34.9,59.2,16.5,01Jan2024-31Dec2024,As Expected,1,31,1.55,2.85,0.88,01Jan2023-31Dec2024,As Expected,1,35,0.97,2.09,0.32,01Jan2021-31Dec2023,Not Available,201,0,,,,01Jan2024-31Dec2024,Not Available,201,,,,Not Available,199,4,,,,01Jul2025-30Sep2025,1,9,280,0,,,280,59,480,,280,0,,,280,0,,,19,1,0,1,21,280,63,509,,280,63,513,,,,,,199,4,30,,280,0,,
752519,18,USRC Victorville Dialysis,01Jan2021-31Dec2024,2,1,17125 Silica Drive Suite 100,,Victorville,CA,92395,San Bernardino,(760) 904-3570,Profit,Yes,"US Renal Care, Inc.",No,14,Yes,No,No,1/20/21,01Oct2024-30Sep2025,01Oct2024-30Sep2025,01Jan2021-31Dec2024,As Expected,1,250,34.3,52.8,22.2,01Jan2024-31Dec2024,As Expected,1,81,161.3,257.5,106.6,01Jan2024-31Dec2024,As Expected,1,72,36.1,51.8,22.3,01Jan2024-31Dec2024,As Expected,1,24,33.1,143.3,10.9,01Jan2021-31Dec2023,As Expected,1,59,0.46,1.66,0.06,As Expected,1,95,9.9,27.4,3.1,01Jan2024-31Dec2024,As Expected,1,29,1.47,2.74,0.82,01Jan2023-31Dec2024,As Expected,1,46,1.28,2.57,0.48,01Jan2021-31Dec2023,As Expected,1,81,1.05,2.08,0.45,01Jan2024-31Dec2024,As Expected,1,0.37,1,0.09,As Expected,1,116,65.7,83.7,43.9,01Jul2025-30Sep2025,1,0,1,101,842,99,257,0,,,259,0,,,259,0,,,35,1,0,1,17,1,107,896,3,1,116,955,10,28,28,21,13,1,116,954,15,259,0,,
752520,18,DaVita San Marino Home Training Center,01Jan2021-31Dec2024,,260,900 Huntington Drive Suite. B,,San Marino,CA,91108,Los Angeles,(626) 741-1824,Profit,Yes,DaVita,No,7,No,Yes,Yes,11/13/20,01Oct2024-30Sep2025,01Oct2024-30Sep2025,01Jan2021-31Dec2024,As Expected,1,163,11.9,27.9,4.4,01Jan2024-31Dec2024,As Expected,1,59,99.8,200.2,54.7,01Jan2024-31Dec2024,As Expected,1,26,44.7,80.2,19.1,01Jan2024-31Dec2024,As Expected,1,30,12.3,97.8,2.6,01Jan2021-31Dec2023,As Expected,1,21,0.48,2.65,0.01,As Expected,1,67,25.5,49.5,10.6,01Jan2024-31Dec2024,As Expected,1,36,0.58,1.68,0.22,01Jan2023-31Dec2024,As Expected,1,27,0.93,2.53,0.17,01Jan2021-31Dec2023,Not Available,201,0,,,,01Jan2024-31Dec2024,Not Available,201,,,,Not Available,199,6,,,,01Jul2025-30Sep2025,1,0,280,1,2,,280,77,710,,280,0,,,280,0,,,15,1,6,1,33,280,82,770,,280,86,793,,,,,,199,6,61,,280,0,,
752522,17,DaVita Pinole Dialysis Center,01Jan2021-31Dec2024,4,1,1335 PINOLE VALLEY RD,,PINOLE,CA,94564,Contra Costa,(510) 964-9740,Profit,Yes,DaVita,No,24,Yes,No,No,2/19/21,01Oct2024-30Sep2025,01Oct2024-30Sep2025,01Jan2021-31Dec2024,As Expected,1,323,22.3,34.8,14.8,01Jan2024-31Dec2024,As Expected,1,97,104.2,181.3,65.3,01Jan2024-31Dec2024,As Expected,1,69,35.6,51.8,21.5,01Jan2024-31Dec2024,As Expected,1,36,26.3,87.1,10.6,01Jan2021-31Dec2023,As Expected,1,31,2.02,4.4,0.74,As Expected,1,107,27.8,47.3,14.2,01Jan2024-31Dec2024,As Expected,1,41,0.69,1.75,0.34,01Jan2023-31Dec2024,Better than Expected,1,58,0.16,0.87,0,01Jan2021-31Dec2023,As Expected,1,71,0.82,1.79,0.3,01Jan2024-31Dec2024,Better than Expected,1,0,0.35,,As Expected,1,146,63.7,81.3,42.3,01Jul2025-30Sep2025,1,3,280,134,1208,,280,0,,,280,0,,,280,0,,,10,1,0,1,31,280,140,1277,,280,149,1339,,,,,,1,146,1340,14,280,0,,
752523,18,DaVita Chapman Home Training,01Jan2021-31Dec2024,5,1,172 N. Raymond Ave,,Fullerton,CA,92831,Orange,(657) 378-6899,Profit,Yes,DaVita,No,6,No,Yes,Yes,3/15/21,01Oct2024-30Sep2025,01Oct2024-30Sep2025,01Jan2021-31Dec2024,As Expected,1,72,16.5,46.4,3.9,01Jan2024-31Dec2024,As Expected,1,34,109.5,244.1,54.3,01Jan2024-31Dec2024,As Expected,1,19,24.7,53.5,7,01Jan2024-31Dec2024,Not Available,199,15,,,,01Jan2021-31Dec2023,Not Available,199,21,,,,As Expected,1,44,32.8,61.4,13.1,01Jan2024-31Dec2024,As Expected,1,16,0.36,1.48,0.09,01Jan2023-31Dec2024,As Expected,1,14,0.51,2.38,0.02,01Jan2021-31Dec2023,Not Available,201,0,,,,01Jan2024-31Dec2024,Not Available,201,,,,Not Available,199,3,,,,01Jul2025-30Sep2025,1,0,280,0,,,280,48,483,,280,0,,,280,0,,,,199,,199,9,280,51,493,,280,54,483,,,,,,199,3,10,,280,0,,
752525,18,DaVita St. Francis Dialysis,01Jan2021-31Dec2024,2,1,10211 Long Beach Blvd,,Lynwood,CA,90262,Los Angeles,(213) 460-0938,Profit,Yes,DaVita,No,25,Yes,No,No,5/7/21,01Oct2024-30Sep2025,01Oct2024-30Sep2025,01Jan2021-31Dec2024,As Expected,1,55,19.1,53.6,4.6,01Jan2024-31Dec2024,As Expected,1,24,162.9,333.5,87,01Jan2024-31Dec2024,As Expected,1,25,25.6,49.9,9.9,01Jan2024-31Dec2024,Not Available,199,9,,,,01Jan2021-31Dec2023,As Expected,1,23,0,1.07,0,As Expected,1,49,9.9,38.6,1.9,01Jan2024-31Dec2024,As Expected,1,11,0.74,2.24,0.25,01Jan2023-31Dec2024,As Expected,1,14,2.23,4.77,0.57,01Jan2021-31Dec2023,As Expected,1,34,0.57,2.05,0.07,01Jan2024-31Dec2024,Better than Expected,1,0.18,0.88,0.01,As Expected,1,59,72.7,89.5,54.9,01Jul2025-30Sep2025,1,0,280,54,537,,280,0,,,280,0,,,280,0,,,7,1,7,1,15,280,57,559,,280,60,582,,,,,,1,59,569,14,280,0,,
752526,17,SHC MODESTO BRIGGSMORE,01Jan2021-31Dec2024,4,1,"2401 E. ORANGEBURG AVE, SUITE 340",,MODESTO,CA,95355,Stanislaus,(209) 661-5037,Non-profit,Yes,"US Renal Care, Inc.",No,24,Yes,No,No,2/19/21,01Oct2024-30Sep2025,01Oct2024-30Sep2025,01Jan2021-31Dec2024,As Expected,1,241,21.8,35.5,13.2,01Jan2024-31Dec2024,As Expected,1,79,103.7,186.3,61.7,01Jan2024-31Dec2024,As Expected,1,59,30.3,44.8,17.5,01Jan2024-31Dec2024,As Expected,1,40,4.3,80.4,0.5,01Jan2021-31Dec2023,As Expected,1,31,0.93,2.72,0.19,As Expected,1,82,21.8,44.8,8.8,01Jan2024-31Dec2024,As Expected,1,46,1.19,2.41,0.7,01Jan2023-31Dec2024,As Expected,1,60,1.59,2.62,0.82,01Jan2021-31Dec2023,As Expected,1,54,0.87,2.22,0.24,01Jan2024-31Dec2024,Better than Expected,1,0.16,0.78,0.01,As Expected,1,92,65.2,84.3,46.3,01Jul2025-30Sep2025,1,0,1,82,750,94,257,0,,,259,0,,,259,0,,,17,1,0,1,30,1,90,798,0,1,96,845,6,23,30,25,16,1,92,825,21,259,0,,
752527,17,DaVita Castro Valley,01Jan2021-31Dec2024,5,1,20359 LAKE CHABOT ROAD,,CASTRO VALLEY,CA,94546,Alameda,(510) 582-1195,Profit,Yes,DaVita,No,21,Yes,No,No,3/12/21,01Oct2024-30Sep2025,01Oct2024-30Sep2025,01Jan2021-31Dec2024,As Expected,1,197,17.2,29.1,9.9,01Jan2024-31Dec2024,As Expected,1,63,119.8,205.5,74.2,01Jan2024-31Dec2024,As Expected,1,58,22.8,37.4,11.7,01Jan2024-31Dec2024,As Expected,1,43,13.1,56.6,4.3,01Jan2021-31Dec2023,As Expected,1,36,1.84,4.3,0.6,As Expected,1,75,29.9,52.9,14,01Jan2024-31Dec2024,As Expected,1,51,1.08,2.11,0.65,01Jan2023-31Dec2024,As Expected,1,69,0.93,1.83,0.34,01Jan2021-31Dec2023,As Expected,1,59,0.53,1.55,0.11,01Jan2024-31Dec2024,As Expected,1,0.39,1.3,0.07,As Expected,1,103,71.9,90,49.9,01Jul2025-30Sep2025,1,0,280,95,812,,280,0,,,280,0,,,280,0,,,11,1,0,1,47,280,98,853,,280,104,870,,,,,,1,103,914,11,280,0,,
752528,18,DaVita Circle Marina,01Jan2021-31Dec2024,3,1,4223 East Anaheim Street,,Long Beach,CA,90804,Los Angeles,(562) 725-3224,Profit,Yes,DaVita,No,24,Yes,Yes,No,6/4/21,01Oct2024-30Sep2025,01Oct2024-30Sep2025,01Jan2021-31Dec2024,As Expected,1,134,21.4,39.2,10.4,01Jan2024-31Dec2024,As Expected,1,60,157,254.6,103.3,01Jan2024-31Dec2024,As Expected,1,59,29.4,44.9,16.6,01Jan2024-31Dec2024,As Expected,1,30,41.3,136.5,16.7,01Jan2021-31Dec2023,As Expected,1,49,1.31,2.69,0.53,As Expected,1,71,27.8,49.8,13,01Jan2024-31Dec2024,As Expected,1,37,0.96,2.01,0.48,01Jan2023-31Dec2024,As Expected,1,47,1.13,2.2,0.42,01Jan2021-31Dec2023,As Expected,1,51,0.77,1.98,0.21,01Jan2024-31Dec2024,As Expected,1,0.47,1.28,0.12,As Expected,1,63,56.4,78.5,33,01Jul2025-30Sep2025,1,3,280,56,425,,280,27,236,,280,0,,,280,0,,,9,1,4,1,23,280,86,737,,280,93,743,,,,,,1,63,521,18,280,0,,
752529,18,EVN Dialysis Center,01Jan2021-31Dec2024,1,1,18040 Sherman Way #100,,Reseda,CA,91335,Los Angeles,(818) 457-3949,Profit,No,Independent,No,21,Yes,No,No,6/4/21,01Oct2024-30Sep2025,01Oct2024-30Sep2025,01Jan2021-31Dec2024,As Expected,1,185,26.5,43.9,15.7,01Jan2024-31Dec2024,As Expected,1,67,199.9,302.3,139.7,01Jan2024-31Dec2024,As Expected,1,87,32.7,45.1,21.8,01Jan2024-31Dec2024,Not Available,199,23,,,,01Jan2021-31Dec2023,As Expected,1,35,0.66,2.37,0.08,As Expected,1,83,16.4,37.3,6,01Jan2024-31Dec2024,As Expected,1,40,1.21,2.2,0.7,01Jan2023-31Dec2024,As Expected,1,76,0.65,1.26,0.26,01Jan2021-31Dec2023,Worse than Expected,1,85,0.12,0.68,0,01Jan2024-31Dec2024,Not Available,201,,,,Worse than Expected,1,110,24.6,37.1,9.4,01Jul2025-30Sep2025,201,,1,102,859,59,257,0,,,259,0,,,259,0,,,28,1,0,1,32,1,108,918,40,1,81,363,10,30,37,12,11,1,110,890,50,259,0,,
752530,18,SHC Katella,01Jan2021-31Dec2024,3,1,1536 E Katella Avenue,,Orange,CA,92867,Orange,(714) 912-8683,Profit,Yes,"US Renal Care, Inc.",No,24,Yes,Yes,Yes,6/18/21,01Oct2024-30Sep2025,01Oct2024-30Sep2025,01Jan2021-31Dec2024,Better than Expected,1,121,7.5,17.9,2.5,01Jan2024-31Dec2024,As Expected,1,50,129.5,225,80.3,01Jan2024-31Dec2024,As Expected,1,43,27.3,48.2,12.4,01Jan2024-31Dec2024,As Expected,1,23,33.2,123,12.3,01Jan2021-31Dec2023,As Expected,1,19,0.89,3.2,0.11,As Expected,1,48,18,48.4,4.9,01Jan2024-31Dec2024,As Expected,1,26,0.92,1.89,0.47,01Jan2023-31Dec2024,As Expected,1,32,1.6,3.19,0.59,01Jan2021-31Dec2023,As Expected,1,26,0.43,2.42,0.01,01Jan2024-31Dec2024,As Expected,1,0.87,2.37,0.22,As Expected,1,55,65.3,87,42.3,01Jul2025-30Sep2025,1,0,1,50,444,95,1,20,165,91,201,0,,,201,0,,,30,1,0,1,23,1,72,648,0,1,77,685,7,22,24,28,19,1,55,490,11,201,0,,
752531,17,DaVita Vaca Valley Home Training,01Jan2021-31Dec2024,,260,785 ORANGE DR,,VACAVILLE,CA,95687,Solano,(707) 359-1960,Profit,Yes,DaVita,No,0,No,Yes,Yes,4/13/21,01Oct2024-30Sep2025,01Oct2024-30Sep2025,01Jan2021-31Dec2024,As Expected,1,196,16.2,31.3,7.9,01Jan2024-31Dec2024,As Expected,1,65,129.1,230.6,77.2,01Jan2024-31Dec2024,As Expected,1,39,27.4,44.2,13.4,01Jan2024-31Dec2024,As Expected,1,34,45.5,120.9,21.7,01Jan2021-31Dec2023,As Expected,1,37,2.22,4.37,0.96,Better than Expected,1,83,39.3,60.8,21.4,01Jan2024-31Dec2024,As Expected,1,39,1.31,2.29,0.78,01Jan2023-31Dec2024,As Expected,1,42,1.74,3.02,0.79,01Jan2021-31Dec2023,Not Available,201,0,,,,01Jan2024-31Dec2024,Not Available,201,,,,Not Available,199,8,,,,01Jul2025-30Sep2025,1,0,280,0,,,280,86,758,,280,0,,,280,0,,,60,1,0,1,20,280,94,810,,280,95,807,,,,,,199,8,55,,280,0,,
752532,18,"ARA Kaweah Dialysis Center, LLC",01Jan2021-31Dec2024,2,1,3446 S Mooney Boulevard,,Visalia,CA,93277,Tulare,(559) 741-9263,Profit,Yes,American Renal Associates,No,21,Yes,Yes,Yes,7/1/21,01Oct2024-30Sep2025,01Oct2024-30Sep2025,01Jan2021-31Dec2024,As Expected,1,276,18.3,30.2,11.4,01Jan2024-31Dec2024,As Expected,1,94,157.7,250.4,106.7,01Jan2024-31Dec2024,As Expected,1,91,26.5,38.8,16.1,01Jan2024-31Dec2024,As Expected,1,48,22.1,62.2,10.1,01Jan2021-31Dec2023,As Expected,1,56,0.19,1.06,0,As Expected,1,98,25.4,44.9,12.4,01Jan2024-31Dec2024,As Expected,1,54,0.85,1.63,0.52,01Jan2023-31Dec2024,As Expected,1,85,1.59,2.75,0.74,01Jan2021-31Dec2023,As Expected,1,95,0.6,1.39,0.19,01Jan2024-31Dec2024,As Expected,1,0.52,1.08,0.21,As Expected,1,109,43,64.7,16.6,01Jul2025-30Sep2025,1,4,1,80,704,92,1,24,204,98,259,0,,,259,0,,,25,1,0,1,44,1,122,1089,1,1,131,1150,7,34,36,13,9,1,109,928,37,259,0,,
752533,17,DaVita Jensen Avenue Dialysis,01Jan2021-31Dec2024,2,1,4314 E JENSEN AVE,,FRESNO,CA,93725,Fresno,(559) 777-2902,Profit,Yes,DaVita,Yes,20,Yes,No,No,6/17/21,01Oct2024-30Sep2025,01Oct2024-30Sep2025,01Jan2021-31Dec2024,As Expected,1,162,24.1,39.7,13.7,01Jan2024-31Dec2024,As Expected,1,76,169.8,262.7,115.4,01Jan2024-31Dec2024,As Expected,1,94,27.2,37.6,18.2,01Jan2024-31Dec2024,As Expected,1,36,34,112.5,13.7,01Jan2021-31Dec2023,As Expected,1,45,0.47,1.69,0.06,As Expected,1,126,9.8,24.6,3.5,01Jan2024-31Dec2024,As Expected,1,45,1.18,2.16,0.68,01Jan2023-31Dec2024,As Expected,1,62,0.85,1.7,0.33,01Jan2021-31Dec2023,As Expected,1,69,0.32,1.17,0.04,01Jan2024-31Dec2024,Better than Expected,1,0.09,0.45,0.01,As Expected,1,155,64.5,80,45.6,01Jul2025-30Sep2025,1,0,280,140,1124,,280,0,,,280,0,,,280,0,,,17,1,0,1,24,280,145,1170,,280,156,1244,,,,,,1,155,1275,23,280,0,,
752534,17,DaVita American River Dialysis,01Jan2021-31Dec2024,4,1,5238 Manzanita Ave,,Carmichael,CA,95608,Sacramento,(279) 972-9781,Profit,Yes,DaVita,No,23,Yes,Yes,Yes,8/4/21,01Oct2024-30Sep2025,01Oct2024-30Sep2025,01Jan2021-31Dec2024,As Expected,1,191,20.6,36.2,11.4,01Jan2024-31Dec2024,As Expected,1,67,119,210.2,71.9,01Jan2024-31Dec2024,Better than Expected,1,55,10.3,22.9,3,01Jan2024-31Dec2024,As Expected,1,36,25.2,93.4,9.3,01Jan2021-31Dec2023,As Expected,1,43,1.95,4.02,0.78,As Expected,1,96,21.3,42.8,8.9,01Jan2024-31Dec2024,As Expected,1,40,0.84,2,0.44,01Jan2023-31Dec2024,As Expected,1,57,1.09,2.23,0.39,01Jan2021-31Dec2023,As Expected,1,42,0.71,2.08,0.15,01Jan2024-31Dec2024,As Expected,1,0.39,1.3,0.07,As Expected,1,80,61.9,84.6,39.5,01Jul2025-30Sep2025,1,4,280,59,464,,280,44,332,,280,0,,,280,0,,,22,1,0,1,23,280,107,867,,280,121,942,,,,,,1,80,576,23,280,0,,
752535,18,Cudahy Peritoneal Dialysis Center,01Jan2021-31Dec2024,3,1,4566 Florence Ave Suite #3,,Cudahy,CA,90201,Los Angeles,(323) 749-5360,Profit,No,Independent,No,2,No,Yes,No,12/28/21,01Oct2024-30Sep2025,01Oct2024-30Sep2025,01Jan2021-31Dec2024,Not Available,199,29,,,,01Jan2024-31Dec2024,As Expected,1,12,170.8,430.9,76,01Jan2024-31Dec2024,As Expected,1,12,0,35.5,0,01Jan2024-31Dec2024,Not Available,199,7,,,,01Jan2021-31Dec2023,Not Available,199,5,,,,As Expected,1,13,33,77.4,6.6,01Jan2024-31Dec2024,As Expected,1,7,0.65,3.13,0.14,01Jan2023-31Dec2024,As Expected,1,14,1.34,4.37,0.13,01Jan2021-31Dec2023,Not Available,201,0,,,,01Jan2024-31Dec2024,Not Available,201,,,,Not Available,256,0,,,,01Jul2025-30Sep2025,201,,256,0,,,1,13,108,28,259,0,,,259,0,,,,199,,199,4,1,13,108,34,1,11,69,3,16,20,28,33,256,0,,,259,0,,
752536,17,DaVita Fresno Metro Dialysis,01Jan2021-31Dec2024,3,1,4679 W. Spruce Ave Suite 101,,Fresno,CA,93727,Fresno,(559) 899-2360,Profit,Yes,DaVita,Yes,32,Yes,No,No,2/28/22,01Oct2024-30Sep2025,01Oct2024-30Sep2025,01Jan2021-31Dec2024,As Expected,1,92,31.9,61.4,14.5,01Jan2024-31Dec2024,As Expected,1,51,126.3,235.8,73.6,01Jan2024-31Dec2024,As Expected,1,39,31.9,55.3,14.8,01Jan2024-31Dec2024,As Expected,1,26,0,39.8,0,01Jan2021-31Dec2023,As Expected,1,27,0.63,2.29,0.08,As Expected,1,83,18.4,39.8,7.1,01Jan2024-31Dec2024,As Expected,1,30,0.51,1.5,0.18,01Jan2023-31Dec2024,As Expected,1,27,0.33,1.71,0.01,01Jan2021-31Dec2023,As Expected,1,37,0.22,1.25,0.01,01Jan2024-31Dec2024,Better than Expected,1,0.33,0.9,0.08,As Expected,1,102,67.3,85.4,45.2,01Jul2025-30Sep2025,1,2,280,81,675,,280,0,,,280,0,,,280,0,,,12,1,0,1,26,280,93,802,,280,104,812,,,,,,1,102,866,22,280,0,,
752537,17,SHC CENTRAL MERCED,01Jan2021-31Dec2024,3,1,66 WEST OLIVE AVENUE,,MERCED,CA,95348,Merced,(209) 600-4701,Non-profit,Yes,"US Renal Care, Inc.",No,13,Yes,Yes,Yes,2/24/22,01Oct2024-30Sep2025,01Oct2024-30Sep2025,01Jan2021-31Dec2024,As Expected,1,72,30.1,59.8,13.1,01Jan2024-31Dec2024,As Expected,1,29,169,312.5,98.7,01Jan2024-31Dec2024,As Expected,1,35,17.4,34.8,6.3,01Jan2024-31Dec2024,Not Available,199,17,,,,01Jan2021-31Dec2023,Not Available,199,8,,,,As Expected,1,35,18.4,53.7,4.2,01Jan2024-31Dec2024,As Expected,1,20,1.17,2.39,0.59,01Jan2023-31Dec2024,As Expected,1,41,1.73,3.1,0.76,01Jan2021-31Dec2023,As Expected,1,22,0.51,2.83,0.01,01Jan2024-31Dec2024,As Expected,1,1.64,3.62,0.6,As Expected,1,47,60.4,82.7,36.8,01Jul2025-30Sep2025,199,,1,40,306,89,201,0,,,259,0,,,259,0,,,31,1,0,1,13,1,43,337,0,1,47,358,9,26,23,19,23,1,47,366,27,259,0,,
752538,17,DaVita Colma Dialysis,01Jan2021-31Dec2024,4,1,1055 El Camino Real,,Colma,CA,94014,San Mateo,(628) 529-1031,Profit,Yes,DaVita,No,20,Yes,Yes,Yes,11/19/21,01Oct2024-30Sep2025,01Oct2024-30Sep2025,01Jan2021-31Dec2024,As Expected,1,154,20.4,36.6,10.2,01Jan2024-31Dec2024,As Expected,1,57,127.1,229.8,76.1,01Jan2024-31Dec2024,As Expected,1,56,40,58.9,23.8,01Jan2024-31Dec2024,As Expected,1,22,15.7,125,3.3,01Jan2021-31Dec2023,Not Available,199,17,,,,Better than Expected,1,54,49.5,72.9,26.3,01Jan2024-31Dec2024,As Expected,1,27,0.62,1.79,0.23,01Jan2023-31Dec2024,As Expected,1,44,0.93,2.06,0.29,01Jan2021-31Dec2023,As Expected,1,30,0.55,3.07,0.01,01Jan2024-31Dec2024,As Expected,1,0.65,2.14,0.11,As Expected,1,47,72.5,92.5,51.3,01Jul2025-30Sep2025,1,6,280,40,317,,280,33,316,,280,0,,,280,0,,,12,1,0,1,17,280,73,660,,280,77,665,,,,,,1,47,379,8,280,0,,
752539,18,Spectrum Dialysis,01Jan2021-31Dec2024,1,1,18040 Sherman Way Suite 220,,Reseda,CA,91335,Los Angeles,(818) 342-3012,Profit,No,Independent,No,1,No,No,Yes,11/2/21,01Oct2024-30Sep2025,01Oct2024-30Sep2025,01Jan2021-31Dec2024,Worse than Expected,1,156,43.5,60.2,30.6,01Jan2024-31Dec2024,Worse than Expected,1,87,245.4,342.7,183.1,01Jan2024-31Dec2024,As Expected,1,150,29.6,36.4,23.1,01Jan2024-31Dec2024,Worse than Expected,1,39,143.9,258.5,92.3,01Jan2021-31Dec2023,Not Available,199,6,,,,Worse than Expected,1,21,0,0,0,01Jan2024-31Dec2024,Worse than Expected,1,58,2.2,3.43,1.45,01Jan2023-31Dec2024,As Expected,1,120,0.89,1.44,0.49,01Jan2021-31Dec2023,Not Available,199,2,,,,01Jan2024-31Dec2024,Not Available,201,,,,Worse than Expected,1,105,4.8,11.5,0,01Jul2025-30Sep2025,201,,1,14,53,15,257,0,,,259,0,,,259,0,,,79,1,0,1,19,1,115,534,77,1,40,40,23,23,28,23,5,1,105,438,61,259,0,,
752540,18,USRC ORANGE COUNTY HOME,01Jan2021-31Dec2024,3,1,"10941 BLOOMFIELD ST., UNIT C",,LOS ALAMITOS,CA,90720,Orange,(562) 228-1410,Profit,Yes,"US Renal Care, Inc.",No,1,No,Yes,No,11/16/21,01Oct2024-30Sep2025,01Oct2024-30Sep2025,01Jan2021-31Dec2024,As Expected,1,46,30.2,77,8.7,01Jan2024-31Dec2024,As Expected,1,20,162.2,397.2,74,01Jan2024-31Dec2024,As Expected,1,14,27.9,68.3,6.4,01Jan2024-31Dec2024,Not Available,199,4,,,,01Jan2021-31Dec2023,Not Available,199,12,,,,As Expected,1,22,11.4,61.9,1,01Jan2024-31Dec2024,Not Available,199,6,,,,01Jan2023-31Dec2024,Not Available,199,4,,,,01Jan2021-31Dec2023,Not Available,201,0,,,,01Jan2024-31Dec2024,Not Available,201,,,,Not Available,256,0,,,,01Jul2025-30Sep2025,199,,256,0,,,1,30,270,93,259,0,,,259,0,,,,199,,199,4,1,30,270,0,1,32,279,4,18,23,30,25,256,0,,,259,0,,
752541,18,DaVita Brookshire Home Training,01Jan2021-31Dec2024,2,1,"8333 IOWA ST., SUITE 200",,DOWNEY,CA,90241,Los Angeles,(562) 923-0014,Profit,Yes,DaVita,No,1,No,Yes,No,4/22/22,01Oct2024-30Sep2025,01Oct2024-30Sep2025,01Jan2021-31Dec2024,Not Available,199,30,,,,01Jan2024-31Dec2024,As Expected,1,16,142.5,384.9,59.7,01Jan2024-31Dec2024,As Expected,1,12,24,69.4,3,01Jan2024-31Dec2024,Not Available,199,4,,,,01Jan2021-31Dec2023,Not Available,199,7,,,,As Expected,1,32,17.2,52.1,3.8,01Jan2024-31Dec2024,Not Available,199,4,,,,01Jan2023-31Dec2024,Not Available,199,5,,,,01Jan2021-31Dec2023,Not Available,201,0,,,,01Jan2024-31Dec2024,Not Available,201,,,,Not Available,256,0,,,,01Jul2025-30Sep2025,1,0,280,0,,,280,33,276,,280,0,,,280,0,,,,199,,199,5,280,33,276,,280,35,278,,,,,,256,0,,,280,0,,
752542,18,FRESENIUS KIDNEY CARE LONG BEACH MEMORIAL,01Jan2021-31Dec2024,3,1,2789 LONG BEACH BLVD,,LONG BEACH,CA,90806,Los Angeles,(562) 512-8100,Profit,Yes,Fresenius Medical Care,No,21,Yes,Yes,No,4/22/22,01Oct2024-30Sep2025,01Oct2024-30Sep2025,01Jan2021-31Dec2024,As Expected,1,104,14.6,32.7,5.3,01Jan2024-31Dec2024,As Expected,1,59,80.6,148.1,47.6,01Jan2024-31Dec2024,Better than Expected,1,43,8.1,25.2,1.4,01Jan2024-31Dec2024,As Expected,1,36,4.4,83.1,0.5,01Jan2021-31Dec2023,As Expected,1,32,0.21,1.16,0.01,As Expected,1,102,14.2,31.5,5.6,01Jan2024-31Dec2024,As Expected,1,41,0.49,1.3,0.24,01Jan2023-31Dec2024,As Expected,1,36,1.12,2.59,0.31,01Jan2021-31Dec2023,As Expected,1,47,0.24,1.33,0.01,01Jan2024-31Dec2024,Better than Expected,1,0,0.41,,As Expected,1,93,47,67.9,26.5,01Jul2025-30Sep2025,201,,1,73,568,99,1,20,174,97,259,0,,,259,0,,,21,1,0,1,33,1,104,930,0,1,116,1010,8,20,26,23,23,1,93,791,31,259,0,,
752543,18,USRC North Hollywood,01Jan2021-31Dec2024,2,1,13019 Victory Blvd,,North Hollywood,CA,91606,Los Angeles,(323) 678-4840,Profit,Yes,"US Renal Care, Inc.",No,25,Yes,Yes,Yes,4/18/22,01Oct2024-30Sep2025,01Oct2024-30Sep2025,01Jan2021-31Dec2024,As Expected,1,92,19.8,42.2,7.7,01Jan2024-31Dec2024,As Expected,1,48,194.6,315.7,128,01Jan2024-31Dec2024,As Expected,1,54,28.2,43.9,15.6,01Jan2024-31Dec2024,Not Available,199,18,,,,01Jan2021-31Dec2023,Not Available,199,24,,,,As Expected,1,105,10.2,27.7,3.3,01Jan2024-31Dec2024,As Expected,1,22,0.36,1.27,0.11,01Jan2023-31Dec2024,As Expected,1,35,0.37,1.29,0.04,01Jan2021-31Dec2023,As Expected,1,42,1.07,2.74,0.29,01Jan2024-31Dec2024,Better than Expected,1,0.16,0.81,0.01,As Expected,1,150,59,76.3,38.1,01Jul2025-30Sep2025,1,0,1,133,917,95,199,8,78,,259,0,,,259,0,,,55,1,0,1,44,1,146,1069,2,1,166,1150,11,25,28,20,15,1,150,1010,29,259,0,,
752544,18,DaVita USC Korea Town Home Dialysis,01Jan2021-31Dec2024,,260,3660 Wilshire Blvd,Ste 338,Los Angeles,CA,90010,Los Angeles,(213) 900-1416,Profit,Yes,DaVita,No,6,No,Yes,No,5/12/22,01Oct2024-30Sep2025,01Oct2024-30Sep2025,01Jan2021-31Dec2024,Not Available,199,3,,,,01Jan2024-31Dec2024,Not Available,199,1,,,,01Jan2024-31Dec2024,Not Available,199,0,,,,01Jan2024-31Dec2024,Not Available,199,1,,,,01Jan2021-31Dec2023,Not Available,199,4,,,,As Expected,1,19,9.5,52.4,1,01Jan2024-31Dec2024,Not Available,199,1,,,,01Jan2023-31Dec2024,Not Available,199,1,,,,01Jan2021-31Dec2023,Not Available,201,0,,,,01Jan2024-31Dec2024,Not Available,201,,,,Not Available,256,0,,,,01Jul2025-30Sep2025,199,,280,0,,,280,20,182,,280,0,,,280,0,,,,199,,199,2,280,20,182,,280,20,185,,,,,,256,0,,,280,0,,
752545,18,FRESENIUS KIDNEY CARE SAN JOSE HILLS,01Jan2021-31Dec2024,5,1,1287 N HACIENDA BLVD,,LA PUENTE,CA,91744,Los Angeles,(626) 709-4055,Profit,Yes,Fresenius Medical Care,No,25,Yes,Yes,Yes,6/1/22,01Oct2024-30Sep2025,01Oct2024-30Sep2025,01Jan2021-31Dec2024,As Expected,1,129,14.9,35.2,4.9,01Jan2024-31Dec2024,As Expected,1,68,69,162.9,32.8,01Jan2024-31Dec2024,As Expected,1,18,19.8,65.8,1.9,01Jan2024-31Dec2024,Not Available,199,7,,,,01Jan2021-31Dec2023,Not Available,199,13,,,,As Expected,1,105,22.5,41.1,10.8,01Jan2024-31Dec2024,Not Available,199,8,,,,01Jan2023-31Dec2024,Not Available,199,5,,,,01Jan2021-31Dec2023,As Expected,1,26,0.48,2.66,0.01,01Jan2024-31Dec2024,Better than Expected,1,0,0.76,,Better than Expected,1,100,82.7,96.5,66,01Jul2025-30Sep2025,201,,1,89,724,99,1,39,329,99,259,0,,,259,0,,,,199,,199,5,1,129,1085,0,1,141,1213,8,31,35,16,9,1,100,845,9,259,0,,
752546,18,DaVita Alhambra Kidney Care,01Jan2021-31Dec2024,4,1,1237 EAST MAIN STREET,,ALHAMBRA,CA,91801,Los Angeles,(626) 741-0707,Profit,Yes,DaVita,No,25,Yes,Yes,No,6/3/22,01Oct2024-30Sep2025,01Oct2024-30Sep2025,01Jan2021-31Dec2024,As Expected,1,206,25.3,43.3,14.5,01Jan2024-31Dec2024,As Expected,1,81,138.4,244.5,83.6,01Jan2024-31Dec2024,As Expected,1,48,34.1,53.3,18.7,01Jan2024-31Dec2024,As Expected,1,32,21.3,115.4,5.9,01Jan2021-31Dec2023,Not Available,199,13,,,,As Expected,1,59,25.3,51.8,9.7,01Jan2024-31Dec2024,As Expected,1,38,0.55,1.77,0.19,01Jan2023-31Dec2024,As Expected,1,46,0.51,1.52,0.06,01Jan2021-31Dec2023,As Expected,1,32,1.4,4.09,0.29,01Jan2024-31Dec2024,As Expected,1,0.69,1.52,0.25,As Expected,1,93,65.3,85.9,44.9,01Jul2025-30Sep2025,1,0,280,75,645,,280,0,,,280,0,,,280,0,,,9,1,0,1,34,280,88,774,,280,91,769,,,,,,1,93,811,10,280,0,,
752547,17,SHC HOLLISTER,01Jan2021-31Dec2024,5,1,1100 E PARK STREET,,HOLLISTER,CA,95023,San Benito,(831) 665-6115,Non-profit,Yes,"US Renal Care, Inc.",No,1,Yes,Yes,Yes,5/2/22,01Oct2024-30Sep2025,01Oct2024-30Sep2025,01Jan2021-31Dec2024,As Expected,1,67,13.2,33.7,3.8,01Jan2024-31Dec2024,As Expected,1,36,71.2,161.3,35.1,01Jan2024-31Dec2024,Better than Expected,1,20,0,19.6,0,01Jan2024-31Dec2024,As Expected,1,30,21,77.8,7.8,01Jan2021-31Dec2023,Not Available,201,0,,,,Better than Expected,1,48,39.5,67.9,16.8,01Jan2024-31Dec2024,As Expected,1,33,0.86,1.7,0.46,01Jan2023-31Dec2024,As Expected,1,29,1.45,3.38,0.41,01Jan2021-31Dec2023,Not Available,199,6,,,,01Jan2024-31Dec2024,As Expected,1,1.11,3.68,0.19,As Expected,1,52,73.7,95.2,51,01Jul2025-30Sep2025,199,,1,50,411,99,199,5,34,,259,0,,,259,0,,,31,1,0,1,26,1,55,449,0,1,58,456,6,21,29,31,13,1,52,416,7,259,0,,
752548,18,FKC Home Training Center of San Diego,01Jan2021-31Dec2024,3,1,"3939 RUFFIN ROAD, SUITE 100",,SAN DIEGO,CA,92123,San Diego,(858) 868-2675,Profit,Yes,Fresenius Medical Care,No,12,Yes,Yes,Yes,5/3/22,01Oct2024-30Sep2025,01Oct2024-30Sep2025,01Jan2021-31Dec2024,As Expected,1,135,23.1,43.5,10.9,01Jan2024-31Dec2024,As Expected,1,70,161.1,263.8,104.1,01Jan2024-31Dec2024,As Expected,1,79,31.2,45.1,20.2,01Jan2024-31Dec2024,Worse than Expected,1,32,65,157.2,33.3,01Jan2021-31Dec2023,As Expected,1,66,0.77,1.81,0.25,As Expected,1,144,28.4,46.2,15.5,01Jan2024-31Dec2024,As Expected,1,37,0.82,1.82,0.39,01Jan2023-31Dec2024,As Expected,1,53,0.64,1.59,0.17,01Jan2021-31Dec2023,Better than Expected,1,47,19.93,30.77,12.17,01Jan2024-31Dec2024,As Expected,1,0,1.6,,As Expected,1,83,73.4,94.6,52.5,01Jul2025-30Sep2025,201,,201,0,,,1,46,321,95,259,0,,,259,0,,,36,1,0,1,25,1,117,915,2,1,127,1002,9,23,24,27,17,1,83,615,4,259,0,,
752549,18,CARE DIALYSIS CENTER,01Jan2021-31Dec2024,1,1,1510 S CENTRAL AVE STE 140,,GLENDALE,CA,91204,Los Angeles,(818) 453-6111,Profit,No,Independent,No,11,Yes,No,Yes,4/29/22,01Oct2024-30Sep2025,01Oct2024-30Sep2025,01Jan2021-31Dec2024,As Expected,1,79,14.9,31.8,5.8,01Jan2024-31Dec2024,As Expected,1,39,173,288.7,110.5,01Jan2024-31Dec2024,As Expected,1,53,22.2,35.1,12.1,01Jan2024-31Dec2024,Not Available,199,14,,,,01Jan2021-31Dec2023,Not Available,199,10,,,,As Expected,1,40,6.9,50,0.5,01Jan2024-31Dec2024,As Expected,1,20,1.15,2.27,0.59,01Jan2023-31Dec2024,As Expected,1,25,2.22,3.78,0.93,01Jan2021-31Dec2023,As Expected,1,17,0,2.63,0,01Jan2024-31Dec2024,Not Available,201,,,,As Expected,1,63,53.5,75.3,30.5,01Jul2025-30Sep2025,1,100,1,57,486,94,257,0,,,259,0,,,259,0,,,70,1,0,1,20,1,58,492,3,1,68,498,7,18,27,27,21,1,63,495,30,259,0,,
752550,17,FRESENIUS KIDNEY CARE SOUTH SACRAMENTO DIALYSIS,01Jan2021-31Dec2024,1,1,5 MASSIE CT,,SACRAMENTO,CA,95823,Sacramento,(916) 273-3750,Profit,Yes,Fresenius Medical Care,No,25,Yes,Yes,Yes,3/8/22,01Oct2024-30Sep2025,01Oct2024-30Sep2025,01Jan2021-31Dec2024,As Expected,1,68,13.8,38.8,3.3,01Jan2024-31Dec2024,As Expected,1,35,184.6,330.2,111,01Jan2024-31Dec2024,As Expected,1,42,25.4,38.7,14.1,01Jan2024-31Dec2024,As Expected,1,21,63.9,193.6,27.6,01Jan2021-31Dec2023,Not Available,199,14,,,,As Expected,1,60,11.5,35.3,3,01Jan2024-31Dec2024,As Expected,1,23,0.84,1.81,0.41,01Jan2023-31Dec2024,As Expected,1,38,1.05,2.1,0.36,01Jan2021-31Dec2023,Not Available,199,8,,,,01Jan2024-31Dec2024,As Expected,1,0.23,1.16,0.01,As Expected,1,60,46.4,70.2,21.2,01Jul2025-30Sep2025,201,,1,49,401,100,1,16,132,97,259,0,,,259,0,,,33,1,0,1,18,1,72,619,3,1,73,641,9,19,28,28,15,1,60,494,30,259,0,,
752551,17,DaVita Coffee Road Dialysis,01Jan2021-31Dec2024,2,1,1328 COFFEE ROAD,,MODESTO,CA,95355,Stanislaus,(209) 491-3639,Profit,Yes,DaVita,No,24,Yes,No,No,3/7/22,01Oct2024-30Sep2025,01Oct2024-30Sep2025,01Jan2021-31Dec2024,As Expected,1,77,29.7,55.9,14.1,01Jan2024-31Dec2024,Worse than Expected,1,40,246.6,394.7,163.3,01Jan2024-31Dec2024,Worse than Expected,1,52,45.2,59.2,31.1,01Jan2024-31Dec2024,Not Available,199,21,,,,01Jan2021-31Dec2023,Not Available,199,11,,,,As Expected,1,41,19.8,52.4,5.3,01Jan2024-31Dec2024,As Expected,1,23,1.06,2.39,0.48,01Jan2023-31Dec2024,As Expected,1,29,0.5,1.64,0.06,01Jan2021-31Dec2023,As Expected,1,24,0.58,3.24,0.01,01Jan2024-31Dec2024,As Expected,1,0.89,2.42,0.23,As Expected,1,47,63.3,86.7,38.5,01Jul2025-30Sep2025,1,0,280,40,307,,280,0,,,280,0,,,280,0,,,0,1,0,1,11,280,43,324,,280,47,321,,,,,,1,47,345,21,280,0,,
752552,17,DaVita Pleasanton Santa Rita Dialysis,01Jan2021-31Dec2024,4,1,"4270 ROSEWOOD DR., STE E",,PLEASANTON,CA,94588,Alameda,(925) 474-4051,Profit,Yes,DaVita,No,17,Yes,Yes,No,5/20/22,01Oct2024-30Sep2025,01Oct2024-30Sep2025,01Jan2021-31Dec2024,Better than Expected,1,90,6.9,19.2,1.6,01Jan2024-31Dec2024,As Expected,1,50,114.3,203.8,69.3,01Jan2024-31Dec2024,As Expected,1,49,32.4,47.5,18.6,01Jan2024-31Dec2024,As Expected,1,32,56.3,131.1,29.6,01Jan2021-31Dec2023,Not Available,199,15,,,,As Expected,1,39,22.6,55.8,6.3,01Jan2024-31Dec2024,As Expected,1,36,1.5,2.51,0.93,01Jan2023-31Dec2024,As Expected,1,57,1.42,2.52,0.66,01Jan2021-31Dec2023,As Expected,1,36,1.34,3.43,0.37,01Jan2024-31Dec2024,As Expected,1,0.9,2.45,0.23,As Expected,1,68,66.1,84.8,46.3,01Jul2025-30Sep2025,1,0,280,60,460,,280,0,,,280,0,,,280,0,,,14,1,4,1,28,280,63,495,,280,69,487,,,,,,1,68,522,10,280,0,,
752553,18,DaVita Santa Maria Dialysis,01Jan2021-31Dec2024,4,1,1520  N BROADWAY,,SANTA MARIA,CA,93454,Santa Barbara,(805) 345-2416,Profit,Yes,DaVita,No,25,Yes,No,No,4/27/22,01Oct2024-30Sep2025,01Oct2024-30Sep2025,01Jan2021-31Dec2024,As Expected,1,74,27,55.3,11.2,01Jan2024-31Dec2024,As Expected,1,46,108,214.1,59.8,01Jan2024-31Dec2024,As Expected,1,30,32,52.7,15.9,01Jan2024-31Dec2024,As Expected,1,35,12.4,67.3,3.4,01Jan2021-31Dec2023,Not Available,199,10,,,,As Expected,1,62,20.8,48.1,6.9,01Jan2024-31Dec2024,Worse than Expected,1,38,1.75,2.83,1.12,01Jan2023-31Dec2024,As Expected,1,38,1.03,2.29,0.3,01Jan2021-31Dec2023,As Expected,1,17,0,2.45,0,01Jan2024-31Dec2024,As Expected,1,0.23,1.15,0.01,As Expected,1,73,68.9,90.8,47.2,01Jul2025-30Sep2025,1,0,280,68,619,,280,0,,,280,0,,,280,0,,,27,1,0,1,33,280,69,635,,280,73,651,,,,,,1,73,658,9,280,0,,
752554,18,Home Dialysis Therapies of San Diego,01Jan2021-31Dec2024,3,1,1948 VIA CENTRE,,VISTA,CA,92081,San Diego,(760) 295-2255,Profit,No,Independent,No,5,No,Yes,No,7/1/22,01Oct2024-30Sep2025,01Oct2024-30Sep2025,01Jan2021-31Dec2024,Not Available,199,24,,,,01Jan2024-31Dec2024,As Expected,1,11,128.6,399.4,47.7,01Jan2024-31Dec2024,Not Available,199,9,,,,01Jan2024-31Dec2024,Not Available,199,6,,,,01Jan2021-31Dec2023,Not Available,199,5,,,,As Expected,1,24,31.5,68.7,8.8,01Jan2024-31Dec2024,As Expected,1,9,0.22,1.99,0.02,01Jan2023-31Dec2024,Not Available,199,10,,,,01Jan2021-31Dec2023,Not Available,201,0,,,,01Jan2024-31Dec2024,Not Available,201,,,,Not Available,256,0,,,,01Jul2025-30Sep2025,201,,256,0,,,1,24,199,95,259,0,,,259,0,,,,199,,199,7,1,24,199,2,1,27,214,4,21,26,31,18,256,0,,,259,0,,
752555,17,FRESENIUS KIDNEY CARE SOUTH SAN FRANCISCO,01Jan2021-31Dec2024,5,1,160 COUNTRY CLUB DR,,SOUTH SAN FRANCISCO,CA,94080,San Mateo,(650) 825-6060,Profit,Yes,Fresenius Medical Care,No,23,Yes,Yes,Yes,7/1/22,01Oct2024-30Sep2025,01Oct2024-30Sep2025,01Jan2021-31Dec2024,As Expected,1,138,18,33,8.8,01Jan2024-31Dec2024,As Expected,1,73,152.1,253.6,96.7,01Jan2024-31Dec2024,As Expected,1,69,29,43.6,17.3,01Jan2024-31Dec2024,Not Available,199,9,,,,01Jan2021-31Dec2023,As Expected,1,39,1.62,3.78,0.53,Better than Expected,1,79,38.1,59.3,20.7,01Jan2024-31Dec2024,Not Available,199,9,,,,01Jan2023-31Dec2024,As Expected,1,11,0,3.03,0,01Jan2021-31Dec2023,As Expected,1,51,0.66,1.92,0.14,01Jan2024-31Dec2024,As Expected,1,0.34,1.11,0.06,As Expected,1,96,70.2,87.4,53.3,01Jul2025-30Sep2025,201,,1,88,799,99,1,30,215,95,259,0,,,259,0,,,,199,,199,5,1,116,1093,1,1,122,1142,10,26,28,21,15,1,96,885,15,259,0,,
752556,18,USRC BEACH DIALYSIS,01Jan2021-31Dec2024,3,1,16364 BEACH BLVD,,WESTMINSTER,CA,92683,Orange,(657) 334-6213,Profit,Yes,"US Renal Care, Inc.",No,11,Yes,Yes,Yes,11/14/22,01Oct2024-30Sep2025,01Oct2024-30Sep2025,01Jan2021-31Dec2024,As Expected,1,39,27.7,77.6,6.6,01Jan2024-31Dec2024,As Expected,1,27,152.4,327.1,78.1,01Jan2024-31Dec2024,As Expected,1,18,24.7,54.8,6.8,01Jan2024-31Dec2024,Not Available,199,16,,,,01Jan2021-31Dec2023,As Expected,1,12,0.86,3.09,0.1,As Expected,1,34,23.8,58.2,6.6,01Jan2024-31Dec2024,As Expected,1,18,0.26,1.27,0.06,01Jan2023-31Dec2024,As Expected,1,15,0,1.57,0,01Jan2021-31Dec2023,Not Available,199,5,,,,01Jan2024-31Dec2024,As Expected,1,0,2.47,,As Expected,1,24,78.9,100,54.6,01Jul2025-30Sep2025,199,,1,21,193,96,1,20,150,97,259,0,,,259,0,,,25,1,0,1,12,1,41,362,0,1,44,380,9,24,28,17,21,1,24,203,6,259,0,,
752564,18,FRESENIUS KIDNEY CARE MURRIETA DIALYSIS,01Jan2021-31Dec2024,3,1,41549 KALMIA ST,,MURRIETA,CA,92562,Riverside,(951) 304-4783,Profit,Yes,Fresenius Medical Care,No,254,Yes,Yes,Yes,1/20/23,01Oct2024-30Sep2025,01Oct2024-30Sep2025,01Jan2021-31Dec2024,As Expected,1,72,14.9,35.3,4.9,01Jan2024-31Dec2024,As Expected,1,56,161.6,271.8,103.1,01Jan2024-31Dec2024,As Expected,1,54,26.9,43.2,12.8,01Jan2024-31Dec2024,Not Available,199,13,,,,01Jan2021-31Dec2023,Not Available,199,5,,,,As Expected,1,96,23.8,44.2,11,01Jan2024-31Dec2024,As Expected,1,17,1.7,3.5,0.84,01Jan2023-31Dec2024,As Expected,1,16,1.72,4.45,0.38,01Jan2021-31Dec2023,As Expected,1,12,0.91,5.05,0.02,01Jan2024-31Dec2024,Better than Expected,1,0,0.64,,As Expected,1,105,52.2,78.6,20.1,01Jul2025-30Sep2025,201,,1,87,621,97,1,16,131,97,259,0,,,259,0,,,24,1,0,1,17,1,112,860,1,1,121,915,10,22,26,28,14,1,105,763,22,259,0,,
752572,18,"CENTRO DE CUIDADO RENAL, LLC",01Jan2021-31Dec2024,1,1,5949 STATE STREET,,HUNTINGTON PARK,CA,90255,Los Angeles,(323) 400-6595,Profit,No,Independent,No,19,Yes,No,No,2/20/23,01Oct2024-30Sep2025,01Oct2024-30Sep2025,01Jan2021-31Dec2024,As Expected,1,124,23.4,40.6,12.4,01Jan2024-31Dec2024,Worse than Expected,1,66,272.4,386.5,199.9,01Jan2024-31Dec2024,Worse than Expected,1,101,44.9,56.2,33.7,01Jan2024-31Dec2024,Worse than Expected,1,35,60.8,137.1,32.8,01Jan2021-31Dec2023,Worse than Expected,1,34,0,1,0,As Expected,1,97,4.5,21.9,0.8,01Jan2024-31Dec2024,As Expected,1,41,1.41,2.54,0.91,01Jan2023-31Dec2024,As Expected,1,93,0.7,1.29,0.31,01Jan2021-31Dec2023,As Expected,1,56,0.18,1.01,0,01Jan2024-31Dec2024,Not Available,201,,,,Worse than Expected,1,112,3.7,5.7,1.3,01Jul2025-30Sep2025,201,,1,96,944,30,257,0,,,259,0,,,259,0,,,22,1,0,1,27,1,116,1173,83,1,68,68,6,15,29,28,22,1,112,1141,80,259,0,,
752577,18,USRC MLK COMMUNITY DIALYSIS,01Jan2021-31Dec2024,1,1,2600 N. WILMINGTON AVENUE,,COMPTON,CA,90222,Los Angeles,(310) 627-2255,Profit,Yes,"US Renal Care, Inc.",No,25,Yes,Yes,Yes,2/8/23,01Oct2024-30Sep2025,01Oct2024-30Sep2025,01Jan2021-31Dec2024,As Expected,1,56,16.2,52,2.9,01Jan2024-31Dec2024,As Expected,1,42,210.3,345.6,136.1,01Jan2024-31Dec2024,Worse than Expected,1,52,42.4,56.4,28.8,01Jan2024-31Dec2024,As Expected,1,24,23.4,127.1,6.5,01Jan2021-31Dec2023,Not Available,199,8,,,,As Expected,1,144,7.1,19.9,2.3,01Jan2024-31Dec2024,As Expected,1,25,1.33,2.69,0.69,01Jan2023-31Dec2024,As Expected,1,21,1.02,2.9,0.17,01Jan2021-31Dec2023,As Expected,1,41,0.64,1.88,0.13,01Jan2024-31Dec2024,As Expected,1,0.42,1.02,0.14,As Expected,1,132,63.7,80.3,43.7,01Jul2025-30Sep2025,1,0,1,116,892,95,1,18,185,98,259,0,,,259,0,,,43,1,0,1,21,1,139,1150,0,1,150,1254,7,24,27,23,19,1,132,1059,31,259,0,,
752578,18,"CENTRO DE CUIDADO RENAL - ELA, LLC",01Jan2021-31Dec2024,1,1,3575 WHITTIER BLVD,,Los Angeles,CA,90023,Los Angeles,(323) 400-6522,Profit,No,Independent,No,24,Yes,No,No,5/15/23,01Oct2024-30Sep2025,01Oct2024-30Sep2025,01Jan2021-31Dec2024,As Expected,1,73,28.1,57.6,11.6,01Jan2024-31Dec2024,As Expected,1,46,124.4,236.5,71.3,01Jan2024-31Dec2024,As Expected,1,46,21.1,38.1,9.2,01Jan2024-31Dec2024,As Expected,1,20,25,135.6,6.9,01Jan2021-31Dec2023,Not Available,199,28,,,,As Expected,1,85,2.4,21.8,0.2,01Jan2024-31Dec2024,As Expected,1,20,0.86,2.1,0.37,01Jan2023-31Dec2024,As Expected,1,20,0.65,2.09,0.08,01Jan2021-31Dec2023,As Expected,1,34,0.54,1.95,0.07,01Jan2024-31Dec2024,Not Available,201,,,,Worse than Expected,1,96,3.7,6,1.5,01Jul2025-30Sep2025,201,,1,85,779,20,257,0,,,259,0,,,259,0,,,29,1,0,1,17,1,96,873,91,1,27,27,7,26,26,30,11,1,96,880,81,259,0,,
752582,17,SHC North Sunnyvale,01Jan2021-31Dec2024,3,1,610 N PASTORIA AVE,,SUNNYVALE,CA,94085,Santa Clara,(408) 215-1475,Non-profit,Yes,"US Renal Care, Inc.",No,25,Yes,Yes,Yes,6/6/23,01Oct2024-30Sep2025,01Oct2024-30Sep2025,01Jan2021-31Dec2024,As Expected,1,89,26.6,44.8,14.6,01Jan2024-31Dec2024,As Expected,1,88,170.8,253.2,120.6,01Jan2024-31Dec2024,As Expected,1,122,27.4,37.9,18.9,01Jan2024-31Dec2024,As Expected,1,48,39.1,88.3,21.1,01Jan2021-31Dec2023,Not Available,199,1,,,,Better than Expected,1,94,36.7,55.8,21,01Jan2024-31Dec2024,As Expected,1,61,1.37,2.33,0.92,01Jan2023-31Dec2024,As Expected,1,94,1.44,2.37,0.72,01Jan2021-31Dec2023,As Expected,1,15,0,2.84,0,01Jan2024-31Dec2024,Better than Expected,1,0.19,0.62,0.03,As Expected,1,125,51.4,70.8,27.8,01Jul2025-30Sep2025,1,0,1,105,993,96,201,0,,,259,0,,,259,0,,,8,1,0,1,48,1,122,1148,1,1,126,1184,11,23,29,27,10,1,125,1194,26,259,0,,
752588,18,"Advanced Home Dialysis, Inc",01Jan2021-31Dec2024,,260,19231 Victory Blvd #103,,Reseda,CA,91335,Los Angeles,(747) 265-6693,Profit,No,Independent,Yes,1,Yes,Yes,Yes,6/12/23,01Oct2024-30Sep2025,01Oct2024-30Sep2025,01Jan2021-31Dec2024,Not Available,199,3,,,,01Jan2024-31Dec2024,Not Available,199,3,,,,01Jan2024-31Dec2024,Not Available,199,1,,,,01Jan2024-31Dec2024,Not Available,199,3,,,,01Jan2021-31Dec2023,Not Available,201,0,,,,Not Available,199,7,,,,01Jan2024-31Dec2024,Not Available,199,2,,,,01Jan2023-31Dec2024,Not Available,199,0,,,,01Jan2021-31Dec2023,Not Available,201,0,,,,01Jan2024-31Dec2024,Not Available,201,,,,Not Available,199,7,,,,01Jul2025-30Sep2025,201,,199,4,21,,201,0,,,259,0,,,259,0,,,,199,,199,3,199,8,42,,199,10,43,,,,,,199,7,35,,259,0,,
752589,18,DaVita St. Johns Home Training,01Jan2021-31Dec2024,3,1,"1700 N ROSE AVE., STE 370",,OXNARD,CA,93030,Ventura,(805) 919-6943,Profit,Yes,DaVita,No,1,No,Yes,No,4/19/23,01Oct2024-30Sep2025,01Oct2024-30Sep2025,01Jan2021-31Dec2024,Not Available,199,17,,,,01Jan2024-31Dec2024,As Expected,1,15,98.6,489.7,24.2,01Jan2024-31Dec2024,Not Available,199,7,,,,01Jan2024-31Dec2024,Not Available,199,12,,,,01Jan2021-31Dec2023,Not Available,199,3,,,,As Expected,1,38,27.9,57.1,10.1,01Jan2024-31Dec2024,As Expected,1,14,1.26,3.81,0.42,01Jan2023-31Dec2024,Not Available,199,6,,,,01Jan2021-31Dec2023,Not Available,201,0,,,,01Jan2024-31Dec2024,Not Available,201,,,,Not Available,256,0,,,,01Jul2025-30Sep2025,199,,280,0,,,280,39,309,,280,0,,,280,0,,,,199,,199,10,280,39,309,,280,40,320,,,,,,256,0,,,280,0,,
752590,17,DaVita Napa Home Training,01Jan2021-31Dec2024,4,1,"3350 CALIFORNIA BLVD, STE A",,NAPA,CA,94558,Napa,(707) 562-4446,Profit,Yes,DaVita,No,0,No,Yes,No,5/31/23,01Oct2024-30Sep2025,01Oct2024-30Sep2025,01Jan2021-31Dec2024,Not Available,199,9,,,,01Jan2024-31Dec2024,As Expected,1,9,80.5,637.3,13.2,01Jan2024-31Dec2024,Not Available,199,3,,,,01Jan2024-31Dec2024,Not Available,199,4,,,,01Jan2021-31Dec2023,Not Available,199,1,,,,Not Available,199,8,,,,01Jan2024-31Dec2024,Not Available,199,5,,,,01Jan2023-31Dec2024,Not Available,199,2,,,,01Jan2021-31Dec2023,Not Available,201,0,,,,01Jan2024-31Dec2024,Not Available,201,,,,Not Available,256,0,,,,01Jul2025-30Sep2025,199,,280,0,,,280,12,97,,280,0,,,280,0,,,,199,,199,2,280,12,97,,280,12,100,,,,,,256,0,,,280,0,,
752592,17,DaVita Folsom Dialysis,01Jan2021-31Dec2024,5,1,2195 IRON POINT RD,,FOLSOM,CA,95630,Sacramento,(279) 278-9702,Profit,Yes,DaVita,No,20,Yes,Yes,Yes,11/7/23,01Oct2024-30Sep2025,01Oct2024-30Sep2025,01Jan2021-31Dec2024,As Expected,1,31,7.1,43.6,0.1,01Jan2024-31Dec2024,As Expected,1,30,56.7,201.4,18.7,01Jan2024-31Dec2024,As Expected,1,13,23.7,70.2,3.1,01Jan2024-31Dec2024,Not Available,199,17,,,,01Jan2021-31Dec2023,Not Available,201,0,,,,As Expected,1,39,29.5,61.3,9.9,01Jan2024-31Dec2024,As Expected,1,22,0.82,2.1,0.32,01Jan2023-31Dec2024,As Expected,1,11,0.88,3.92,0.03,01Jan2021-31Dec2023,Not Available,199,4,,,,01Jan2024-31Dec2024,As Expected,1,0,2.69,,As Expected,1,33,62.9,93.8,30.6,01Jul2025-30Sep2025,1,0,280,21,160,,280,16,117,,280,0,,,280,0,,,29,1,0,1,14,280,46,353,,280,50,371,,,,,,1,33,242,15,280,0,,
752593,17,Fresenius Kidney Care Reedley Home,01Jan2021-31Dec2024,,260,790 E MANNING AVE,,REEDLEY,CA,93654,Fresno,(559) 643-2275,Profit,Yes,Fresenius Medical Care,No,0,No,Yes,Yes,6/13/23,01Oct2024-30Sep2025,01Oct2024-30Sep2025,01Jan2021-31Dec2024,Not Available,199,16,,,,01Jan2024-31Dec2024,As Expected,1,10,29,366,3.2,01Jan2024-31Dec2024,Not Available,199,3,,,,01Jan2024-31Dec2024,Not Available,199,6,,,,01Jan2021-31Dec2023,Not Available,199,2,,,,As Expected,1,16,41.7,76.8,13.4,01Jan2024-31Dec2024,As Expected,1,10,1.07,2.88,0.4,01Jan2023-31Dec2024,Not Available,199,4,,,,01Jan2021-31Dec2023,Not Available,201,0,,,,01Jan2024-31Dec2024,Not Available,201,,,,Not Available,199,1,,,,01Jul2025-30Sep2025,201,,201,0,,,1,16,109,99,259,0,,,259,0,,,,199,,199,1,1,17,121,0,1,20,146,5,34,28,25,9,199,1,12,,259,0,,
752596,18,SANDERLING DIALYSIS OF CHULA VISTA,01Jan2021-31Dec2024,1,1,963 Lane Avenue,,CHULA VISTA,CA,91914,San Diego,(442) 232-5609,Profit,No,Independent,No,16,Yes,Yes,Yes,5/4/23,01Oct2024-30Sep2025,01Oct2024-30Sep2025,01Jan2021-31Dec2024,Not Available,199,24,,,,01Jan2024-31Dec2024,As Expected,1,20,129.3,336.8,55.9,01Jan2024-31Dec2024,As Expected,1,20,40.5,65.2,18.9,01Jan2024-31Dec2024,Not Available,199,8,,,,01Jan2021-31Dec2023,Not Available,201,0,,,,As Expected,1,29,20.3,57.4,4.6,01Jan2024-31Dec2024,As Expected,1,12,1.57,3.17,0.79,01Jan2023-31Dec2024,As Expected,1,11,0.6,2.79,0.02,01Jan2021-31Dec2023,Not Available,199,7,,,,01Jan2024-31Dec2024,Not Available,201,,,,As Expected,1,23,34,62.2,4.6,01Jul2025-30Sep2025,201,,1,22,181,65,199,6,48,,259,0,,,259,0,,,,199,,199,7,1,28,229,37,1,23,133,14,9,26,25,26,1,23,179,33,259,0,,
752601,18,AT HOME DIALYSIS LLC,01Jan2021-31Dec2024,,260,340 E COMMONWEALTH AVE,,FULLERTON,CA,92832,Orange,(657) 500-8147,Profit,No,Independent,No,0,No,No,Yes,12/18/23,01Oct2024-30Sep2025,01Oct2024-30Sep2025,01Jan2021-31Dec2024,Not Available,199,1,,,,01Jan2024-31Dec2024,Not Available,199,1,,,,01Jan2024-31Dec2024,Not Available,199,4,,,,01Jan2024-31Dec2024,Not Available,199,1,,,,01Jan2021-31Dec2023,Not Available,199,1,,,,Not Available,199,3,,,,01Jan2024-31Dec2024,Not Available,199,1,,,,01Jan2023-31Dec2024,Not Available,199,2,,,,01Jan2021-31Dec2023,Not Available,201,0,,,,01Jan2024-31Dec2024,Not Available,201,,,,Worse than Expected,1,15,0,0,0,01Jul2025-30Sep2025,201,,199,10,32,,257,0,,,259,0,,,259,0,,,,199,,199,7,1,19,58,83,201,0,0,,,,,,1,15,47,36,259,0,,
752602,18,DaVita Anaheim Buena Park Regional Dialysis Center,01Jan2021-31Dec2024,,260,"3356 W Ball Rd, #110",,Anaheim,CA,92804,Orange,(714) 226-0818,Profit,Yes,DaVita,No,21,Yes,No,No,6/19/24,01Oct2024-30Sep2025,01Oct2024-30Sep2025,01Jan2021-31Dec2024,Not Available,258,6,,,,01Jan2024-31Dec2024,Not Available,258,6,,,,01Jan2024-31Dec2024,Not Available,258,5,,,,01Jan2024-31Dec2024,Not Available,258,2,,,,01Jan2021-31Dec2023,Not Available,258,0,,,,As Expected,1,11,8.5,69.3,0.4,01Jan2024-31Dec2024,Not Available,258,2,,,,01Jan2023-31Dec2024,Not Available,258,1,,,,01Jan2021-31Dec2023,Not Available,258,0,,,,01Jan2024-31Dec2024,Not Available,258,,,,As Expected,1,17,69.9,100,31,01Jul2025-30Sep2025,199,,280,13,60,,280,0,,,280,0,,,280,0,,,,199,,199,6,280,16,103,,280,17,112,,,,,,1,17,121,18,280,0,,
752603,18,RANCHO DIALYSIS CENTER INC,01Jan2021-31Dec2024,,260,"7777 MILLIKEN AVE, SUITE 100",,RANCHO CUCAMONGA,CA,91730,San Bernardino,(909) 743-6618,Profit,No,Independent,No,25,Yes,No,No,6/21/24,01Oct2024-30Sep2025,01Oct2024-30Sep2025,01Jan2021-31Dec2024,Not Available,258,16,,,,01Jan2024-31Dec2024,Not Available,258,16,,,,01Jan2024-31Dec2024,Not Available,258,6,,,,01Jan2024-31Dec2024,Not Available,258,10,,,,01Jan2021-31Dec2023,Not Available,258,0,,,,As Expected,1,49,32.4,60.6,13,01Jan2024-31Dec2024,Not Available,258,11,,,,01Jan2023-31Dec2024,Not Available,258,3,,,,01Jan2021-31Dec2023,Not Available,258,1,,,,01Jan2024-31Dec2024,Not Available,258,,,,Worse than Expected,1,49,2.3,4.8,0,01Jul2025-30Sep2025,201,,1,39,284,72,199,5,38,,259,0,,,259,0,,,33,1,0,1,15,1,48,358,17,1,48,268,8,21,32,27,12,1,49,337,60,259,0,,
752606,18,FRESENIUS KIDNEY CARE VENTURA COAST,01Jan2021-31Dec2024,2,1,"2200 OUTLET CENTER DR., STE 420",,OXNARD,CA,93036,Ventura,(805) 718-7730,Profit,Yes,Fresenius Medical Care,No,8,Yes,Yes,Yes,5/13/24,01Oct2024-30Sep2025,01Oct2024-30Sep2025,01Jan2021-31Dec2024,Not Available,258,36,,,,01Jan2024-31Dec2024,As Expected,1,36,105.2,296,42.5,01Jan2024-31Dec2024,As Expected,1,19,44.1,87.4,15.7,01Jan2024-31Dec2024,Not Available,258,21,,,,01Jan2021-31Dec2023,Not Available,258,0,,,,Better than Expected,1,93,33.7,54.2,18,01Jan2024-31Dec2024,As Expected,1,29,0.97,2.33,0.41,01Jan2023-31Dec2024,Not Available,258,10,,,,01Jan2021-31Dec2023,Not Available,258,0,,,,01Jan2024-31Dec2024,Not Available,258,,,,As Expected,1,34,53.2,83.5,21.6,01Jul2025-30Sep2025,201,,199,4,22,,1,52,404,94,259,0,,,259,0,,,0,1,0,1,20,1,76,611,1,1,90,665,6,23,30,28,13,1,34,216,25,259,0,,
752608,17,INNOVATIVE RENAL CARE JACKSON,01Jan2021-31Dec2024,,260,12030 INDUSTRY BLVD,,JACKSON,CA,95642,Amador,(209) 273-3060,Profit,Yes,Innovative Dialysis Systems,No,11,Yes,Yes,Yes,10/23/24,01Oct2024-30Sep2025,01Oct2024-30Sep2025,01Jan2021-31Dec2024,Not Available,258,6,,,,01Jan2024-31Dec2024,Not Available,258,6,,,,01Jan2024-31Dec2024,Not Available,258,2,,,,01Jan2024-31Dec2024,Not Available,258,1,,,,01Jan2021-31Dec2023,Not Available,258,0,,,,As Expected,1,19,20.5,71.4,2.6,01Jan2024-31Dec2024,Not Available,258,5,,,,01Jan2023-31Dec2024,Not Available,258,2,,,,01Jan2021-31Dec2023,Not Available,258,0,,,,01Jan2024-31Dec2024,Not Available,258,,,,As Expected,1,29,49.9,81.7,16.9,01Jul2025-30Sep2025,258,,1,24,122,98,258,1,11,,259,0,,,259,0,,,8,1,0,1,13,1,26,146,2,1,29,166,7,23,39,23,7,1,29,158,20,259,0,,
752611,17,USRC Los Banos Home,01Jan2021-31Dec2024,,260,"1451 West Pacheco Blvd., Suite G",,Los Banos,CA,93635,Merced,(209) 774-4211,Profit,Yes,"US Renal Care, Inc.",No,1,No,Yes,Yes,5/1/24,01Oct2024-30Sep2025,01Oct2024-30Sep2025,01Jan2021-31Dec2024,Not Available,258,2,,,,01Jan2024-31Dec2024,Not Available,258,2,,,,01Jan2024-31Dec2024,Not Available,258,0,,,,01Jan2024-31Dec2024,Not Available,258,2,,,,01Jan2021-31Dec2023,Not Available,258,0,,,,Not Available,199,6,,,,01Jan2024-31Dec2024,Not Available,258,2,,,,01Jan2023-31Dec2024,Not Available,258,0,,,,01Jan2021-31Dec2023,Not Available,258,0,,,,01Jan2024-31Dec2024,Not Available,258,,,,Not Available,201,0,,,,01Jul2025-30Sep2025,199,,201,0,,,199,5,26,,259,0,,,259,0,,,,199,,199,2,199,5,26,,199,7,31,,,,,,201,0,,,259,0,,
752612,17,DaVita SUNFLOWER HOME TRAINING,01Jan2021-31Dec2024,,260,4670 CENTRAL WAY STE D,,FAIRFIELD,CA,94534,Solano,(707) 470-8090,Profit,Yes,DaVita,No,1,No,Yes,Yes,11/6/24,01Oct2024-30Sep2025,01Oct2024-30Sep2025,01Jan2021-31Dec2024,Not Available,258,0,,,,01Jan2024-31Dec2024,Not Available,258,0,,,,01Jan2024-31Dec2024,Not Available,258,0,,,,01Jan2024-31Dec2024,Not Available,258,0,,,,01Jan2021-31Dec2023,Not Available,258,0,,,,Better than Expected,1,99,46.2,64.7,28.6,01Jan2024-31Dec2024,Not Available,258,0,,,,01Jan2023-31Dec2024,Not Available,258,0,,,,01Jan2021-31Dec2023,Not Available,258,0,,,,01Jan2024-31Dec2024,Not Available,258,,,,As Expected,1,14,26.6,61.3,0,01Jul2025-30Sep2025,258,,258,4,12,,1,110,617,66,259,0,,,259,0,,,21,1,0,1,24,1,123,674,34,1,78,404,10,23,24,24,19,1,14,56,32,259,0,,
752613,18,FKC COLTON HOME,01Jan2021-31Dec2024,,258,"952 S MOUNT VERNON AVE., STE C",,COLTON,CA,92324,San Bernardino,(909) 804-3138,Profit,Yes,Fresenius Medical Care,No,0,No,Yes,Yes,5/7/25,01Oct2024-30Sep2025,01Oct2024-30Sep2025,01Jan2021-31Dec2024,Not Available,258,0,,,,01Jan2024-31Dec2024,Not Available,258,0,,,,01Jan2024-31Dec2024,Not Available,258,0,,,,01Jan2024-31Dec2024,Not Available,258,0,,,,01Jan2021-31Dec2023,Not Available,258,0,,,,As Expected,1,12,31.2,80.3,4.8,01Jan2024-31Dec2024,Not Available,258,0,,,,01Jan2023-31Dec2024,Not Available,258,0,,,,01Jan2021-31Dec2023,Not Available,258,0,,,,01Jan2024-31Dec2024,Not Available,258,,,,Not Available,258,5,,,,01Jul2025-30Sep2025,258,,258,0,,,258,5,7,,259,0,,,259,0,,,,258,,258,0,258,7,10,,1,11,24,0,29,25,33,13,258,5,11,,259,0,,
752616,17,SATELLITE HEALTHCARE MANTECA,01Jan2021-31Dec2024,,258,2077 W. YOSEMITE AVE,,MANTECA,CA,95337,San Joaquin,(209) 926-2006,Profit,Yes,"US Renal Care, Inc.",No,19,Yes,Yes,Yes,3/28/25,01Oct2024-30Sep2025,01Oct2024-30Sep2025,01Jan2021-31Dec2024,Not Available,258,0,,,,01Jan2024-31Dec2024,Not Available,258,0,,,,01Jan2024-31Dec2024,Not Available,258,0,,,,01Jan2024-31Dec2024,Not Available,258,0,,,,01Jan2021-31Dec2023,Not Available,258,0,,,,As Expected,1,17,34.4,80.7,6.1,01Jan2024-31Dec2024,Not Available,258,0,,,,01Jan2023-31Dec2024,Not Available,258,0,,,,01Jan2021-31Dec2023,Not Available,258,0,,,,01Jan2024-31Dec2024,Not Available,258,,,,As Expected,1,18,65.3,95.1,34.2,01Jul2025-30Sep2025,258,,1,14,40,100,258,1,7,,259,0,,,259,0,,,,258,,258,4,1,16,52,0,1,19,59,5,3,34,41,17,1,18,51,8,259,0,,
752617,18,iKidney Dialysis,01Jan2021-31Dec2024,,258,"4660 EL CAJON BLVD., SUITE 110",,SAN DIEGO,CA,92115,San Diego,(858) 417-0157,Profit,No,Independent,No,12,Yes,No,No,5/21/25,01Oct2024-30Sep2025,01Oct2024-30Sep2025,01Jan2021-31Dec2024,Not Available,258,0,,,,01Jan2024-31Dec2024,Not Available,258,0,,,,01Jan2024-31Dec2024,Not Available,258,0,,,,01Jan2024-31Dec2024,Not Available,258,0,,,,01Jan2021-31Dec2023,Not Available,258,0,,,,Not Available,258,5,,,,01Jan2024-31Dec2024,Not Available,258,0,,,,01Jan2023-31Dec2024,Not Available,258,0,,,,01Jan2021-31Dec2023,Not Available,258,0,,,,01Jan2024-31Dec2024,Not Available,258,,,,Not Available,258,7,,,,01Jul2025-30Sep2025,258,,258,6,21,,257,0,,,259,0,,,259,0,,,,258,,258,0,258,6,21,,258,7,13,,,,,,258,7,24,,259,0,,
752618,18,DaVita Rialto Home Training,01Jan2021-31Dec2024,,258,1275 W. FOOTHILL BLVD. UNIT 1,,RIALTO,CA,92376,San Bernardino,(909) 961-1130,Profit,Yes,DaVita,No,1,No,Yes,Yes,5/5/25,01Oct2024-30Sep2025,01Oct2024-30Sep2025,01Jan2021-31Dec2024,Not Available,258,0,,,,01Jan2024-31Dec2024,Not Available,258,0,,,,01Jan2024-31Dec2024,Not Available,258,0,,,,01Jan2024-31Dec2024,Not Available,258,0,,,,01Jan2021-31Dec2023,Not Available,258,0,,,,Not Available,258,0,,,,01Jan2024-31Dec2024,Not Available,258,0,,,,01Jan2023-31Dec2024,Not Available,258,0,,,,01Jan2021-31Dec2023,Not Available,258,0,,,,01Jan2024-31Dec2024,Not Available,258,,,,Not Available,258,0,,,,01Jul2025-30Sep2025,258,,258,0,,,258,0,,,259,0,,,259,0,,,,258,,258,0,258,0,,,258,0,,,,,,,258,0,,,259,0,,
752619,18,DAVITA ANTELOPE VALLEY HOME TRAINING,01Jan2021-31Dec2024,,258,"44151 15TH ST., STE. 215",,LANCASTER,CA,93534,Los Angeles,(661) 743-0001,Profit,Yes,DaVita,No,5,No,Yes,Yes,2/18/25,01Oct2024-30Sep2025,01Oct2024-30Sep2025,01Jan2021-31Dec2024,Not Available,258,0,,,,01Jan2024-31Dec2024,Not Available,258,0,,,,01Jan2024-31Dec2024,Not Available,258,0,,,,01Jan2024-31Dec2024,Not Available,258,0,,,,01Jan2021-31Dec2023,Not Available,258,0,,,,Not Available,258,0,,,,01Jan2024-31Dec2024,Not Available,258,0,,,,01Jan2023-31Dec2024,Not Available,258,0,,,,01Jan2021-31Dec2023,Not Available,258,0,,,,01Jan2024-31Dec2024,Not Available,258,,,,Not Available,258,0,,,,01Jul2025-30Sep2025,258,,258,0,,,258,0,,,259,0,,,259,0,,,,258,,258,0,258,0,,,258,0,,,,,,,258,0,,,259,0,,